BAJT [0 ]: Kod 0
BAJT [1 ]: Kod 1
BAJT [2 ]: Kod 2
BAJT [3 ]: Kod 3
BAJT [4 ]: Kod 4
BAJT [5 ]: Kod 5
BAJT [6 ]: Kod 6
BAJT [7 ]: Kod 7
BAJT [8 ]: Kod 8
BAJT [9 ]: Kod 9
BAJT [10 ]: Kod 10
BAJT [10 75 ]: Kod 288
BAJT [10 75 111 ]: Kod 306
BAJT [10 75 111 109 ]: Kod 348
BAJT [10 75 111 109 112 ]: Kod 370
BAJT [10 75 111 109 112 114 ]: Kod 419
BAJT [10 75 111 109 112 114 101 ]: Kod 462
BAJT [10 75 111 109 112 114 101 115 ]: Kod 479
BAJT [10 75 111 109 112 114 101 115 105 ]: Kod 514
BAJT [10 75 111 109 112 114 101 115 105 106 ]: Kod 580
BAJT [10 75 111 109 112 114 101 115 105 106 97 ]: Kod 588
BAJT [10 75 111 109 112 114 101 115 105 106 97 32 ]: Kod 639
BAJT [10 75 111 109 112 114 101 115 105 106 97 32 105 ]: Kod 693
BAJT [10 75 111 109 112 114 101 115 105 106 97 32 105 32 ]: Kod 707
BAJT [10 75 111 109 112 114 101 115 105 106 97 32 105 32 122 ]: Kod 726
BAJT [10 75 111 109 112 114 101 115 105 106 97 32 105 32 122 97 ]: Kod 788
BAJT [10 75 111 109 112 114 101 115 105 106 97 32 105 32 122 97 115 ]: Kod 820
BAJT [10 75 111 109 112 114 101 115 105 106 97 32 105 32 122 97 115 116 ]: Kod 850
BAJT [10 75 111 109 112 114 101 115 105 106 97 32 105 32 122 97 115 116 105 ]: Kod 918
BAJT [10 75 111 109 112 114 101 115 105 106 97 32 105 32 122 97 115 116 105 116 ]: Kod 935
BAJT [10 75 111 109 112 114 101 115 105 106 97 32 105 32 122 97 115 116 105 116 97 ]: Kod 946
BAJT [10 75 111 109 112 114 101 115 105 106 97 32 105 32 122 97 115 116 105 116 97 32 ]: Kod 990
BAJT [10 75 111 109 112 114 101 115 105 106 97 32 105 32 122 97 115 116 105 116 97 32 112 ]: Kod 1040
BAJT [10 75 111 109 112 114 101 115 105 106 97 32 105 32 122 97 115 116 105 116 97 32 112 111 ]: Kod 1070
BAJT [10 75 111 109 112 114 101 115 105 106 97 32 105 32 122 97 115 116 105 116 97 32 112 111 100 ]: Kod 1127
BAJT [10 75 111 109 112 114 101 115 105 106 97 32 105 32 122 97 115 116 105 116 97 32 112 111 100 97 ]: Kod 1140
BAJT [10 75 111 109 112 114 101 115 105 106 97 32 105 32 122 97 115 116 105 116 97 32 112 111 100 97 116 ]: Kod 1178
BAJT [10 75 111 109 112 114 101 115 105 106 97 32 105 32 122 97 115 116 105 116 97 32 112 111 100 97 116 97 ]: Kod 1222
BAJT [10 75 111 109 112 114 101 115 105 106 97 32 105 32 122 97 115 116 105 116 97 32 112 111 100 97 116 97 107 ]: Kod 1252
BAJT [10 75 111 109 112 114 101 115 105 106 97 32 105 32 122 97 115 116 105 116 97 32 112 111 100 97 116 97 107 97 ]: Kod 1282
BAJT [10 75 111 109 112 114 101 115 105 106 97 32 105 32 122 97 115 116 105 116 97 32 112 111 100 97 116 97 107 97 32 ]: Kod 1334
BAJT [10 75 111 109 112 114 101 115 105 106 97 32 105 32 122 97 115 116 105 116 97 32 112 111 100 97 116 97 107 97 32 50 ]: Kod 1340
BAJT [10 75 111 109 112 114 101 115 105 106 97 32 105 32 122 97 115 116 105 116 97 32 112 111 100 97 116 97 107 97 32 50 48 ]: Kod 1396
BAJT [10 75 111 109 112 114 101 115 105 106 97 32 105 32 122 97 115 116 105 116 97 32 112 111 100 97 116 97 107 97 32 50 48 50 ]: Kod 1430
BAJT [10 75 111 109 112 114 101 115 105 106 97 32 105 32 122 97 115 116 105 116 97 32 112 111 100 97 116 97 107 97 32 50 48 50 54 ]: Kod 1460
BAJT [10 75 111 109 112 114 101 115 105 106 97 32 105 32 122 97 115 116 105 116 97 32 112 111 100 97 116 97 107 97 32 50 48 50 54 46 ]: Kod 1478
BAJT [10 75 111 109 112 114 101 115 105 106 97 32 105 32 122 97 115 116 105 116 97 32 112 111 100 97 116 97 107 97 32 50 48 50 54 46 10 ]: Kod 1580
BAJT [10 75 111 109 112 114 101 115 105 106 97 32 105 32 122 97 115 116 105 116 97 32 112 111 100 97 116 97 107 97 32 50 48 50 54 46 10 75 ]: Kod 1581
BAJT [10 75 111 109 112 114 101 115 105 106 97 32 105 32 122 97 115 116 105 116 97 32 112 111 100 97 116 97 107 97 32 50 48 50 54 46 10 75 111 ]: Kod 1600
BAJT [10 75 111 109 112 114 101 115 105 106 97 32 105 32 122 97 115 116 105 116 97 32 112 111 100 97 116 97 107 97 32 50 48 50 54 46 10 75 111 109 ]: Kod 1644
BAJT [10 75 111 109 112 114 101 115 105 106 97 32 105 32 122 97 115 116 105 116 97 32 112 111 100 97 116 97 107 97 32 50 48 50 54 46 10 75 111 109 112 ]: Kod 1666
BAJT [10 75 111 109 112 114 101 115 105 106 97 32 105 32 122 97 115 116 105 116 97 32 112 111 100 97 116 97 107 97 32 50 48 50 54 46 10 75 111 109 112 114 ]: Kod 1715
BAJT [10 75 111 109 112 114 101 115 105 106 97 32 105 32 122 97 115 116 105 116 97 32 112 111 100 97 116 97 107 97 32 50 48 50 54 46 10 75 111 109 112 114 101 ]: Kod 1758
BAJT [10 75 111 109 112 114 101 115 105 106 97 32 105 32 122 97 115 116 105 116 97 32 112 111 100 97 116 97 107 97 32 50 48 50 54 46 10 75 111 109 112 114 101 115 ]: Kod 1775
BAJT [10 75 111 109 112 114 101 115 105 106 97 32 105 32 122 97 115 116 105 116 97 32 112 111 100 97 116 97 107 97 32 50 48 50 54 46 10 75 111 109 112 114 101 115 105 ]: Kod 1810
BAJT [10 75 111 109 112 114 101 115 105 106 97 32 105 32 122 97 115 116 105 116 97 32 112 111 100 97 116 97 107 97 32 50 48 50 54 46 10 75 111 109 112 114 101 115 105 106 ]: Kod 1876
BAJT [10 75 111 109 112 114 101 115 105 106 97 32 105 32 122 97 115 116 105 116 97 32 112 111 100 97 116 97 107 97 32 50 48 50 54 46 10 75 111 109 112 114 101 115 105 106 97 ]: Kod 1884
BAJT [10 75 111 109 112 114 101 115 105 106 97 32 105 32 122 97 115 116 105 116 97 32 112 111 100 97 116 97 107 97 32 50 48 50 54 46 10 75 111 109 112 114 101 115 105 106 97 32 ]: Kod 1935
BAJT [10 75 111 109 112 114 101 115 105 106 97 32 105 32 122 97 115 116 105 116 97 32 112 111 100 97 116 97 107 97 32 50 48 50 54 46 10 75 111 109 112 114 101 115 105 106 97 32 105 ]: Kod 1989
BAJT [10 75 111 109 112 114 101 115 105 106 97 32 105 32 122 97 115 116 105 116 97 32 112 111 100 97 116 97 107 97 32 50 48 50 54 46 10 75 111 109 112 114 101 115 105 106 97 32 105 32 ]: Kod 2003
BAJT [10 75 111 109 112 114 101 115 105 106 97 32 105 32 122 97 115 116 105 116 97 32 112 111 100 97 116 97 107 97 32 50 48 50 54 46 10 75 111 109 112 114 101 115 105 106 97 32 105 32 122 ]: Kod 2022
BAJT [10 75 111 109 112 114 101 115 105 106 97 32 105 32 122 97 115 116 105 116 97 32 112 111 100 97 116 97 107 97 32 50 48 50 54 46 10 75 111 109 112 114 101 115 105 106 97 32 105 32 122 97 ]: Kod 2084
BAJT [10 75 111 109 112 114 101 115 105 106 97 32 105 32 122 97 115 116 105 116 97 32 112 111 100 97 116 97 107 97 32 50 48 50 54 46 10 75 111 109 112 114 101 115 105 106 97 32 105 32 122 97 115 ]: Kod 2116
BAJT [10 75 111 109 112 114 101 115 105 106 97 32 105 32 122 97 115 116 105 116 97 32 112 111 100 97 116 97 107 97 32 50 48 50 54 46 10 75 111 109 112 114 101 115 105 106 97 32 105 32 122 97 115 116 ]: Kod 2146
BAJT [10 75 111 109 112 114 101 115 105 106 97 32 105 32 122 97 115 116 105 116 97 32 112 111 100 97 116 97 107 97 32 50 48 50 54 46 10 75 111 109 112 114 101 115 105 106 97 32 105 32 122 97 115 116 105 ]: Kod 2214
BAJT [10 75 111 109 112 114 101 115 105 106 97 32 105 32 122 97 115 116 105 116 97 32 112 111 100 97 116 97 107 97 32 50 48 50 54 46 10 75 111 109 112 114 101 115 105 106 97 32 105 32 122 97 115 116 105 116 ]: Kod 2231
BAJT [10 75 111 109 112 114 101 115 105 106 97 32 105 32 122 97 115 116 105 116 97 32 112 111 100 97 116 97 107 97 32 50 48 50 54 46 10 75 111 109 112 114 101 115 105 106 97 32 105 32 122 97 115 116 105 116 97 ]: Kod 2242
BAJT [10 75 111 109 112 114 101 115 105 106 97 32 105 32 122 97 115 116 105 116 97 32 112 111 100 97 116 97 107 97 32 50 48 50 54 46 10 75 111 109 112 114 101 115 105 106 97 32 105 32 122 97 115 116 105 116 97 32 ]: Kod 2286
BAJT [10 75 111 109 112 114 101 115 105 106 97 32 105 32 122 97 115 116 105 116 97 32 112 111 100 97 116 97 107 97 32 50 48 50 54 46 10 75 111 109 112 114 101 115 105 106 97 32 105 32 122 97 115 116 105 116 97 32 112 ]: Kod 2336
BAJT [10 75 111 109 112 114 101 115 105 106 97 32 105 32 122 97 115 116 105 116 97 32 112 111 100 97 116 97 107 97 32 50 48 50 54 46 10 75 111 109 112 114 101 115 105 106 97 32 105 32 122 97 115 116 105 116 97 32 112 111 ]: Kod 2366
BAJT [10 75 111 109 112 114 101 115 105 106 97 32 105 32 122 97 115 116 105 116 97 32 112 111 100 97 116 97 107 97 32 50 48 50 54 46 10 75 111 109 112 114 101 115 105 106 97 32 105 32 122 97 115 116 105 116 97 32 112 111 100 ]: Kod 2423
BAJT [10 75 111 109 112 114 101 115 105 106 97 32 105 32 122 97 115 116 105 116 97 32 112 111 100 97 116 97 107 97 32 50 48 50 54 46 10 75 111 109 112 114 101 115 105 106 97 32 105 32 122 97 115 116 105 116 97 32 112 111 100 97 ]: Kod 2436
BAJT [10 75 111 109 112 114 101 115 105 106 97 32 105 32 122 97 115 116 105 116 97 32 112 111 100 97 116 97 107 97 32 50 48 50 54 46 10 75 111 109 112 114 101 115 105 106 97 32 105 32 122 97 115 116 105 116 97 32 112 111 100 97 116 ]: Kod 2474
BAJT [10 75 111 109 112 114 101 115 105 106 97 32 105 32 122 97 115 116 105 116 97 32 112 111 100 97 116 97 107 97 32 50 48 50 54 46 10 75 111 109 112 114 101 115 105 106 97 32 105 32 122 97 115 116 105 116 97 32 112 111 100 97 116 97 ]: Kod 2518
BAJT [10 75 111 109 112 114 101 115 105 106 97 32 105 32 122 97 115 116 105 116 97 32 112 111 100 97 116 97 107 97 32 50 48 50 54 46 10 75 111 109 112 114 101 115 105 106 97 32 105 32 122 97 115 116 105 116 97 32 112 111 100 97 116 97 107 ]: Kod 2548
BAJT [10 75 111 109 112 114 101 115 105 106 97 32 105 32 122 97 115 116 105 116 97 32 112 111 100 97 116 97 107 97 32 50 48 50 54 46 10 75 111 109 112 114 101 115 105 106 97 32 105 32 122 97 115 116 105 116 97 32 112 111 100 97 116 97 107 97 ]: Kod 2578
BAJT [10 75 111 109 112 114 101 115 105 106 97 32 105 32 122 97 115 116 105 116 97 32 112 111 100 97 116 97 107 97 32 50 48 50 54 46 10 75 111 109 112 114 101 115 105 106 97 32 105 32 122 97 115 116 105 116 97 32 112 111 100 97 116 97 107 97 32 ]: Kod 2630
BAJT [10 75 111 109 112 114 101 115 105 106 97 32 105 32 122 97 115 116 105 116 97 32 112 111 100 97 116 97 107 97 32 50 48 50 54 46 10 75 111 109 112 114 101 115 105 106 97 32 105 32 122 97 115 116 105 116 97 32 112 111 100 97 116 97 107 97 32 50 ]: Kod 2636
BAJT [10 75 111 109 112 114 101 115 105 106 97 32 105 32 122 97 115 116 105 116 97 32 112 111 100 97 116 97 107 97 32 50 48 50 54 46 10 75 111 109 112 114 101 115 105 106 97 32 105 32 122 97 115 116 105 116 97 32 112 111 100 97 116 97 107 97 32 50 48 ]: Kod 2692
BAJT [10 75 111 109 112 114 101 115 105 106 97 32 105 32 122 97 115 116 105 116 97 32 112 111 100 97 116 97 107 97 32 50 48 50 54 46 10 75 111 109 112 114 101 115 105 106 97 32 105 32 122 97 115 116 105 116 97 32 112 111 100 97 116 97 107 97 32 50 48 50 ]: Kod 2726
BAJT [10 75 111 109 112 114 101 115 105 106 97 32 105 32 122 97 115 116 105 116 97 32 112 111 100 97 116 97 107 97 32 50 48 50 54 46 10 75 111 109 112 114 101 115 105 106 97 32 105 32 122 97 115 116 105 116 97 32 112 111 100 97 116 97 107 97 32 50 48 50 54 ]: Kod 2756
BAJT [10 75 111 109 112 114 101 115 105 106 97 32 105 32 122 97 115 116 105 116 97 32 112 111 100 97 116 97 107 97 32 50 48 50 54 46 10 75 111 109 112 114 101 115 105 106 97 32 105 32 122 97 115 116 105 116 97 32 112 111 100 97 116 97 107 97 32 50 48 50 54 46 ]: Kod 2774
BAJT [10 75 111 109 112 114 101 115 105 106 97 32 105 32 122 97 115 116 105 116 97 32 112 111 100 97 116 97 107 97 32 50 48 50 54 46 10 75 111 109 112 114 101 115 105 106 97 32 105 32 122 97 115 116 105 116 97 32 112 111 100 97 116 97 107 97 32 50 48 50 54 46 10 ]: Kod 2876
BAJT [10 75 111 109 112 114 101 115 105 106 97 32 105 32 122 97 115 116 105 116 97 32 112 111 100 97 116 97 107 97 32 50 48 50 54 46 10 75 111 109 112 114 101 115 105 106 97 32 105 32 122 97 115 116 105 116 97 32 112 111 100 97 116 97 107 97 32 50 48 50 54 46 10 75 ]: Kod 2877
BAJT [10 75 111 109 112 114 101 115 105 106 97 32 105 32 122 97 115 116 105 116 97 32 112 111 100 97 116 97 107 97 32 50 48 50 54 46 10 75 111 109 112 114 101 115 105 106 97 32 105 32 122 97 115 116 105 116 97 32 112 111 100 97 116 97 107 97 32 50 48 50 54 46 10 75 111 ]: Kod 2896
BAJT [10 75 111 109 112 114 101 115 105 106 97 32 105 32 122 97 115 116 105 116 97 32 112 111 100 97 116 97 107 97 32 50 48 50 54 46 10 75 111 109 112 114 101 115 105 106 97 32 105 32 122 97 115 116 105 116 97 32 112 111 100 97 116 97 107 97 32 50 48 50 54 46 10 75 111 109 ]: Kod 2940
BAJT [10 75 111 109 112 114 101 115 105 106 97 32 105 32 122 97 115 116 105 116 97 32 112 111 100 97 116 97 107 97 32 50 48 50 54 46 10 75 111 109 112 114 101 115 105 106 97 32 105 32 122 97 115 116 105 116 97 32 112 111 100 97 116 97 107 97 32 50 48 50 54 46 10 75 111 109 112 ]: Kod 2962
BAJT [10 75 111 109 112 114 101 115 105 106 97 32 105 32 122 97 115 116 105 116 97 32 112 111 100 97 116 97 107 97 32 50 48 50 54 46 10 75 111 109 112 114 101 115 105 106 97 32 105 32 122 97 115 116 105 116 97 32 112 111 100 97 116 97 107 97 32 50 48 50 54 46 10 75 111 109 112 114 ]: Kod 3011
BAJT [10 75 111 109 112 114 101 115 105 106 97 32 105 32 122 97 115 116 105 116 97 32 112 111 100 97 116 97 107 97 32 50 48 50 54 46 10 75 111 109 112 114 101 115 105 106 97 32 105 32 122 97 115 116 105 116 97 32 112 111 100 97 116 97 107 97 32 50 48 50 54 46 10 75 111 109 112 114 101 ]: Kod 3054
BAJT [10 75 111 109 112 114 101 115 105 106 97 32 105 32 122 97 115 116 105 116 97 32 112 111 100 97 116 97 107 97 32 50 48 50 54 46 10 75 111 109 112 114 101 115 105 106 97 32 105 32 122 97 115 116 105 116 97 32 112 111 100 97 116 97 107 97 32 50 48 50 54 46 10 75 111 109 112 114 101 115 ]: Kod 3071
BAJT [10 75 111 109 112 114 101 115 105 106 97 32 105 32 122 97 115 116 105 116 97 32 112 111 100 97 116 97 107 97 32 50 48 50 54 46 10 75 111 109 112 114 101 115 105 106 97 32 105 32 122 97 115 116 105 116 97 32 112 111 100 97 116 97 107 97 32 50 48 50 54 46 10 75 111 109 112 114 101 115 105 ]: Kod 3106
BAJT [10 75 111 109 112 114 101 115 105 106 97 32 105 32 122 97 115 116 105 116 97 32 112 111 100 97 116 97 107 97 32 50 48 50 54 46 10 75 111 109 112 114 101 115 105 106 97 32 105 32 122 97 115 116 105 116 97 32 112 111 100 97 116 97 107 97 32 50 48 50 54 46 10 75 111 109 112 114 101 115 105 106 ]: Kod 3172
BAJT [10 75 111 109 112 114 101 115 105 106 97 32 105 32 122 97 115 116 105 116 97 32 112 111 100 97 116 97 107 97 32 50 48 50 54 46 10 75 111 109 112 114 101 115 105 106 97 32 105 32 122 97 115 116 105 116 97 32 112 111 100 97 116 97 107 97 32 50 48 50 54 46 10 75 111 109 112 114 101 115 105 106 97 ]: Kod 3180
BAJT [10 75 111 109 112 114 101 115 105 106 97 32 105 32 122 97 115 116 105 116 97 32 112 111 100 97 116 97 107 97 32 50 48 50 54 46 10 75 111 109 112 114 101 115 105 106 97 32 105 32 122 97 115 116 105 116 97 32 112 111 100 97 116 97 107 97 32 50 48 50 54 46 10 75 111 109 112 114 101 115 105 106 97 32 ]: Kod 3231
BAJT [10 75 111 109 112 114 101 115 105 106 97 32 105 32 122 97 115 116 105 116 97 32 112 111 100 97 116 97 107 97 32 50 48 50 54 46 10 75 111 109 112 114 101 115 105 106 97 32 105 32 122 97 115 116 105 116 97 32 112 111 100 97 116 97 107 97 32 50 48 50 54 46 10 75 111 109 112 114 101 115 105 106 97 32 105 ]: Kod 3285
BAJT [10 75 111 109 112 114 101 115 105 106 97 32 105 32 122 97 115 116 105 116 97 32 112 111 100 97 116 97 107 97 32 50 48 50 54 46 10 75 111 109 112 114 101 115 105 106 97 32 105 32 122 97 115 116 105 116 97 32 112 111 100 97 116 97 107 97 32 50 48 50 54 46 10 75 111 109 112 114 101 115 105 106 97 32 105 32 ]: Kod 3299
BAJT [10 75 111 109 112 114 101 115 105 106 97 32 105 32 122 97 115 116 105 116 97 32 112 111 100 97 116 97 107 97 32 50 48 50 54 46 10 75 111 109 112 114 101 115 105 106 97 32 105 32 122 97 115 116 105 116 97 32 112 111 100 97 116 97 107 97 32 50 48 50 54 46 10 75 111 109 112 114 101 115 105 106 97 32 105 32 122 ]: Kod 3318
BAJT [10 75 111 109 112 114 101 115 105 106 97 32 105 32 122 97 115 116 105 116 97 32 112 111 100 97 116 97 107 97 32 50 48 50 54 46 10 75 111 109 112 114 101 115 105 106 97 32 105 32 122 97 115 116 105 116 97 32 112 111 100 97 116 97 107 97 32 50 48 50 54 46 10 75 111 109 112 114 101 115 105 106 97 32 105 32 122 97 ]: Kod 3380
BAJT [10 75 111 109 112 114 101 115 105 106 97 32 105 32 122 97 115 116 105 116 97 32 112 111 100 97 116 97 107 97 32 50 48 50 54 46 10 75 111 109 112 114 101 115 105 106 97 32 105 32 122 97 115 116 105 116 97 32 112 111 100 97 116 97 107 97 32 50 48 50 54 46 10 75 111 109 112 114 101 115 105 106 97 32 105 32 122 97 115 ]: Kod 3412
BAJT [10 75 111 109 112 114 101 115 105 106 97 32 105 32 122 97 115 116 105 116 97 32 112 111 100 97 116 97 107 97 32 50 48 50 54 46 10 75 111 109 112 114 101 115 105 106 97 32 105 32 122 97 115 116 105 116 97 32 112 111 100 97 116 97 107 97 32 50 48 50 54 46 10 75 111 109 112 114 101 115 105 106 97 32 105 32 122 97 115 116 ]: Kod 3442
BAJT [10 75 111 109 112 114 101 115 105 106 97 32 105 32 122 97 115 116 105 116 97 32 112 111 100 97 116 97 107 97 32 50 48 50 54 46 10 75 111 109 112 114 101 115 105 106 97 32 105 32 122 97 115 116 105 116 97 32 112 111 100 97 116 97 107 97 32 50 48 50 54 46 10 75 111 109 112 114 101 115 105 106 97 32 105 32 122 97 115 116 105 ]: Kod 3510
BAJT [10 75 111 109 112 114 101 115 105 106 97 32 105 32 122 97 115 116 105 116 97 32 112 111 100 97 116 97 107 97 32 50 48 50 54 46 10 75 111 109 112 114 101 115 105 106 97 32 105 32 122 97 115 116 105 116 97 32 112 111 100 97 116 97 107 97 32 50 48 50 54 46 10 75 111 109 112 114 101 115 105 106 97 32 105 32 122 97 115 116 105 116 ]: Kod 3527
BAJT [10 75 111 109 112 114 101 115 105 106 97 32 105 32 122 97 115 116 105 116 97 32 112 111 100 97 116 97 107 97 32 50 48 50 54 46 10 75 111 109 112 114 101 115 105 106 97 32 105 32 122 97 115 116 105 116 97 32 112 111 100 97 116 97 107 97 32 50 48 50 54 46 10 75 111 109 112 114 101 115 105 106 97 32 105 32 122 97 115 116 105 116 97 ]: Kod 3538
BAJT [10 75 111 109 112 114 101 115 105 106 97 32 105 32 122 97 115 116 105 116 97 32 112 111 100 97 116 97 107 97 32 50 48 50 54 46 10 75 111 109 112 114 101 115 105 106 97 32 105 32 122 97 115 116 105 116 97 32 112 111 100 97 116 97 107 97 32 50 48 50 54 46 10 75 111 109 112 114 101 115 105 106 97 32 105 32 122 97 115 116 105 116 97 32 ]: Kod 3582
BAJT [10 75 111 109 112 114 101 115 105 106 97 32 105 32 122 97 115 116 105 116 97 32 112 111 100 97 116 97 107 97 32 50 48 50 54 46 10 75 111 109 112 114 101 115 105 106 97 32 105 32 122 97 115 116 105 116 97 32 112 111 100 97 116 97 107 97 32 50 48 50 54 46 10 75 111 109 112 114 101 115 105 106 97 32 105 32 122 97 115 116 105 116 97 32 112 ]: Kod 3632
BAJT [10 75 111 109 112 114 101 115 105 106 97 32 105 32 122 97 115 116 105 116 97 32 112 111 100 97 116 97 107 97 32 50 48 50 54 46 10 75 111 109 112 114 101 115 105 106 97 32 105 32 122 97 115 116 105 116 97 32 112 111 100 97 116 97 107 97 32 50 48 50 54 46 10 75 111 109 112 114 101 115 105 106 97 32 105 32 122 97 115 116 105 116 97 32 112 111 ]: Kod 3662
BAJT [10 75 111 109 112 114 101 115 105 106 97 32 105 32 122 97 115 116 105 116 97 32 112 111 100 97 116 97 107 97 32 50 48 50 54 46 10 75 111 109 112 114 101 115 105 106 97 32 105 32 122 97 115 116 105 116 97 32 112 111 100 97 116 97 107 97 32 50 48 50 54 46 10 75 111 109 112 114 101 115 105 106 97 32 105 32 122 97 115 116 105 116 97 32 112 111 100 ]: Kod 3719
BAJT [10 75 111 109 112 114 101 115 105 106 97 32 105 32 122 97 115 116 105 116 97 32 112 111 100 97 116 97 107 97 32 50 48 50 54 46 10 75 111 109 112 114 101 115 105 106 97 32 105 32 122 97 115 116 105 116 97 32 112 111 100 97 116 97 107 97 32 50 48 50 54 46 10 75 111 109 112 114 101 115 105 106 97 32 105 32 122 97 115 116 105 116 97 32 112 111 100 97 ]: Kod 3732
BAJT [10 75 111 109 112 114 101 115 105 106 97 32 105 32 122 97 115 116 105 116 97 32 112 111 100 97 116 97 107 97 32 50 48 50 54 46 10 75 111 109 112 114 101 115 105 106 97 32 105 32 122 97 115 116 105 116 97 32 112 111 100 97 116 97 107 97 32 50 48 50 54 46 10 75 111 109 112 114 101 115 105 106 97 32 105 32 122 97 115 116 105 116 97 32 112 111 100 97 116 ]: Kod 3770
BAJT [10 75 111 109 112 114 101 115 105 106 97 32 105 32 122 97 115 116 105 116 97 32 112 111 100 97 116 97 107 97 32 50 48 50 54 46 10 75 111 109 112 114 101 115 105 106 97 32 105 32 122 97 115 116 105 116 97 32 112 111 100 97 116 97 107 97 32 50 48 50 54 46 10 75 111 109 112 114 101 115 105 106 97 32 105 32 122 97 115 116 105 116 97 32 112 111 100 97 116 97 ]: Kod 3814
BAJT [10 75 111 109 112 114 101 115 105 106 97 32 105 32 122 97 115 116 105 116 97 32 112 111 100 97 116 97 107 97 32 50 48 50 54 46 10 75 111 109 112 114 101 115 105 106 97 32 105 32 122 97 115 116 105 116 97 32 112 111 100 97 116 97 107 97 32 50 48 50 54 46 10 75 111 109 112 114 101 115 105 106 97 32 105 32 122 97 115 116 105 116 97 32 112 111 100 97 116 97 107 ]: Kod 3844
BAJT [10 75 111 109 112 114 101 115 105 106 97 32 105 32 122 97 115 116 105 116 97 32 112 111 100 97 116 97 107 97 32 50 48 50 54 46 10 75 111 109 112 114 101 115 105 106 97 32 105 32 122 97 115 116 105 116 97 32 112 111 100 97 116 97 107 97 32 50 48 50 54 46 10 75 111 109 112 114 101 115 105 106 97 32 105 32 122 97 115 116 105 116 97 32 112 111 100 97 116 97 107 97 ]: Kod 3874
BAJT [10 75 111 109 112 114 101 115 105 106 97 32 105 32 122 97 115 116 105 116 97 32 112 111 100 97 116 97 107 97 32 50 48 50 54 46 10 75 111 109 112 114 101 115 105 106 97 32 105 32 122 97 115 116 105 116 97 32 112 111 100 97 116 97 107 97 32 50 48 50 54 46 10 75 111 109 112 114 101 115 105 106 97 32 105 32 122 97 115 116 105 116 97 32 112 111 100 97 116 97 107 97 32 ]: Kod 3926
BAJT [10 75 111 109 112 114 101 115 105 106 97 32 105 32 122 97 115 116 105 116 97 32 112 111 100 97 116 97 107 97 32 50 48 50 54 46 10 75 111 109 112 114 101 115 105 106 97 32 105 32 122 97 115 116 105 116 97 32 112 111 100 97 116 97 107 97 32 50 48 50 54 46 10 75 111 109 112 114 101 115 105 106 97 32 105 32 122 97 115 116 105 116 97 32 112 111 100 97 116 97 107 97 32 50 ]: Kod 3932
BAJT [10 75 111 109 112 114 101 115 105 106 97 32 105 32 122 97 115 116 105 116 97 32 112 111 100 97 116 97 107 97 32 50 48 50 54 46 10 75 111 109 112 114 101 115 105 106 97 32 105 32 122 97 115 116 105 116 97 32 112 111 100 97 116 97 107 97 32 50 48 50 54 46 10 75 111 109 112 114 101 115 105 106 97 32 105 32 122 97 115 116 105 116 97 32 112 111 100 97 116 97 107 97 32 50 48 ]: Kod 3988
BAJT [10 75 111 109 112 114 101 115 105 106 97 32 105 32 122 97 115 116 105 116 97 32 112 111 100 97 116 97 107 97 32 50 48 50 54 46 10 75 111 109 112 114 101 115 105 106 97 32 105 32 122 97 115 116 105 116 97 32 112 111 100 97 116 97 107 97 32 50 48 50 54 46 10 75 111 109 112 114 101 115 105 106 97 32 105 32 122 97 115 116 105 116 97 32 112 111 100 97 116 97 107 97 32 50 48 50 ]: Kod 4022
BAJT [10 75 111 109 112 114 101 115 105 106 97 32 105 32 122 97 115 116 105 116 97 32 112 111 100 97 116 97 107 97 32 50 48 50 54 46 10 75 111 109 112 114 101 115 105 106 97 32 105 32 122 97 115 116 105 116 97 32 112 111 100 97 116 97 107 97 32 50 48 50 54 46 10 75 111 109 112 114 101 115 105 106 97 32 105 32 122 97 115 116 105 116 97 32 112 111 100 97 116 97 107 97 32 50 48 50 54 ]: Kod 4052
BAJT [10 75 111 109 112 114 101 115 105 106 97 32 105 32 122 97 115 116 105 116 97 32 112 111 100 97 116 97 107 97 32 50 48 50 54 46 10 75 111 109 112 114 101 115 105 106 97 32 105 32 122 97 115 116 105 116 97 32 112 111 100 97 116 97 107 97 32 50 48 50 54 46 10 75 111 109 112 114 101 115 105 106 97 32 105 32 122 97 115 116 105 116 97 32 112 111 100 97 116 97 107 97 32 50 48 50 54 46 ]: Kod 4070
BAJT [11 ]: Kod 11
BAJT [12 ]: Kod 12
BAJT [13 ]: Kod 13
BAJT [14 ]: Kod 14
BAJT [15 ]: Kod 15
BAJT [16 ]: Kod 16
BAJT [17 ]: Kod 17
BAJT [18 ]: Kod 18
BAJT [19 ]: Kod 19
BAJT [20 ]: Kod 20
BAJT [21 ]: Kod 21
BAJT [22 ]: Kod 22
BAJT [23 ]: Kod 23
BAJT [24 ]: Kod 24
BAJT [25 ]: Kod 25
BAJT [26 ]: Kod 26
BAJT [27 ]: Kod 27
BAJT [28 ]: Kod 28
BAJT [29 ]: Kod 29
BAJT [30 ]: Kod 30
BAJT [31 ]: Kod 31
BAJT [32 ]: Kod 32
BAJT [32 50 ]: Kod 321
BAJT [32 50 48 ]: Kod 358
BAJT [32 50 48 50 ]: Kod 395
BAJT [32 50 48 50 54 ]: Kod 403
BAJT [32 50 48 50 54 46 ]: Kod 467
BAJT [32 50 48 50 54 46 10 ]: Kod 478
BAJT [32 50 48 50 54 46 10 75 ]: Kod 540
BAJT [32 50 48 50 54 46 10 75 111 ]: Kod 548
BAJT [32 50 48 50 54 46 10 75 111 109 ]: Kod 556
BAJT [32 50 48 50 54 46 10 75 111 109 112 ]: Kod 645
BAJT [32 50 48 50 54 46 10 75 111 109 112 114 ]: Kod 669
BAJT [32 50 48 50 54 46 10 75 111 109 112 114 101 ]: Kod 712
BAJT [32 50 48 50 54 46 10 75 111 109 112 114 101 115 ]: Kod 741
BAJT [32 50 48 50 54 46 10 75 111 109 112 114 101 115 105 ]: Kod 790
BAJT [32 50 48 50 54 46 10 75 111 109 112 114 101 115 105 106 ]: Kod 815
BAJT [32 50 48 50 54 46 10 75 111 109 112 114 101 115 105 106 97 ]: Kod 856
BAJT [32 50 48 50 54 46 10 75 111 109 112 114 101 115 105 106 97 32 ]: Kod 898
BAJT [32 50 48 50 54 46 10 75 111 109 112 114 101 115 105 106 97 32 105 ]: Kod 900
BAJT [32 50 48 50 54 46 10 75 111 109 112 114 101 115 105 106 97 32 105 32 ]: Kod 969
BAJT [32 50 48 50 54 46 10 75 111 109 112 114 101 115 105 106 97 32 105 32 122 ]: Kod 1000
BAJT [32 50 48 50 54 46 10 75 111 109 112 114 101 115 105 106 97 32 105 32 122 97 ]: Kod 1043
BAJT [32 50 48 50 54 46 10 75 111 109 112 114 101 115 105 106 97 32 105 32 122 97 115 ]: Kod 1051
BAJT [32 50 48 50 54 46 10 75 111 109 112 114 101 115 105 106 97 32 105 32 122 97 115 116 ]: Kod 1100
BAJT [32 50 48 50 54 46 10 75 111 109 112 114 101 115 105 106 97 32 105 32 122 97 115 116 105 ]: Kod 1103
BAJT [32 50 48 50 54 46 10 75 111 109 112 114 101 115 105 106 97 32 105 32 122 97 115 116 105 116 ]: Kod 1168
BAJT [32 50 48 50 54 46 10 75 111 109 112 114 101 115 105 106 97 32 105 32 122 97 115 116 105 116 97 ]: Kod 1231
BAJT [32 50 48 50 54 46 10 75 111 109 112 114 101 115 105 106 97 32 105 32 122 97 115 116 105 116 97 32 ]: Kod 1244
BAJT [32 50 48 50 54 46 10 75 111 109 112 114 101 115 105 106 97 32 105 32 122 97 115 116 105 116 97 32 112 ]: Kod 1262
BAJT [32 50 48 50 54 46 10 75 111 109 112 114 101 115 105 106 97 32 105 32 122 97 115 116 105 116 97 32 112 111 ]: Kod 1335
BAJT [32 50 48 50 54 46 10 75 111 109 112 114 101 115 105 106 97 32 105 32 122 97 115 116 105 116 97 32 112 111 100 ]: Kod 1372
BAJT [32 50 48 50 54 46 10 75 111 109 112 114 101 115 105 106 97 32 105 32 122 97 115 116 105 116 97 32 112 111 100 97 ]: Kod 1389
BAJT [32 50 48 50 54 46 10 75 111 109 112 114 101 115 105 106 97 32 105 32 122 97 115 116 105 116 97 32 112 111 100 97 116 ]: Kod 1432
BAJT [32 50 48 50 54 46 10 75 111 109 112 114 101 115 105 106 97 32 105 32 122 97 115 116 105 116 97 32 112 111 100 97 116 97 ]: Kod 1463
BAJT [32 50 48 50 54 46 10 75 111 109 112 114 101 115 105 106 97 32 105 32 122 97 115 116 105 116 97 32 112 111 100 97 116 97 107 ]: Kod 1484
BAJT [32 50 48 50 54 46 10 75 111 109 112 114 101 115 105 106 97 32 105 32 122 97 115 116 105 116 97 32 112 111 100 97 116 97 107 97 ]: Kod 1568
BAJT [32 50 48 50 54 46 10 75 111 109 112 114 101 115 105 106 97 32 105 32 122 97 115 116 105 116 97 32 112 111 100 97 116 97 107 97 32 ]: Kod 1616
BAJT [32 50 48 50 54 46 10 75 111 109 112 114 101 115 105 106 97 32 105 32 122 97 115 116 105 116 97 32 112 111 100 97 116 97 107 97 32 50 ]: Kod 1617
BAJT [32 50 48 50 54 46 10 75 111 109 112 114 101 115 105 106 97 32 105 32 122 97 115 116 105 116 97 32 112 111 100 97 116 97 107 97 32 50 48 ]: Kod 1654
BAJT [32 50 48 50 54 46 10 75 111 109 112 114 101 115 105 106 97 32 105 32 122 97 115 116 105 116 97 32 112 111 100 97 116 97 107 97 32 50 48 50 ]: Kod 1691
BAJT [32 50 48 50 54 46 10 75 111 109 112 114 101 115 105 106 97 32 105 32 122 97 115 116 105 116 97 32 112 111 100 97 116 97 107 97 32 50 48 50 54 ]: Kod 1699
BAJT [32 50 48 50 54 46 10 75 111 109 112 114 101 115 105 106 97 32 105 32 122 97 115 116 105 116 97 32 112 111 100 97 116 97 107 97 32 50 48 50 54 46 ]: Kod 1763
BAJT [32 50 48 50 54 46 10 75 111 109 112 114 101 115 105 106 97 32 105 32 122 97 115 116 105 116 97 32 112 111 100 97 116 97 107 97 32 50 48 50 54 46 10 ]: Kod 1774
BAJT [32 50 48 50 54 46 10 75 111 109 112 114 101 115 105 106 97 32 105 32 122 97 115 116 105 116 97 32 112 111 100 97 116 97 107 97 32 50 48 50 54 46 10 75 ]: Kod 1836
BAJT [32 50 48 50 54 46 10 75 111 109 112 114 101 115 105 106 97 32 105 32 122 97 115 116 105 116 97 32 112 111 100 97 116 97 107 97 32 50 48 50 54 46 10 75 111 ]: Kod 1844
BAJT [32 50 48 50 54 46 10 75 111 109 112 114 101 115 105 106 97 32 105 32 122 97 115 116 105 116 97 32 112 111 100 97 116 97 107 97 32 50 48 50 54 46 10 75 111 109 ]: Kod 1852
BAJT [32 50 48 50 54 46 10 75 111 109 112 114 101 115 105 106 97 32 105 32 122 97 115 116 105 116 97 32 112 111 100 97 116 97 107 97 32 50 48 50 54 46 10 75 111 109 112 ]: Kod 1941
BAJT [32 50 48 50 54 46 10 75 111 109 112 114 101 115 105 106 97 32 105 32 122 97 115 116 105 116 97 32 112 111 100 97 116 97 107 97 32 50 48 50 54 46 10 75 111 109 112 114 ]: Kod 1965
BAJT [32 50 48 50 54 46 10 75 111 109 112 114 101 115 105 106 97 32 105 32 122 97 115 116 105 116 97 32 112 111 100 97 116 97 107 97 32 50 48 50 54 46 10 75 111 109 112 114 101 ]: Kod 2008
BAJT [32 50 48 50 54 46 10 75 111 109 112 114 101 115 105 106 97 32 105 32 122 97 115 116 105 116 97 32 112 111 100 97 116 97 107 97 32 50 48 50 54 46 10 75 111 109 112 114 101 115 ]: Kod 2037
BAJT [32 50 48 50 54 46 10 75 111 109 112 114 101 115 105 106 97 32 105 32 122 97 115 116 105 116 97 32 112 111 100 97 116 97 107 97 32 50 48 50 54 46 10 75 111 109 112 114 101 115 105 ]: Kod 2086
BAJT [32 50 48 50 54 46 10 75 111 109 112 114 101 115 105 106 97 32 105 32 122 97 115 116 105 116 97 32 112 111 100 97 116 97 107 97 32 50 48 50 54 46 10 75 111 109 112 114 101 115 105 106 ]: Kod 2111
BAJT [32 50 48 50 54 46 10 75 111 109 112 114 101 115 105 106 97 32 105 32 122 97 115 116 105 116 97 32 112 111 100 97 116 97 107 97 32 50 48 50 54 46 10 75 111 109 112 114 101 115 105 106 97 ]: Kod 2152
BAJT [32 50 48 50 54 46 10 75 111 109 112 114 101 115 105 106 97 32 105 32 122 97 115 116 105 116 97 32 112 111 100 97 116 97 107 97 32 50 48 50 54 46 10 75 111 109 112 114 101 115 105 106 97 32 ]: Kod 2194
BAJT [32 50 48 50 54 46 10 75 111 109 112 114 101 115 105 106 97 32 105 32 122 97 115 116 105 116 97 32 112 111 100 97 116 97 107 97 32 50 48 50 54 46 10 75 111 109 112 114 101 115 105 106 97 32 105 ]: Kod 2196
BAJT [32 50 48 50 54 46 10 75 111 109 112 114 101 115 105 106 97 32 105 32 122 97 115 116 105 116 97 32 112 111 100 97 116 97 107 97 32 50 48 50 54 46 10 75 111 109 112 114 101 115 105 106 97 32 105 32 ]: Kod 2265
BAJT [32 50 48 50 54 46 10 75 111 109 112 114 101 115 105 106 97 32 105 32 122 97 115 116 105 116 97 32 112 111 100 97 116 97 107 97 32 50 48 50 54 46 10 75 111 109 112 114 101 115 105 106 97 32 105 32 122 ]: Kod 2296
BAJT [32 50 48 50 54 46 10 75 111 109 112 114 101 115 105 106 97 32 105 32 122 97 115 116 105 116 97 32 112 111 100 97 116 97 107 97 32 50 48 50 54 46 10 75 111 109 112 114 101 115 105 106 97 32 105 32 122 97 ]: Kod 2339
BAJT [32 50 48 50 54 46 10 75 111 109 112 114 101 115 105 106 97 32 105 32 122 97 115 116 105 116 97 32 112 111 100 97 116 97 107 97 32 50 48 50 54 46 10 75 111 109 112 114 101 115 105 106 97 32 105 32 122 97 115 ]: Kod 2347
BAJT [32 50 48 50 54 46 10 75 111 109 112 114 101 115 105 106 97 32 105 32 122 97 115 116 105 116 97 32 112 111 100 97 116 97 107 97 32 50 48 50 54 46 10 75 111 109 112 114 101 115 105 106 97 32 105 32 122 97 115 116 ]: Kod 2396
BAJT [32 50 48 50 54 46 10 75 111 109 112 114 101 115 105 106 97 32 105 32 122 97 115 116 105 116 97 32 112 111 100 97 116 97 107 97 32 50 48 50 54 46 10 75 111 109 112 114 101 115 105 106 97 32 105 32 122 97 115 116 105 ]: Kod 2399
BAJT [32 50 48 50 54 46 10 75 111 109 112 114 101 115 105 106 97 32 105 32 122 97 115 116 105 116 97 32 112 111 100 97 116 97 107 97 32 50 48 50 54 46 10 75 111 109 112 114 101 115 105 106 97 32 105 32 122 97 115 116 105 116 ]: Kod 2464
BAJT [32 50 48 50 54 46 10 75 111 109 112 114 101 115 105 106 97 32 105 32 122 97 115 116 105 116 97 32 112 111 100 97 116 97 107 97 32 50 48 50 54 46 10 75 111 109 112 114 101 115 105 106 97 32 105 32 122 97 115 116 105 116 97 ]: Kod 2527
BAJT [32 50 48 50 54 46 10 75 111 109 112 114 101 115 105 106 97 32 105 32 122 97 115 116 105 116 97 32 112 111 100 97 116 97 107 97 32 50 48 50 54 46 10 75 111 109 112 114 101 115 105 106 97 32 105 32 122 97 115 116 105 116 97 32 ]: Kod 2540
BAJT [32 50 48 50 54 46 10 75 111 109 112 114 101 115 105 106 97 32 105 32 122 97 115 116 105 116 97 32 112 111 100 97 116 97 107 97 32 50 48 50 54 46 10 75 111 109 112 114 101 115 105 106 97 32 105 32 122 97 115 116 105 116 97 32 112 ]: Kod 2558
BAJT [32 50 48 50 54 46 10 75 111 109 112 114 101 115 105 106 97 32 105 32 122 97 115 116 105 116 97 32 112 111 100 97 116 97 107 97 32 50 48 50 54 46 10 75 111 109 112 114 101 115 105 106 97 32 105 32 122 97 115 116 105 116 97 32 112 111 ]: Kod 2631
BAJT [32 50 48 50 54 46 10 75 111 109 112 114 101 115 105 106 97 32 105 32 122 97 115 116 105 116 97 32 112 111 100 97 116 97 107 97 32 50 48 50 54 46 10 75 111 109 112 114 101 115 105 106 97 32 105 32 122 97 115 116 105 116 97 32 112 111 100 ]: Kod 2668
BAJT [32 50 48 50 54 46 10 75 111 109 112 114 101 115 105 106 97 32 105 32 122 97 115 116 105 116 97 32 112 111 100 97 116 97 107 97 32 50 48 50 54 46 10 75 111 109 112 114 101 115 105 106 97 32 105 32 122 97 115 116 105 116 97 32 112 111 100 97 ]: Kod 2685
BAJT [32 50 48 50 54 46 10 75 111 109 112 114 101 115 105 106 97 32 105 32 122 97 115 116 105 116 97 32 112 111 100 97 116 97 107 97 32 50 48 50 54 46 10 75 111 109 112 114 101 115 105 106 97 32 105 32 122 97 115 116 105 116 97 32 112 111 100 97 116 ]: Kod 2728
BAJT [32 50 48 50 54 46 10 75 111 109 112 114 101 115 105 106 97 32 105 32 122 97 115 116 105 116 97 32 112 111 100 97 116 97 107 97 32 50 48 50 54 46 10 75 111 109 112 114 101 115 105 106 97 32 105 32 122 97 115 116 105 116 97 32 112 111 100 97 116 97 ]: Kod 2759
BAJT [32 50 48 50 54 46 10 75 111 109 112 114 101 115 105 106 97 32 105 32 122 97 115 116 105 116 97 32 112 111 100 97 116 97 107 97 32 50 48 50 54 46 10 75 111 109 112 114 101 115 105 106 97 32 105 32 122 97 115 116 105 116 97 32 112 111 100 97 116 97 107 ]: Kod 2780
BAJT [32 50 48 50 54 46 10 75 111 109 112 114 101 115 105 106 97 32 105 32 122 97 115 116 105 116 97 32 112 111 100 97 116 97 107 97 32 50 48 50 54 46 10 75 111 109 112 114 101 115 105 106 97 32 105 32 122 97 115 116 105 116 97 32 112 111 100 97 116 97 107 97 ]: Kod 2864
BAJT [32 50 48 50 54 46 10 75 111 109 112 114 101 115 105 106 97 32 105 32 122 97 115 116 105 116 97 32 112 111 100 97 116 97 107 97 32 50 48 50 54 46 10 75 111 109 112 114 101 115 105 106 97 32 105 32 122 97 115 116 105 116 97 32 112 111 100 97 116 97 107 97 32 ]: Kod 2912
BAJT [32 50 48 50 54 46 10 75 111 109 112 114 101 115 105 106 97 32 105 32 122 97 115 116 105 116 97 32 112 111 100 97 116 97 107 97 32 50 48 50 54 46 10 75 111 109 112 114 101 115 105 106 97 32 105 32 122 97 115 116 105 116 97 32 112 111 100 97 116 97 107 97 32 50 ]: Kod 2913
BAJT [32 50 48 50 54 46 10 75 111 109 112 114 101 115 105 106 97 32 105 32 122 97 115 116 105 116 97 32 112 111 100 97 116 97 107 97 32 50 48 50 54 46 10 75 111 109 112 114 101 115 105 106 97 32 105 32 122 97 115 116 105 116 97 32 112 111 100 97 116 97 107 97 32 50 48 ]: Kod 2950
BAJT [32 50 48 50 54 46 10 75 111 109 112 114 101 115 105 106 97 32 105 32 122 97 115 116 105 116 97 32 112 111 100 97 116 97 107 97 32 50 48 50 54 46 10 75 111 109 112 114 101 115 105 106 97 32 105 32 122 97 115 116 105 116 97 32 112 111 100 97 116 97 107 97 32 50 48 50 ]: Kod 2987
BAJT [32 50 48 50 54 46 10 75 111 109 112 114 101 115 105 106 97 32 105 32 122 97 115 116 105 116 97 32 112 111 100 97 116 97 107 97 32 50 48 50 54 46 10 75 111 109 112 114 101 115 105 106 97 32 105 32 122 97 115 116 105 116 97 32 112 111 100 97 116 97 107 97 32 50 48 50 54 ]: Kod 2995
BAJT [32 50 48 50 54 46 10 75 111 109 112 114 101 115 105 106 97 32 105 32 122 97 115 116 105 116 97 32 112 111 100 97 116 97 107 97 32 50 48 50 54 46 10 75 111 109 112 114 101 115 105 106 97 32 105 32 122 97 115 116 105 116 97 32 112 111 100 97 116 97 107 97 32 50 48 50 54 46 ]: Kod 3059
BAJT [32 50 48 50 54 46 10 75 111 109 112 114 101 115 105 106 97 32 105 32 122 97 115 116 105 116 97 32 112 111 100 97 116 97 107 97 32 50 48 50 54 46 10 75 111 109 112 114 101 115 105 106 97 32 105 32 122 97 115 116 105 116 97 32 112 111 100 97 116 97 107 97 32 50 48 50 54 46 10 ]: Kod 3070
BAJT [32 50 48 50 54 46 10 75 111 109 112 114 101 115 105 106 97 32 105 32 122 97 115 116 105 116 97 32 112 111 100 97 116 97 107 97 32 50 48 50 54 46 10 75 111 109 112 114 101 115 105 106 97 32 105 32 122 97 115 116 105 116 97 32 112 111 100 97 116 97 107 97 32 50 48 50 54 46 10 75 ]: Kod 3132
BAJT [32 50 48 50 54 46 10 75 111 109 112 114 101 115 105 106 97 32 105 32 122 97 115 116 105 116 97 32 112 111 100 97 116 97 107 97 32 50 48 50 54 46 10 75 111 109 112 114 101 115 105 106 97 32 105 32 122 97 115 116 105 116 97 32 112 111 100 97 116 97 107 97 32 50 48 50 54 46 10 75 111 ]: Kod 3140
BAJT [32 50 48 50 54 46 10 75 111 109 112 114 101 115 105 106 97 32 105 32 122 97 115 116 105 116 97 32 112 111 100 97 116 97 107 97 32 50 48 50 54 46 10 75 111 109 112 114 101 115 105 106 97 32 105 32 122 97 115 116 105 116 97 32 112 111 100 97 116 97 107 97 32 50 48 50 54 46 10 75 111 109 ]: Kod 3148
BAJT [32 50 48 50 54 46 10 75 111 109 112 114 101 115 105 106 97 32 105 32 122 97 115 116 105 116 97 32 112 111 100 97 116 97 107 97 32 50 48 50 54 46 10 75 111 109 112 114 101 115 105 106 97 32 105 32 122 97 115 116 105 116 97 32 112 111 100 97 116 97 107 97 32 50 48 50 54 46 10 75 111 109 112 ]: Kod 3237
BAJT [32 50 48 50 54 46 10 75 111 109 112 114 101 115 105 106 97 32 105 32 122 97 115 116 105 116 97 32 112 111 100 97 116 97 107 97 32 50 48 50 54 46 10 75 111 109 112 114 101 115 105 106 97 32 105 32 122 97 115 116 105 116 97 32 112 111 100 97 116 97 107 97 32 50 48 50 54 46 10 75 111 109 112 114 ]: Kod 3261
BAJT [32 50 48 50 54 46 10 75 111 109 112 114 101 115 105 106 97 32 105 32 122 97 115 116 105 116 97 32 112 111 100 97 116 97 107 97 32 50 48 50 54 46 10 75 111 109 112 114 101 115 105 106 97 32 105 32 122 97 115 116 105 116 97 32 112 111 100 97 116 97 107 97 32 50 48 50 54 46 10 75 111 109 112 114 101 ]: Kod 3304
BAJT [32 50 48 50 54 46 10 75 111 109 112 114 101 115 105 106 97 32 105 32 122 97 115 116 105 116 97 32 112 111 100 97 116 97 107 97 32 50 48 50 54 46 10 75 111 109 112 114 101 115 105 106 97 32 105 32 122 97 115 116 105 116 97 32 112 111 100 97 116 97 107 97 32 50 48 50 54 46 10 75 111 109 112 114 101 115 ]: Kod 3333
BAJT [32 50 48 50 54 46 10 75 111 109 112 114 101 115 105 106 97 32 105 32 122 97 115 116 105 116 97 32 112 111 100 97 116 97 107 97 32 50 48 50 54 46 10 75 111 109 112 114 101 115 105 106 97 32 105 32 122 97 115 116 105 116 97 32 112 111 100 97 116 97 107 97 32 50 48 50 54 46 10 75 111 109 112 114 101 115 105 ]: Kod 3382
BAJT [32 50 48 50 54 46 10 75 111 109 112 114 101 115 105 106 97 32 105 32 122 97 115 116 105 116 97 32 112 111 100 97 116 97 107 97 32 50 48 50 54 46 10 75 111 109 112 114 101 115 105 106 97 32 105 32 122 97 115 116 105 116 97 32 112 111 100 97 116 97 107 97 32 50 48 50 54 46 10 75 111 109 112 114 101 115 105 106 ]: Kod 3407
BAJT [32 50 48 50 54 46 10 75 111 109 112 114 101 115 105 106 97 32 105 32 122 97 115 116 105 116 97 32 112 111 100 97 116 97 107 97 32 50 48 50 54 46 10 75 111 109 112 114 101 115 105 106 97 32 105 32 122 97 115 116 105 116 97 32 112 111 100 97 116 97 107 97 32 50 48 50 54 46 10 75 111 109 112 114 101 115 105 106 97 ]: Kod 3448
BAJT [32 50 48 50 54 46 10 75 111 109 112 114 101 115 105 106 97 32 105 32 122 97 115 116 105 116 97 32 112 111 100 97 116 97 107 97 32 50 48 50 54 46 10 75 111 109 112 114 101 115 105 106 97 32 105 32 122 97 115 116 105 116 97 32 112 111 100 97 116 97 107 97 32 50 48 50 54 46 10 75 111 109 112 114 101 115 105 106 97 32 ]: Kod 3490
BAJT [32 50 48 50 54 46 10 75 111 109 112 114 101 115 105 106 97 32 105 32 122 97 115 116 105 116 97 32 112 111 100 97 116 97 107 97 32 50 48 50 54 46 10 75 111 109 112 114 101 115 105 106 97 32 105 32 122 97 115 116 105 116 97 32 112 111 100 97 116 97 107 97 32 50 48 50 54 46 10 75 111 109 112 114 101 115 105 106 97 32 105 ]: Kod 3492
BAJT [32 50 48 50 54 46 10 75 111 109 112 114 101 115 105 106 97 32 105 32 122 97 115 116 105 116 97 32 112 111 100 97 116 97 107 97 32 50 48 50 54 46 10 75 111 109 112 114 101 115 105 106 97 32 105 32 122 97 115 116 105 116 97 32 112 111 100 97 116 97 107 97 32 50 48 50 54 46 10 75 111 109 112 114 101 115 105 106 97 32 105 32 ]: Kod 3561
BAJT [32 50 48 50 54 46 10 75 111 109 112 114 101 115 105 106 97 32 105 32 122 97 115 116 105 116 97 32 112 111 100 97 116 97 107 97 32 50 48 50 54 46 10 75 111 109 112 114 101 115 105 106 97 32 105 32 122 97 115 116 105 116 97 32 112 111 100 97 116 97 107 97 32 50 48 50 54 46 10 75 111 109 112 114 101 115 105 106 97 32 105 32 122 ]: Kod 3592
BAJT [32 50 48 50 54 46 10 75 111 109 112 114 101 115 105 106 97 32 105 32 122 97 115 116 105 116 97 32 112 111 100 97 116 97 107 97 32 50 48 50 54 46 10 75 111 109 112 114 101 115 105 106 97 32 105 32 122 97 115 116 105 116 97 32 112 111 100 97 116 97 107 97 32 50 48 50 54 46 10 75 111 109 112 114 101 115 105 106 97 32 105 32 122 97 ]: Kod 3635
BAJT [32 50 48 50 54 46 10 75 111 109 112 114 101 115 105 106 97 32 105 32 122 97 115 116 105 116 97 32 112 111 100 97 116 97 107 97 32 50 48 50 54 46 10 75 111 109 112 114 101 115 105 106 97 32 105 32 122 97 115 116 105 116 97 32 112 111 100 97 116 97 107 97 32 50 48 50 54 46 10 75 111 109 112 114 101 115 105 106 97 32 105 32 122 97 115 ]: Kod 3643
BAJT [32 50 48 50 54 46 10 75 111 109 112 114 101 115 105 106 97 32 105 32 122 97 115 116 105 116 97 32 112 111 100 97 116 97 107 97 32 50 48 50 54 46 10 75 111 109 112 114 101 115 105 106 97 32 105 32 122 97 115 116 105 116 97 32 112 111 100 97 116 97 107 97 32 50 48 50 54 46 10 75 111 109 112 114 101 115 105 106 97 32 105 32 122 97 115 116 ]: Kod 3692
BAJT [32 50 48 50 54 46 10 75 111 109 112 114 101 115 105 106 97 32 105 32 122 97 115 116 105 116 97 32 112 111 100 97 116 97 107 97 32 50 48 50 54 46 10 75 111 109 112 114 101 115 105 106 97 32 105 32 122 97 115 116 105 116 97 32 112 111 100 97 116 97 107 97 32 50 48 50 54 46 10 75 111 109 112 114 101 115 105 106 97 32 105 32 122 97 115 116 105 ]: Kod 3695
BAJT [32 50 48 50 54 46 10 75 111 109 112 114 101 115 105 106 97 32 105 32 122 97 115 116 105 116 97 32 112 111 100 97 116 97 107 97 32 50 48 50 54 46 10 75 111 109 112 114 101 115 105 106 97 32 105 32 122 97 115 116 105 116 97 32 112 111 100 97 116 97 107 97 32 50 48 50 54 46 10 75 111 109 112 114 101 115 105 106 97 32 105 32 122 97 115 116 105 116 ]: Kod 3760
BAJT [32 50 48 50 54 46 10 75 111 109 112 114 101 115 105 106 97 32 105 32 122 97 115 116 105 116 97 32 112 111 100 97 116 97 107 97 32 50 48 50 54 46 10 75 111 109 112 114 101 115 105 106 97 32 105 32 122 97 115 116 105 116 97 32 112 111 100 97 116 97 107 97 32 50 48 50 54 46 10 75 111 109 112 114 101 115 105 106 97 32 105 32 122 97 115 116 105 116 97 ]: Kod 3823
BAJT [32 50 48 50 54 46 10 75 111 109 112 114 101 115 105 106 97 32 105 32 122 97 115 116 105 116 97 32 112 111 100 97 116 97 107 97 32 50 48 50 54 46 10 75 111 109 112 114 101 115 105 106 97 32 105 32 122 97 115 116 105 116 97 32 112 111 100 97 116 97 107 97 32 50 48 50 54 46 10 75 111 109 112 114 101 115 105 106 97 32 105 32 122 97 115 116 105 116 97 32 ]: Kod 3836
BAJT [32 50 48 50 54 46 10 75 111 109 112 114 101 115 105 106 97 32 105 32 122 97 115 116 105 116 97 32 112 111 100 97 116 97 107 97 32 50 48 50 54 46 10 75 111 109 112 114 101 115 105 106 97 32 105 32 122 97 115 116 105 116 97 32 112 111 100 97 116 97 107 97 32 50 48 50 54 46 10 75 111 109 112 114 101 115 105 106 97 32 105 32 122 97 115 116 105 116 97 32 112 ]: Kod 3854
BAJT [32 50 48 50 54 46 10 75 111 109 112 114 101 115 105 106 97 32 105 32 122 97 115 116 105 116 97 32 112 111 100 97 116 97 107 97 32 50 48 50 54 46 10 75 111 109 112 114 101 115 105 106 97 32 105 32 122 97 115 116 105 116 97 32 112 111 100 97 116 97 107 97 32 50 48 50 54 46 10 75 111 109 112 114 101 115 105 106 97 32 105 32 122 97 115 116 105 116 97 32 112 111 ]: Kod 3927
BAJT [32 50 48 50 54 46 10 75 111 109 112 114 101 115 105 106 97 32 105 32 122 97 115 116 105 116 97 32 112 111 100 97 116 97 107 97 32 50 48 50 54 46 10 75 111 109 112 114 101 115 105 106 97 32 105 32 122 97 115 116 105 116 97 32 112 111 100 97 116 97 107 97 32 50 48 50 54 46 10 75 111 109 112 114 101 115 105 106 97 32 105 32 122 97 115 116 105 116 97 32 112 111 100 ]: Kod 3964
BAJT [32 50 48 50 54 46 10 75 111 109 112 114 101 115 105 106 97 32 105 32 122 97 115 116 105 116 97 32 112 111 100 97 116 97 107 97 32 50 48 50 54 46 10 75 111 109 112 114 101 115 105 106 97 32 105 32 122 97 115 116 105 116 97 32 112 111 100 97 116 97 107 97 32 50 48 50 54 46 10 75 111 109 112 114 101 115 105 106 97 32 105 32 122 97 115 116 105 116 97 32 112 111 100 97 ]: Kod 3981
BAJT [32 50 48 50 54 46 10 75 111 109 112 114 101 115 105 106 97 32 105 32 122 97 115 116 105 116 97 32 112 111 100 97 116 97 107 97 32 50 48 50 54 46 10 75 111 109 112 114 101 115 105 106 97 32 105 32 122 97 115 116 105 116 97 32 112 111 100 97 116 97 107 97 32 50 48 50 54 46 10 75 111 109 112 114 101 115 105 106 97 32 105 32 122 97 115 116 105 116 97 32 112 111 100 97 116 ]: Kod 4024
BAJT [32 50 48 50 54 46 10 75 111 109 112 114 101 115 105 106 97 32 105 32 122 97 115 116 105 116 97 32 112 111 100 97 116 97 107 97 32 50 48 50 54 46 10 75 111 109 112 114 101 115 105 106 97 32 105 32 122 97 115 116 105 116 97 32 112 111 100 97 116 97 107 97 32 50 48 50 54 46 10 75 111 109 112 114 101 115 105 106 97 32 105 32 122 97 115 116 105 116 97 32 112 111 100 97 116 97 ]: Kod 4055
BAJT [32 50 48 50 54 46 10 75 111 109 112 114 101 115 105 106 97 32 105 32 122 97 115 116 105 116 97 32 112 111 100 97 116 97 107 97 32 50 48 50 54 46 10 75 111 109 112 114 101 115 105 106 97 32 105 32 122 97 115 116 105 116 97 32 112 111 100 97 116 97 107 97 32 50 48 50 54 46 10 75 111 109 112 114 101 115 105 106 97 32 105 32 122 97 115 116 105 116 97 32 112 111 100 97 116 97 107 ]: Kod 4076
BAJT [32 105 ]: Kod 266
BAJT [32 105 32 ]: Kod 294
BAJT [32 105 32 122 ]: Kod 340
BAJT [32 105 32 122 97 ]: Kod 390
BAJT [32 105 32 122 97 115 ]: Kod 399
BAJT [32 105 32 122 97 115 116 ]: Kod 470
BAJT [32 105 32 122 97 115 116 105 ]: Kod 486
BAJT [32 105 32 122 97 115 116 105 116 ]: Kod 533
BAJT [32 105 32 122 97 115 116 105 116 97 ]: Kod 546
BAJT [32 105 32 122 97 115 116 105 116 97 32 ]: Kod 550
BAJT [32 105 32 122 97 115 116 105 116 97 32 112 ]: Kod 640
BAJT [32 105 32 122 97 115 116 105 116 97 32 112 111 ]: Kod 688
BAJT [32 105 32 122 97 115 116 105 116 97 32 112 111 100 ]: Kod 691
BAJT [32 105 32 122 97 115 116 105 116 97 32 112 111 100 97 ]: Kod 750
BAJT [32 105 32 122 97 115 116 105 116 97 32 112 111 100 97 116 ]: Kod 772
BAJT [32 105 32 122 97 115 116 105 116 97 32 112 111 100 97 116 97 ]: Kod 807
BAJT [32 105 32 122 97 115 116 105 116 97 32 112 111 100 97 116 97 107 ]: Kod 838
BAJT [32 105 32 122 97 115 116 105 116 97 32 112 111 100 97 116 97 107 97 ]: Kod 895
BAJT [32 105 32 122 97 115 116 105 116 97 32 112 111 100 97 116 97 107 97 32 ]: Kod 899
BAJT [32 105 32 122 97 115 116 105 116 97 32 112 111 100 97 116 97 107 97 32 50 ]: Kod 959
BAJT [32 105 32 122 97 115 116 105 116 97 32 112 111 100 97 116 97 107 97 32 50 48 ]: Kod 1006
BAJT [32 105 32 122 97 115 116 105 116 97 32 112 111 100 97 116 97 107 97 32 50 48 50 ]: Kod 1016
BAJT [32 105 32 122 97 115 116 105 116 97 32 112 111 100 97 116 97 107 97 32 50 48 50 54 ]: Kod 1047
BAJT [32 105 32 122 97 115 116 105 116 97 32 112 111 100 97 116 97 107 97 32 50 48 50 54 46 ]: Kod 1123
BAJT [32 105 32 122 97 115 116 105 116 97 32 112 111 100 97 116 97 107 97 32 50 48 50 54 46 10 ]: Kod 1139
BAJT [32 105 32 122 97 115 116 105 116 97 32 112 111 100 97 116 97 107 97 32 50 48 50 54 46 10 75 ]: Kod 1188
BAJT [32 105 32 122 97 115 116 105 116 97 32 112 111 100 97 116 97 107 97 32 50 48 50 54 46 10 75 111 ]: Kod 1196
BAJT [32 105 32 122 97 115 116 105 116 97 32 112 111 100 97 116 97 107 97 32 50 48 50 54 46 10 75 111 109 ]: Kod 1229
BAJT [32 105 32 122 97 115 116 105 116 97 32 112 111 100 97 116 97 107 97 32 50 48 50 54 46 10 75 111 109 112 ]: Kod 1275
BAJT [32 105 32 122 97 115 116 105 116 97 32 112 111 100 97 116 97 107 97 32 50 48 50 54 46 10 75 111 109 112 114 ]: Kod 1338
BAJT [32 105 32 122 97 115 116 105 116 97 32 112 111 100 97 116 97 107 97 32 50 48 50 54 46 10 75 111 109 112 114 101 ]: Kod 1360
BAJT [32 105 32 122 97 115 116 105 116 97 32 112 111 100 97 116 97 107 97 32 50 48 50 54 46 10 75 111 109 112 114 101 115 ]: Kod 1376
BAJT [32 105 32 122 97 115 116 105 116 97 32 112 111 100 97 116 97 107 97 32 50 48 50 54 46 10 75 111 109 112 114 101 115 105 ]: Kod 1438
BAJT [32 105 32 122 97 115 116 105 116 97 32 112 111 100 97 116 97 107 97 32 50 48 50 54 46 10 75 111 109 112 114 101 115 105 106 ]: Kod 1472
BAJT [32 105 32 122 97 115 116 105 116 97 32 112 111 100 97 116 97 107 97 32 50 48 50 54 46 10 75 111 109 112 114 101 115 105 106 97 ]: Kod 1500
BAJT [32 105 32 122 97 115 116 105 116 97 32 112 111 100 97 116 97 107 97 32 50 48 50 54 46 10 75 111 109 112 114 101 115 105 106 97 32 ]: Kod 1530
BAJT [32 105 32 122 97 115 116 105 116 97 32 112 111 100 97 116 97 107 97 32 50 48 50 54 46 10 75 111 109 112 114 101 115 105 106 97 32 105 ]: Kod 1531
BAJT [32 105 32 122 97 115 116 105 116 97 32 112 111 100 97 116 97 107 97 32 50 48 50 54 46 10 75 111 109 112 114 101 115 105 106 97 32 105 32 ]: Kod 1587
BAJT [32 105 32 122 97 115 116 105 116 97 32 112 111 100 97 116 97 107 97 32 50 48 50 54 46 10 75 111 109 112 114 101 115 105 106 97 32 105 32 122 ]: Kod 1636
BAJT [32 105 32 122 97 115 116 105 116 97 32 112 111 100 97 116 97 107 97 32 50 48 50 54 46 10 75 111 109 112 114 101 115 105 106 97 32 105 32 122 97 ]: Kod 1686
BAJT [32 105 32 122 97 115 116 105 116 97 32 112 111 100 97 116 97 107 97 32 50 48 50 54 46 10 75 111 109 112 114 101 115 105 106 97 32 105 32 122 97 115 ]: Kod 1695
BAJT [32 105 32 122 97 115 116 105 116 97 32 112 111 100 97 116 97 107 97 32 50 48 50 54 46 10 75 111 109 112 114 101 115 105 106 97 32 105 32 122 97 115 116 ]: Kod 1766
BAJT [32 105 32 122 97 115 116 105 116 97 32 112 111 100 97 116 97 107 97 32 50 48 50 54 46 10 75 111 109 112 114 101 115 105 106 97 32 105 32 122 97 115 116 105 ]: Kod 1782
BAJT [32 105 32 122 97 115 116 105 116 97 32 112 111 100 97 116 97 107 97 32 50 48 50 54 46 10 75 111 109 112 114 101 115 105 106 97 32 105 32 122 97 115 116 105 116 ]: Kod 1829
BAJT [32 105 32 122 97 115 116 105 116 97 32 112 111 100 97 116 97 107 97 32 50 48 50 54 46 10 75 111 109 112 114 101 115 105 106 97 32 105 32 122 97 115 116 105 116 97 ]: Kod 1842
BAJT [32 105 32 122 97 115 116 105 116 97 32 112 111 100 97 116 97 107 97 32 50 48 50 54 46 10 75 111 109 112 114 101 115 105 106 97 32 105 32 122 97 115 116 105 116 97 32 ]: Kod 1846
BAJT [32 105 32 122 97 115 116 105 116 97 32 112 111 100 97 116 97 107 97 32 50 48 50 54 46 10 75 111 109 112 114 101 115 105 106 97 32 105 32 122 97 115 116 105 116 97 32 112 ]: Kod 1936
BAJT [32 105 32 122 97 115 116 105 116 97 32 112 111 100 97 116 97 107 97 32 50 48 50 54 46 10 75 111 109 112 114 101 115 105 106 97 32 105 32 122 97 115 116 105 116 97 32 112 111 ]: Kod 1984
BAJT [32 105 32 122 97 115 116 105 116 97 32 112 111 100 97 116 97 107 97 32 50 48 50 54 46 10 75 111 109 112 114 101 115 105 106 97 32 105 32 122 97 115 116 105 116 97 32 112 111 100 ]: Kod 1987
BAJT [32 105 32 122 97 115 116 105 116 97 32 112 111 100 97 116 97 107 97 32 50 48 50 54 46 10 75 111 109 112 114 101 115 105 106 97 32 105 32 122 97 115 116 105 116 97 32 112 111 100 97 ]: Kod 2046
BAJT [32 105 32 122 97 115 116 105 116 97 32 112 111 100 97 116 97 107 97 32 50 48 50 54 46 10 75 111 109 112 114 101 115 105 106 97 32 105 32 122 97 115 116 105 116 97 32 112 111 100 97 116 ]: Kod 2068
BAJT [32 105 32 122 97 115 116 105 116 97 32 112 111 100 97 116 97 107 97 32 50 48 50 54 46 10 75 111 109 112 114 101 115 105 106 97 32 105 32 122 97 115 116 105 116 97 32 112 111 100 97 116 97 ]: Kod 2103
BAJT [32 105 32 122 97 115 116 105 116 97 32 112 111 100 97 116 97 107 97 32 50 48 50 54 46 10 75 111 109 112 114 101 115 105 106 97 32 105 32 122 97 115 116 105 116 97 32 112 111 100 97 116 97 107 ]: Kod 2134
BAJT [32 105 32 122 97 115 116 105 116 97 32 112 111 100 97 116 97 107 97 32 50 48 50 54 46 10 75 111 109 112 114 101 115 105 106 97 32 105 32 122 97 115 116 105 116 97 32 112 111 100 97 116 97 107 97 ]: Kod 2191
BAJT [32 105 32 122 97 115 116 105 116 97 32 112 111 100 97 116 97 107 97 32 50 48 50 54 46 10 75 111 109 112 114 101 115 105 106 97 32 105 32 122 97 115 116 105 116 97 32 112 111 100 97 116 97 107 97 32 ]: Kod 2195
BAJT [32 105 32 122 97 115 116 105 116 97 32 112 111 100 97 116 97 107 97 32 50 48 50 54 46 10 75 111 109 112 114 101 115 105 106 97 32 105 32 122 97 115 116 105 116 97 32 112 111 100 97 116 97 107 97 32 50 ]: Kod 2255
BAJT [32 105 32 122 97 115 116 105 116 97 32 112 111 100 97 116 97 107 97 32 50 48 50 54 46 10 75 111 109 112 114 101 115 105 106 97 32 105 32 122 97 115 116 105 116 97 32 112 111 100 97 116 97 107 97 32 50 48 ]: Kod 2302
BAJT [32 105 32 122 97 115 116 105 116 97 32 112 111 100 97 116 97 107 97 32 50 48 50 54 46 10 75 111 109 112 114 101 115 105 106 97 32 105 32 122 97 115 116 105 116 97 32 112 111 100 97 116 97 107 97 32 50 48 50 ]: Kod 2312
BAJT [32 105 32 122 97 115 116 105 116 97 32 112 111 100 97 116 97 107 97 32 50 48 50 54 46 10 75 111 109 112 114 101 115 105 106 97 32 105 32 122 97 115 116 105 116 97 32 112 111 100 97 116 97 107 97 32 50 48 50 54 ]: Kod 2343
BAJT [32 105 32 122 97 115 116 105 116 97 32 112 111 100 97 116 97 107 97 32 50 48 50 54 46 10 75 111 109 112 114 101 115 105 106 97 32 105 32 122 97 115 116 105 116 97 32 112 111 100 97 116 97 107 97 32 50 48 50 54 46 ]: Kod 2419
BAJT [32 105 32 122 97 115 116 105 116 97 32 112 111 100 97 116 97 107 97 32 50 48 50 54 46 10 75 111 109 112 114 101 115 105 106 97 32 105 32 122 97 115 116 105 116 97 32 112 111 100 97 116 97 107 97 32 50 48 50 54 46 10 ]: Kod 2435
BAJT [32 105 32 122 97 115 116 105 116 97 32 112 111 100 97 116 97 107 97 32 50 48 50 54 46 10 75 111 109 112 114 101 115 105 106 97 32 105 32 122 97 115 116 105 116 97 32 112 111 100 97 116 97 107 97 32 50 48 50 54 46 10 75 ]: Kod 2484
BAJT [32 105 32 122 97 115 116 105 116 97 32 112 111 100 97 116 97 107 97 32 50 48 50 54 46 10 75 111 109 112 114 101 115 105 106 97 32 105 32 122 97 115 116 105 116 97 32 112 111 100 97 116 97 107 97 32 50 48 50 54 46 10 75 111 ]: Kod 2492
BAJT [32 105 32 122 97 115 116 105 116 97 32 112 111 100 97 116 97 107 97 32 50 48 50 54 46 10 75 111 109 112 114 101 115 105 106 97 32 105 32 122 97 115 116 105 116 97 32 112 111 100 97 116 97 107 97 32 50 48 50 54 46 10 75 111 109 ]: Kod 2525
BAJT [32 105 32 122 97 115 116 105 116 97 32 112 111 100 97 116 97 107 97 32 50 48 50 54 46 10 75 111 109 112 114 101 115 105 106 97 32 105 32 122 97 115 116 105 116 97 32 112 111 100 97 116 97 107 97 32 50 48 50 54 46 10 75 111 109 112 ]: Kod 2571
BAJT [32 105 32 122 97 115 116 105 116 97 32 112 111 100 97 116 97 107 97 32 50 48 50 54 46 10 75 111 109 112 114 101 115 105 106 97 32 105 32 122 97 115 116 105 116 97 32 112 111 100 97 116 97 107 97 32 50 48 50 54 46 10 75 111 109 112 114 ]: Kod 2634
BAJT [32 105 32 122 97 115 116 105 116 97 32 112 111 100 97 116 97 107 97 32 50 48 50 54 46 10 75 111 109 112 114 101 115 105 106 97 32 105 32 122 97 115 116 105 116 97 32 112 111 100 97 116 97 107 97 32 50 48 50 54 46 10 75 111 109 112 114 101 ]: Kod 2656
BAJT [32 105 32 122 97 115 116 105 116 97 32 112 111 100 97 116 97 107 97 32 50 48 50 54 46 10 75 111 109 112 114 101 115 105 106 97 32 105 32 122 97 115 116 105 116 97 32 112 111 100 97 116 97 107 97 32 50 48 50 54 46 10 75 111 109 112 114 101 115 ]: Kod 2672
BAJT [32 105 32 122 97 115 116 105 116 97 32 112 111 100 97 116 97 107 97 32 50 48 50 54 46 10 75 111 109 112 114 101 115 105 106 97 32 105 32 122 97 115 116 105 116 97 32 112 111 100 97 116 97 107 97 32 50 48 50 54 46 10 75 111 109 112 114 101 115 105 ]: Kod 2734
BAJT [32 105 32 122 97 115 116 105 116 97 32 112 111 100 97 116 97 107 97 32 50 48 50 54 46 10 75 111 109 112 114 101 115 105 106 97 32 105 32 122 97 115 116 105 116 97 32 112 111 100 97 116 97 107 97 32 50 48 50 54 46 10 75 111 109 112 114 101 115 105 106 ]: Kod 2768
BAJT [32 105 32 122 97 115 116 105 116 97 32 112 111 100 97 116 97 107 97 32 50 48 50 54 46 10 75 111 109 112 114 101 115 105 106 97 32 105 32 122 97 115 116 105 116 97 32 112 111 100 97 116 97 107 97 32 50 48 50 54 46 10 75 111 109 112 114 101 115 105 106 97 ]: Kod 2796
BAJT [32 105 32 122 97 115 116 105 116 97 32 112 111 100 97 116 97 107 97 32 50 48 50 54 46 10 75 111 109 112 114 101 115 105 106 97 32 105 32 122 97 115 116 105 116 97 32 112 111 100 97 116 97 107 97 32 50 48 50 54 46 10 75 111 109 112 114 101 115 105 106 97 32 ]: Kod 2826
BAJT [32 105 32 122 97 115 116 105 116 97 32 112 111 100 97 116 97 107 97 32 50 48 50 54 46 10 75 111 109 112 114 101 115 105 106 97 32 105 32 122 97 115 116 105 116 97 32 112 111 100 97 116 97 107 97 32 50 48 50 54 46 10 75 111 109 112 114 101 115 105 106 97 32 105 ]: Kod 2827
BAJT [32 105 32 122 97 115 116 105 116 97 32 112 111 100 97 116 97 107 97 32 50 48 50 54 46 10 75 111 109 112 114 101 115 105 106 97 32 105 32 122 97 115 116 105 116 97 32 112 111 100 97 116 97 107 97 32 50 48 50 54 46 10 75 111 109 112 114 101 115 105 106 97 32 105 32 ]: Kod 2883
BAJT [32 105 32 122 97 115 116 105 116 97 32 112 111 100 97 116 97 107 97 32 50 48 50 54 46 10 75 111 109 112 114 101 115 105 106 97 32 105 32 122 97 115 116 105 116 97 32 112 111 100 97 116 97 107 97 32 50 48 50 54 46 10 75 111 109 112 114 101 115 105 106 97 32 105 32 122 ]: Kod 2932
BAJT [32 105 32 122 97 115 116 105 116 97 32 112 111 100 97 116 97 107 97 32 50 48 50 54 46 10 75 111 109 112 114 101 115 105 106 97 32 105 32 122 97 115 116 105 116 97 32 112 111 100 97 116 97 107 97 32 50 48 50 54 46 10 75 111 109 112 114 101 115 105 106 97 32 105 32 122 97 ]: Kod 2982
BAJT [32 105 32 122 97 115 116 105 116 97 32 112 111 100 97 116 97 107 97 32 50 48 50 54 46 10 75 111 109 112 114 101 115 105 106 97 32 105 32 122 97 115 116 105 116 97 32 112 111 100 97 116 97 107 97 32 50 48 50 54 46 10 75 111 109 112 114 101 115 105 106 97 32 105 32 122 97 115 ]: Kod 2991
BAJT [32 105 32 122 97 115 116 105 116 97 32 112 111 100 97 116 97 107 97 32 50 48 50 54 46 10 75 111 109 112 114 101 115 105 106 97 32 105 32 122 97 115 116 105 116 97 32 112 111 100 97 116 97 107 97 32 50 48 50 54 46 10 75 111 109 112 114 101 115 105 106 97 32 105 32 122 97 115 116 ]: Kod 3062
BAJT [32 105 32 122 97 115 116 105 116 97 32 112 111 100 97 116 97 107 97 32 50 48 50 54 46 10 75 111 109 112 114 101 115 105 106 97 32 105 32 122 97 115 116 105 116 97 32 112 111 100 97 116 97 107 97 32 50 48 50 54 46 10 75 111 109 112 114 101 115 105 106 97 32 105 32 122 97 115 116 105 ]: Kod 3078
BAJT [32 105 32 122 97 115 116 105 116 97 32 112 111 100 97 116 97 107 97 32 50 48 50 54 46 10 75 111 109 112 114 101 115 105 106 97 32 105 32 122 97 115 116 105 116 97 32 112 111 100 97 116 97 107 97 32 50 48 50 54 46 10 75 111 109 112 114 101 115 105 106 97 32 105 32 122 97 115 116 105 116 ]: Kod 3125
BAJT [32 105 32 122 97 115 116 105 116 97 32 112 111 100 97 116 97 107 97 32 50 48 50 54 46 10 75 111 109 112 114 101 115 105 106 97 32 105 32 122 97 115 116 105 116 97 32 112 111 100 97 116 97 107 97 32 50 48 50 54 46 10 75 111 109 112 114 101 115 105 106 97 32 105 32 122 97 115 116 105 116 97 ]: Kod 3138
BAJT [32 105 32 122 97 115 116 105 116 97 32 112 111 100 97 116 97 107 97 32 50 48 50 54 46 10 75 111 109 112 114 101 115 105 106 97 32 105 32 122 97 115 116 105 116 97 32 112 111 100 97 116 97 107 97 32 50 48 50 54 46 10 75 111 109 112 114 101 115 105 106 97 32 105 32 122 97 115 116 105 116 97 32 ]: Kod 3142
BAJT [32 105 32 122 97 115 116 105 116 97 32 112 111 100 97 116 97 107 97 32 50 48 50 54 46 10 75 111 109 112 114 101 115 105 106 97 32 105 32 122 97 115 116 105 116 97 32 112 111 100 97 116 97 107 97 32 50 48 50 54 46 10 75 111 109 112 114 101 115 105 106 97 32 105 32 122 97 115 116 105 116 97 32 112 ]: Kod 3232
BAJT [32 105 32 122 97 115 116 105 116 97 32 112 111 100 97 116 97 107 97 32 50 48 50 54 46 10 75 111 109 112 114 101 115 105 106 97 32 105 32 122 97 115 116 105 116 97 32 112 111 100 97 116 97 107 97 32 50 48 50 54 46 10 75 111 109 112 114 101 115 105 106 97 32 105 32 122 97 115 116 105 116 97 32 112 111 ]: Kod 3280
BAJT [32 105 32 122 97 115 116 105 116 97 32 112 111 100 97 116 97 107 97 32 50 48 50 54 46 10 75 111 109 112 114 101 115 105 106 97 32 105 32 122 97 115 116 105 116 97 32 112 111 100 97 116 97 107 97 32 50 48 50 54 46 10 75 111 109 112 114 101 115 105 106 97 32 105 32 122 97 115 116 105 116 97 32 112 111 100 ]: Kod 3283
BAJT [32 105 32 122 97 115 116 105 116 97 32 112 111 100 97 116 97 107 97 32 50 48 50 54 46 10 75 111 109 112 114 101 115 105 106 97 32 105 32 122 97 115 116 105 116 97 32 112 111 100 97 116 97 107 97 32 50 48 50 54 46 10 75 111 109 112 114 101 115 105 106 97 32 105 32 122 97 115 116 105 116 97 32 112 111 100 97 ]: Kod 3342
BAJT [32 105 32 122 97 115 116 105 116 97 32 112 111 100 97 116 97 107 97 32 50 48 50 54 46 10 75 111 109 112 114 101 115 105 106 97 32 105 32 122 97 115 116 105 116 97 32 112 111 100 97 116 97 107 97 32 50 48 50 54 46 10 75 111 109 112 114 101 115 105 106 97 32 105 32 122 97 115 116 105 116 97 32 112 111 100 97 116 ]: Kod 3364
BAJT [32 105 32 122 97 115 116 105 116 97 32 112 111 100 97 116 97 107 97 32 50 48 50 54 46 10 75 111 109 112 114 101 115 105 106 97 32 105 32 122 97 115 116 105 116 97 32 112 111 100 97 116 97 107 97 32 50 48 50 54 46 10 75 111 109 112 114 101 115 105 106 97 32 105 32 122 97 115 116 105 116 97 32 112 111 100 97 116 97 ]: Kod 3399
BAJT [32 105 32 122 97 115 116 105 116 97 32 112 111 100 97 116 97 107 97 32 50 48 50 54 46 10 75 111 109 112 114 101 115 105 106 97 32 105 32 122 97 115 116 105 116 97 32 112 111 100 97 116 97 107 97 32 50 48 50 54 46 10 75 111 109 112 114 101 115 105 106 97 32 105 32 122 97 115 116 105 116 97 32 112 111 100 97 116 97 107 ]: Kod 3430
BAJT [32 105 32 122 97 115 116 105 116 97 32 112 111 100 97 116 97 107 97 32 50 48 50 54 46 10 75 111 109 112 114 101 115 105 106 97 32 105 32 122 97 115 116 105 116 97 32 112 111 100 97 116 97 107 97 32 50 48 50 54 46 10 75 111 109 112 114 101 115 105 106 97 32 105 32 122 97 115 116 105 116 97 32 112 111 100 97 116 97 107 97 ]: Kod 3487
BAJT [32 105 32 122 97 115 116 105 116 97 32 112 111 100 97 116 97 107 97 32 50 48 50 54 46 10 75 111 109 112 114 101 115 105 106 97 32 105 32 122 97 115 116 105 116 97 32 112 111 100 97 116 97 107 97 32 50 48 50 54 46 10 75 111 109 112 114 101 115 105 106 97 32 105 32 122 97 115 116 105 116 97 32 112 111 100 97 116 97 107 97 32 ]: Kod 3491
BAJT [32 105 32 122 97 115 116 105 116 97 32 112 111 100 97 116 97 107 97 32 50 48 50 54 46 10 75 111 109 112 114 101 115 105 106 97 32 105 32 122 97 115 116 105 116 97 32 112 111 100 97 116 97 107 97 32 50 48 50 54 46 10 75 111 109 112 114 101 115 105 106 97 32 105 32 122 97 115 116 105 116 97 32 112 111 100 97 116 97 107 97 32 50 ]: Kod 3551
BAJT [32 105 32 122 97 115 116 105 116 97 32 112 111 100 97 116 97 107 97 32 50 48 50 54 46 10 75 111 109 112 114 101 115 105 106 97 32 105 32 122 97 115 116 105 116 97 32 112 111 100 97 116 97 107 97 32 50 48 50 54 46 10 75 111 109 112 114 101 115 105 106 97 32 105 32 122 97 115 116 105 116 97 32 112 111 100 97 116 97 107 97 32 50 48 ]: Kod 3598
BAJT [32 105 32 122 97 115 116 105 116 97 32 112 111 100 97 116 97 107 97 32 50 48 50 54 46 10 75 111 109 112 114 101 115 105 106 97 32 105 32 122 97 115 116 105 116 97 32 112 111 100 97 116 97 107 97 32 50 48 50 54 46 10 75 111 109 112 114 101 115 105 106 97 32 105 32 122 97 115 116 105 116 97 32 112 111 100 97 116 97 107 97 32 50 48 50 ]: Kod 3608
BAJT [32 105 32 122 97 115 116 105 116 97 32 112 111 100 97 116 97 107 97 32 50 48 50 54 46 10 75 111 109 112 114 101 115 105 106 97 32 105 32 122 97 115 116 105 116 97 32 112 111 100 97 116 97 107 97 32 50 48 50 54 46 10 75 111 109 112 114 101 115 105 106 97 32 105 32 122 97 115 116 105 116 97 32 112 111 100 97 116 97 107 97 32 50 48 50 54 ]: Kod 3639
BAJT [32 105 32 122 97 115 116 105 116 97 32 112 111 100 97 116 97 107 97 32 50 48 50 54 46 10 75 111 109 112 114 101 115 105 106 97 32 105 32 122 97 115 116 105 116 97 32 112 111 100 97 116 97 107 97 32 50 48 50 54 46 10 75 111 109 112 114 101 115 105 106 97 32 105 32 122 97 115 116 105 116 97 32 112 111 100 97 116 97 107 97 32 50 48 50 54 46 ]: Kod 3715
BAJT [32 105 32 122 97 115 116 105 116 97 32 112 111 100 97 116 97 107 97 32 50 48 50 54 46 10 75 111 109 112 114 101 115 105 106 97 32 105 32 122 97 115 116 105 116 97 32 112 111 100 97 116 97 107 97 32 50 48 50 54 46 10 75 111 109 112 114 101 115 105 106 97 32 105 32 122 97 115 116 105 116 97 32 112 111 100 97 116 97 107 97 32 50 48 50 54 46 10 ]: Kod 3731
BAJT [32 105 32 122 97 115 116 105 116 97 32 112 111 100 97 116 97 107 97 32 50 48 50 54 46 10 75 111 109 112 114 101 115 105 106 97 32 105 32 122 97 115 116 105 116 97 32 112 111 100 97 116 97 107 97 32 50 48 50 54 46 10 75 111 109 112 114 101 115 105 106 97 32 105 32 122 97 115 116 105 116 97 32 112 111 100 97 116 97 107 97 32 50 48 50 54 46 10 75 ]: Kod 3780
BAJT [32 105 32 122 97 115 116 105 116 97 32 112 111 100 97 116 97 107 97 32 50 48 50 54 46 10 75 111 109 112 114 101 115 105 106 97 32 105 32 122 97 115 116 105 116 97 32 112 111 100 97 116 97 107 97 32 50 48 50 54 46 10 75 111 109 112 114 101 115 105 106 97 32 105 32 122 97 115 116 105 116 97 32 112 111 100 97 116 97 107 97 32 50 48 50 54 46 10 75 111 ]: Kod 3788
BAJT [32 105 32 122 97 115 116 105 116 97 32 112 111 100 97 116 97 107 97 32 50 48 50 54 46 10 75 111 109 112 114 101 115 105 106 97 32 105 32 122 97 115 116 105 116 97 32 112 111 100 97 116 97 107 97 32 50 48 50 54 46 10 75 111 109 112 114 101 115 105 106 97 32 105 32 122 97 115 116 105 116 97 32 112 111 100 97 116 97 107 97 32 50 48 50 54 46 10 75 111 109 ]: Kod 3821
BAJT [32 105 32 122 97 115 116 105 116 97 32 112 111 100 97 116 97 107 97 32 50 48 50 54 46 10 75 111 109 112 114 101 115 105 106 97 32 105 32 122 97 115 116 105 116 97 32 112 111 100 97 116 97 107 97 32 50 48 50 54 46 10 75 111 109 112 114 101 115 105 106 97 32 105 32 122 97 115 116 105 116 97 32 112 111 100 97 116 97 107 97 32 50 48 50 54 46 10 75 111 109 112 ]: Kod 3867
BAJT [32 105 32 122 97 115 116 105 116 97 32 112 111 100 97 116 97 107 97 32 50 48 50 54 46 10 75 111 109 112 114 101 115 105 106 97 32 105 32 122 97 115 116 105 116 97 32 112 111 100 97 116 97 107 97 32 50 48 50 54 46 10 75 111 109 112 114 101 115 105 106 97 32 105 32 122 97 115 116 105 116 97 32 112 111 100 97 116 97 107 97 32 50 48 50 54 46 10 75 111 109 112 114 ]: Kod 3930
BAJT [32 105 32 122 97 115 116 105 116 97 32 112 111 100 97 116 97 107 97 32 50 48 50 54 46 10 75 111 109 112 114 101 115 105 106 97 32 105 32 122 97 115 116 105 116 97 32 112 111 100 97 116 97 107 97 32 50 48 50 54 46 10 75 111 109 112 114 101 115 105 106 97 32 105 32 122 97 115 116 105 116 97 32 112 111 100 97 116 97 107 97 32 50 48 50 54 46 10 75 111 109 112 114 101 ]: Kod 3952
BAJT [32 105 32 122 97 115 116 105 116 97 32 112 111 100 97 116 97 107 97 32 50 48 50 54 46 10 75 111 109 112 114 101 115 105 106 97 32 105 32 122 97 115 116 105 116 97 32 112 111 100 97 116 97 107 97 32 50 48 50 54 46 10 75 111 109 112 114 101 115 105 106 97 32 105 32 122 97 115 116 105 116 97 32 112 111 100 97 116 97 107 97 32 50 48 50 54 46 10 75 111 109 112 114 101 115 ]: Kod 3968
BAJT [32 105 32 122 97 115 116 105 116 97 32 112 111 100 97 116 97 107 97 32 50 48 50 54 46 10 75 111 109 112 114 101 115 105 106 97 32 105 32 122 97 115 116 105 116 97 32 112 111 100 97 116 97 107 97 32 50 48 50 54 46 10 75 111 109 112 114 101 115 105 106 97 32 105 32 122 97 115 116 105 116 97 32 112 111 100 97 116 97 107 97 32 50 48 50 54 46 10 75 111 109 112 114 101 115 105 ]: Kod 4030
BAJT [32 105 32 122 97 115 116 105 116 97 32 112 111 100 97 116 97 107 97 32 50 48 50 54 46 10 75 111 109 112 114 101 115 105 106 97 32 105 32 122 97 115 116 105 116 97 32 112 111 100 97 116 97 107 97 32 50 48 50 54 46 10 75 111 109 112 114 101 115 105 106 97 32 105 32 122 97 115 116 105 116 97 32 112 111 100 97 116 97 107 97 32 50 48 50 54 46 10 75 111 109 112 114 101 115 105 106 ]: Kod 4064
BAJT [32 105 32 122 97 115 116 105 116 97 32 112 111 100 97 116 97 107 97 32 50 48 50 54 46 10 75 111 109 112 114 101 115 105 106 97 32 105 32 122 97 115 116 105 116 97 32 112 111 100 97 116 97 107 97 32 50 48 50 54 46 10 75 111 109 112 114 101 115 105 106 97 32 105 32 122 97 115 116 105 116 97 32 112 111 100 97 116 97 107 97 32 50 48 50 54 46 10 75 111 109 112 114 101 115 105 106 97 ]: Kod 4092
BAJT [32 112 ]: Kod 299
BAJT [32 112 111 ]: Kod 355
BAJT [32 112 111 100 ]: Kod 366
BAJT [32 112 111 100 97 ]: Kod 401
BAJT [32 112 111 100 97 116 ]: Kod 448
BAJT [32 112 111 100 97 116 97 ]: Kod 482
BAJT [32 112 111 100 97 116 97 107 ]: Kod 512
BAJT [32 112 111 100 97 116 97 107 97 ]: Kod 551
BAJT [32 112 111 100 97 116 97 107 97 32 ]: Kod 555
BAJT [32 112 111 100 97 116 97 107 97 32 50 ]: Kod 631
BAJT [32 112 111 100 97 116 97 107 97 32 50 48 ]: Kod 680
BAJT [32 112 111 100 97 116 97 107 97 32 50 48 50 ]: Kod 703
BAJT [32 112 111 100 97 116 97 107 97 32 50 48 50 54 ]: Kod 743
BAJT [32 112 111 100 97 116 97 107 97 32 50 48 50 54 46 ]: Kod 775
BAJT [32 112 111 100 97 116 97 107 97 32 50 48 50 54 46 10 ]: Kod 819
BAJT [32 112 111 100 97 116 97 107 97 32 50 48 50 54 46 10 75 ]: Kod 847
BAJT [32 112 111 100 97 116 97 107 97 32 50 48 50 54 46 10 75 111 ]: Kod 870
BAJT [32 112 111 100 97 116 97 107 97 32 50 48 50 54 46 10 75 111 109 ]: Kod 921
BAJT [32 112 111 100 97 116 97 107 97 32 50 48 50 54 46 10 75 111 109 112 ]: Kod 938
BAJT [32 112 111 100 97 116 97 107 97 32 50 48 50 54 46 10 75 111 109 112 114 ]: Kod 991
BAJT [32 112 111 100 97 116 97 107 97 32 50 48 50 54 46 10 75 111 109 112 114 101 ]: Kod 1036
BAJT [32 112 111 100 97 116 97 107 97 32 50 48 50 54 46 10 75 111 109 112 114 101 115 ]: Kod 1049
BAJT [32 112 111 100 97 116 97 107 97 32 50 48 50 54 46 10 75 111 109 112 114 101 115 105 ]: Kod 1113
BAJT [32 112 111 100 97 116 97 107 97 32 50 48 50 54 46 10 75 111 109 112 114 101 115 105 106 ]: Kod 1116
BAJT [32 112 111 100 97 116 97 107 97 32 50 48 50 54 46 10 75 111 109 112 114 101 115 105 106 97 ]: Kod 1176
BAJT [32 112 111 100 97 116 97 107 97 32 50 48 50 54 46 10 75 111 109 112 114 101 115 105 106 97 32 ]: Kod 1195
BAJT [32 112 111 100 97 116 97 107 97 32 50 48 50 54 46 10 75 111 109 112 114 101 115 105 106 97 32 105 ]: Kod 1245
BAJT [32 112 111 100 97 116 97 107 97 32 50 48 50 54 46 10 75 111 109 112 114 101 115 105 106 97 32 105 32 ]: Kod 1300
BAJT [32 112 111 100 97 116 97 107 97 32 50 48 50 54 46 10 75 111 109 112 114 101 115 105 106 97 32 105 32 122 ]: Kod 1306
BAJT [32 112 111 100 97 116 97 107 97 32 50 48 50 54 46 10 75 111 109 112 114 101 115 105 106 97 32 105 32 122 97 ]: Kod 1318
BAJT [32 112 111 100 97 116 97 107 97 32 50 48 50 54 46 10 75 111 109 112 114 101 115 105 106 97 32 105 32 122 97 115 ]: Kod 1391
BAJT [32 112 111 100 97 116 97 107 97 32 50 48 50 54 46 10 75 111 109 112 114 101 115 105 106 97 32 105 32 122 97 115 116 ]: Kod 1435
BAJT [32 112 111 100 97 116 97 107 97 32 50 48 50 54 46 10 75 111 109 112 114 101 115 105 106 97 32 105 32 122 97 115 116 105 ]: Kod 1450
BAJT [32 112 111 100 97 116 97 107 97 32 50 48 50 54 46 10 75 111 109 112 114 101 115 105 106 97 32 105 32 122 97 115 116 105 116 ]: Kod 1491
BAJT [32 112 111 100 97 116 97 107 97 32 50 48 50 54 46 10 75 111 109 112 114 101 115 105 106 97 32 105 32 122 97 115 116 105 116 97 ]: Kod 1550
BAJT [32 112 111 100 97 116 97 107 97 32 50 48 50 54 46 10 75 111 109 112 114 101 115 105 106 97 32 105 32 122 97 115 116 105 116 97 32 ]: Kod 1592
BAJT [32 112 111 100 97 116 97 107 97 32 50 48 50 54 46 10 75 111 109 112 114 101 115 105 106 97 32 105 32 122 97 115 116 105 116 97 32 112 ]: Kod 1593
BAJT [32 112 111 100 97 116 97 107 97 32 50 48 50 54 46 10 75 111 109 112 114 101 115 105 106 97 32 105 32 122 97 115 116 105 116 97 32 112 111 ]: Kod 1651
BAJT [32 112 111 100 97 116 97 107 97 32 50 48 50 54 46 10 75 111 109 112 114 101 115 105 106 97 32 105 32 122 97 115 116 105 116 97 32 112 111 100 ]: Kod 1662
BAJT [32 112 111 100 97 116 97 107 97 32 50 48 50 54 46 10 75 111 109 112 114 101 115 105 106 97 32 105 32 122 97 115 116 105 116 97 32 112 111 100 97 ]: Kod 1697
BAJT [32 112 111 100 97 116 97 107 97 32 50 48 50 54 46 10 75 111 109 112 114 101 115 105 106 97 32 105 32 122 97 115 116 105 116 97 32 112 111 100 97 116 ]: Kod 1744
BAJT [32 112 111 100 97 116 97 107 97 32 50 48 50 54 46 10 75 111 109 112 114 101 115 105 106 97 32 105 32 122 97 115 116 105 116 97 32 112 111 100 97 116 97 ]: Kod 1778
BAJT [32 112 111 100 97 116 97 107 97 32 50 48 50 54 46 10 75 111 109 112 114 101 115 105 106 97 32 105 32 122 97 115 116 105 116 97 32 112 111 100 97 116 97 107 ]: Kod 1808
BAJT [32 112 111 100 97 116 97 107 97 32 50 48 50 54 46 10 75 111 109 112 114 101 115 105 106 97 32 105 32 122 97 115 116 105 116 97 32 112 111 100 97 116 97 107 97 ]: Kod 1847
BAJT [32 112 111 100 97 116 97 107 97 32 50 48 50 54 46 10 75 111 109 112 114 101 115 105 106 97 32 105 32 122 97 115 116 105 116 97 32 112 111 100 97 116 97 107 97 32 ]: Kod 1851
BAJT [32 112 111 100 97 116 97 107 97 32 50 48 50 54 46 10 75 111 109 112 114 101 115 105 106 97 32 105 32 122 97 115 116 105 116 97 32 112 111 100 97 116 97 107 97 32 50 ]: Kod 1927
BAJT [32 112 111 100 97 116 97 107 97 32 50 48 50 54 46 10 75 111 109 112 114 101 115 105 106 97 32 105 32 122 97 115 116 105 116 97 32 112 111 100 97 116 97 107 97 32 50 48 ]: Kod 1976
BAJT [32 112 111 100 97 116 97 107 97 32 50 48 50 54 46 10 75 111 109 112 114 101 115 105 106 97 32 105 32 122 97 115 116 105 116 97 32 112 111 100 97 116 97 107 97 32 50 48 50 ]: Kod 1999
BAJT [32 112 111 100 97 116 97 107 97 32 50 48 50 54 46 10 75 111 109 112 114 101 115 105 106 97 32 105 32 122 97 115 116 105 116 97 32 112 111 100 97 116 97 107 97 32 50 48 50 54 ]: Kod 2039
BAJT [32 112 111 100 97 116 97 107 97 32 50 48 50 54 46 10 75 111 109 112 114 101 115 105 106 97 32 105 32 122 97 115 116 105 116 97 32 112 111 100 97 116 97 107 97 32 50 48 50 54 46 ]: Kod 2071
BAJT [32 112 111 100 97 116 97 107 97 32 50 48 50 54 46 10 75 111 109 112 114 101 115 105 106 97 32 105 32 122 97 115 116 105 116 97 32 112 111 100 97 116 97 107 97 32 50 48 50 54 46 10 ]: Kod 2115
BAJT [32 112 111 100 97 116 97 107 97 32 50 48 50 54 46 10 75 111 109 112 114 101 115 105 106 97 32 105 32 122 97 115 116 105 116 97 32 112 111 100 97 116 97 107 97 32 50 48 50 54 46 10 75 ]: Kod 2143
BAJT [32 112 111 100 97 116 97 107 97 32 50 48 50 54 46 10 75 111 109 112 114 101 115 105 106 97 32 105 32 122 97 115 116 105 116 97 32 112 111 100 97 116 97 107 97 32 50 48 50 54 46 10 75 111 ]: Kod 2166
BAJT [32 112 111 100 97 116 97 107 97 32 50 48 50 54 46 10 75 111 109 112 114 101 115 105 106 97 32 105 32 122 97 115 116 105 116 97 32 112 111 100 97 116 97 107 97 32 50 48 50 54 46 10 75 111 109 ]: Kod 2217
BAJT [32 112 111 100 97 116 97 107 97 32 50 48 50 54 46 10 75 111 109 112 114 101 115 105 106 97 32 105 32 122 97 115 116 105 116 97 32 112 111 100 97 116 97 107 97 32 50 48 50 54 46 10 75 111 109 112 ]: Kod 2234
BAJT [32 112 111 100 97 116 97 107 97 32 50 48 50 54 46 10 75 111 109 112 114 101 115 105 106 97 32 105 32 122 97 115 116 105 116 97 32 112 111 100 97 116 97 107 97 32 50 48 50 54 46 10 75 111 109 112 114 ]: Kod 2287
BAJT [32 112 111 100 97 116 97 107 97 32 50 48 50 54 46 10 75 111 109 112 114 101 115 105 106 97 32 105 32 122 97 115 116 105 116 97 32 112 111 100 97 116 97 107 97 32 50 48 50 54 46 10 75 111 109 112 114 101 ]: Kod 2332
BAJT [32 112 111 100 97 116 97 107 97 32 50 48 50 54 46 10 75 111 109 112 114 101 115 105 106 97 32 105 32 122 97 115 116 105 116 97 32 112 111 100 97 116 97 107 97 32 50 48 50 54 46 10 75 111 109 112 114 101 115 ]: Kod 2345
BAJT [32 112 111 100 97 116 97 107 97 32 50 48 50 54 46 10 75 111 109 112 114 101 115 105 106 97 32 105 32 122 97 115 116 105 116 97 32 112 111 100 97 116 97 107 97 32 50 48 50 54 46 10 75 111 109 112 114 101 115 105 ]: Kod 2409
BAJT [32 112 111 100 97 116 97 107 97 32 50 48 50 54 46 10 75 111 109 112 114 101 115 105 106 97 32 105 32 122 97 115 116 105 116 97 32 112 111 100 97 116 97 107 97 32 50 48 50 54 46 10 75 111 109 112 114 101 115 105 106 ]: Kod 2412
BAJT [32 112 111 100 97 116 97 107 97 32 50 48 50 54 46 10 75 111 109 112 114 101 115 105 106 97 32 105 32 122 97 115 116 105 116 97 32 112 111 100 97 116 97 107 97 32 50 48 50 54 46 10 75 111 109 112 114 101 115 105 106 97 ]: Kod 2472
BAJT [32 112 111 100 97 116 97 107 97 32 50 48 50 54 46 10 75 111 109 112 114 101 115 105 106 97 32 105 32 122 97 115 116 105 116 97 32 112 111 100 97 116 97 107 97 32 50 48 50 54 46 10 75 111 109 112 114 101 115 105 106 97 32 ]: Kod 2491
BAJT [32 112 111 100 97 116 97 107 97 32 50 48 50 54 46 10 75 111 109 112 114 101 115 105 106 97 32 105 32 122 97 115 116 105 116 97 32 112 111 100 97 116 97 107 97 32 50 48 50 54 46 10 75 111 109 112 114 101 115 105 106 97 32 105 ]: Kod 2541
BAJT [32 112 111 100 97 116 97 107 97 32 50 48 50 54 46 10 75 111 109 112 114 101 115 105 106 97 32 105 32 122 97 115 116 105 116 97 32 112 111 100 97 116 97 107 97 32 50 48 50 54 46 10 75 111 109 112 114 101 115 105 106 97 32 105 32 ]: Kod 2596
BAJT [32 112 111 100 97 116 97 107 97 32 50 48 50 54 46 10 75 111 109 112 114 101 115 105 106 97 32 105 32 122 97 115 116 105 116 97 32 112 111 100 97 116 97 107 97 32 50 48 50 54 46 10 75 111 109 112 114 101 115 105 106 97 32 105 32 122 ]: Kod 2602
BAJT [32 112 111 100 97 116 97 107 97 32 50 48 50 54 46 10 75 111 109 112 114 101 115 105 106 97 32 105 32 122 97 115 116 105 116 97 32 112 111 100 97 116 97 107 97 32 50 48 50 54 46 10 75 111 109 112 114 101 115 105 106 97 32 105 32 122 97 ]: Kod 2614
BAJT [32 112 111 100 97 116 97 107 97 32 50 48 50 54 46 10 75 111 109 112 114 101 115 105 106 97 32 105 32 122 97 115 116 105 116 97 32 112 111 100 97 116 97 107 97 32 50 48 50 54 46 10 75 111 109 112 114 101 115 105 106 97 32 105 32 122 97 115 ]: Kod 2687
BAJT [32 112 111 100 97 116 97 107 97 32 50 48 50 54 46 10 75 111 109 112 114 101 115 105 106 97 32 105 32 122 97 115 116 105 116 97 32 112 111 100 97 116 97 107 97 32 50 48 50 54 46 10 75 111 109 112 114 101 115 105 106 97 32 105 32 122 97 115 116 ]: Kod 2731
BAJT [32 112 111 100 97 116 97 107 97 32 50 48 50 54 46 10 75 111 109 112 114 101 115 105 106 97 32 105 32 122 97 115 116 105 116 97 32 112 111 100 97 116 97 107 97 32 50 48 50 54 46 10 75 111 109 112 114 101 115 105 106 97 32 105 32 122 97 115 116 105 ]: Kod 2746
BAJT [32 112 111 100 97 116 97 107 97 32 50 48 50 54 46 10 75 111 109 112 114 101 115 105 106 97 32 105 32 122 97 115 116 105 116 97 32 112 111 100 97 116 97 107 97 32 50 48 50 54 46 10 75 111 109 112 114 101 115 105 106 97 32 105 32 122 97 115 116 105 116 ]: Kod 2787
BAJT [32 112 111 100 97 116 97 107 97 32 50 48 50 54 46 10 75 111 109 112 114 101 115 105 106 97 32 105 32 122 97 115 116 105 116 97 32 112 111 100 97 116 97 107 97 32 50 48 50 54 46 10 75 111 109 112 114 101 115 105 106 97 32 105 32 122 97 115 116 105 116 97 ]: Kod 2846
BAJT [32 112 111 100 97 116 97 107 97 32 50 48 50 54 46 10 75 111 109 112 114 101 115 105 106 97 32 105 32 122 97 115 116 105 116 97 32 112 111 100 97 116 97 107 97 32 50 48 50 54 46 10 75 111 109 112 114 101 115 105 106 97 32 105 32 122 97 115 116 105 116 97 32 ]: Kod 2888
BAJT [32 112 111 100 97 116 97 107 97 32 50 48 50 54 46 10 75 111 109 112 114 101 115 105 106 97 32 105 32 122 97 115 116 105 116 97 32 112 111 100 97 116 97 107 97 32 50 48 50 54 46 10 75 111 109 112 114 101 115 105 106 97 32 105 32 122 97 115 116 105 116 97 32 112 ]: Kod 2889
BAJT [32 112 111 100 97 116 97 107 97 32 50 48 50 54 46 10 75 111 109 112 114 101 115 105 106 97 32 105 32 122 97 115 116 105 116 97 32 112 111 100 97 116 97 107 97 32 50 48 50 54 46 10 75 111 109 112 114 101 115 105 106 97 32 105 32 122 97 115 116 105 116 97 32 112 111 ]: Kod 2947
BAJT [32 112 111 100 97 116 97 107 97 32 50 48 50 54 46 10 75 111 109 112 114 101 115 105 106 97 32 105 32 122 97 115 116 105 116 97 32 112 111 100 97 116 97 107 97 32 50 48 50 54 46 10 75 111 109 112 114 101 115 105 106 97 32 105 32 122 97 115 116 105 116 97 32 112 111 100 ]: Kod 2958
BAJT [32 112 111 100 97 116 97 107 97 32 50 48 50 54 46 10 75 111 109 112 114 101 115 105 106 97 32 105 32 122 97 115 116 105 116 97 32 112 111 100 97 116 97 107 97 32 50 48 50 54 46 10 75 111 109 112 114 101 115 105 106 97 32 105 32 122 97 115 116 105 116 97 32 112 111 100 97 ]: Kod 2993
BAJT [32 112 111 100 97 116 97 107 97 32 50 48 50 54 46 10 75 111 109 112 114 101 115 105 106 97 32 105 32 122 97 115 116 105 116 97 32 112 111 100 97 116 97 107 97 32 50 48 50 54 46 10 75 111 109 112 114 101 115 105 106 97 32 105 32 122 97 115 116 105 116 97 32 112 111 100 97 116 ]: Kod 3040
BAJT [32 112 111 100 97 116 97 107 97 32 50 48 50 54 46 10 75 111 109 112 114 101 115 105 106 97 32 105 32 122 97 115 116 105 116 97 32 112 111 100 97 116 97 107 97 32 50 48 50 54 46 10 75 111 109 112 114 101 115 105 106 97 32 105 32 122 97 115 116 105 116 97 32 112 111 100 97 116 97 ]: Kod 3074
BAJT [32 112 111 100 97 116 97 107 97 32 50 48 50 54 46 10 75 111 109 112 114 101 115 105 106 97 32 105 32 122 97 115 116 105 116 97 32 112 111 100 97 116 97 107 97 32 50 48 50 54 46 10 75 111 109 112 114 101 115 105 106 97 32 105 32 122 97 115 116 105 116 97 32 112 111 100 97 116 97 107 ]: Kod 3104
BAJT [32 112 111 100 97 116 97 107 97 32 50 48 50 54 46 10 75 111 109 112 114 101 115 105 106 97 32 105 32 122 97 115 116 105 116 97 32 112 111 100 97 116 97 107 97 32 50 48 50 54 46 10 75 111 109 112 114 101 115 105 106 97 32 105 32 122 97 115 116 105 116 97 32 112 111 100 97 116 97 107 97 ]: Kod 3143
BAJT [32 112 111 100 97 116 97 107 97 32 50 48 50 54 46 10 75 111 109 112 114 101 115 105 106 97 32 105 32 122 97 115 116 105 116 97 32 112 111 100 97 116 97 107 97 32 50 48 50 54 46 10 75 111 109 112 114 101 115 105 106 97 32 105 32 122 97 115 116 105 116 97 32 112 111 100 97 116 97 107 97 32 ]: Kod 3147
BAJT [32 112 111 100 97 116 97 107 97 32 50 48 50 54 46 10 75 111 109 112 114 101 115 105 106 97 32 105 32 122 97 115 116 105 116 97 32 112 111 100 97 116 97 107 97 32 50 48 50 54 46 10 75 111 109 112 114 101 115 105 106 97 32 105 32 122 97 115 116 105 116 97 32 112 111 100 97 116 97 107 97 32 50 ]: Kod 3223
BAJT [32 112 111 100 97 116 97 107 97 32 50 48 50 54 46 10 75 111 109 112 114 101 115 105 106 97 32 105 32 122 97 115 116 105 116 97 32 112 111 100 97 116 97 107 97 32 50 48 50 54 46 10 75 111 109 112 114 101 115 105 106 97 32 105 32 122 97 115 116 105 116 97 32 112 111 100 97 116 97 107 97 32 50 48 ]: Kod 3272
BAJT [32 112 111 100 97 116 97 107 97 32 50 48 50 54 46 10 75 111 109 112 114 101 115 105 106 97 32 105 32 122 97 115 116 105 116 97 32 112 111 100 97 116 97 107 97 32 50 48 50 54 46 10 75 111 109 112 114 101 115 105 106 97 32 105 32 122 97 115 116 105 116 97 32 112 111 100 97 116 97 107 97 32 50 48 50 ]: Kod 3295
BAJT [32 112 111 100 97 116 97 107 97 32 50 48 50 54 46 10 75 111 109 112 114 101 115 105 106 97 32 105 32 122 97 115 116 105 116 97 32 112 111 100 97 116 97 107 97 32 50 48 50 54 46 10 75 111 109 112 114 101 115 105 106 97 32 105 32 122 97 115 116 105 116 97 32 112 111 100 97 116 97 107 97 32 50 48 50 54 ]: Kod 3335
BAJT [32 112 111 100 97 116 97 107 97 32 50 48 50 54 46 10 75 111 109 112 114 101 115 105 106 97 32 105 32 122 97 115 116 105 116 97 32 112 111 100 97 116 97 107 97 32 50 48 50 54 46 10 75 111 109 112 114 101 115 105 106 97 32 105 32 122 97 115 116 105 116 97 32 112 111 100 97 116 97 107 97 32 50 48 50 54 46 ]: Kod 3367
BAJT [32 112 111 100 97 116 97 107 97 32 50 48 50 54 46 10 75 111 109 112 114 101 115 105 106 97 32 105 32 122 97 115 116 105 116 97 32 112 111 100 97 116 97 107 97 32 50 48 50 54 46 10 75 111 109 112 114 101 115 105 106 97 32 105 32 122 97 115 116 105 116 97 32 112 111 100 97 116 97 107 97 32 50 48 50 54 46 10 ]: Kod 3411
BAJT [32 112 111 100 97 116 97 107 97 32 50 48 50 54 46 10 75 111 109 112 114 101 115 105 106 97 32 105 32 122 97 115 116 105 116 97 32 112 111 100 97 116 97 107 97 32 50 48 50 54 46 10 75 111 109 112 114 101 115 105 106 97 32 105 32 122 97 115 116 105 116 97 32 112 111 100 97 116 97 107 97 32 50 48 50 54 46 10 75 ]: Kod 3439
BAJT [32 112 111 100 97 116 97 107 97 32 50 48 50 54 46 10 75 111 109 112 114 101 115 105 106 97 32 105 32 122 97 115 116 105 116 97 32 112 111 100 97 116 97 107 97 32 50 48 50 54 46 10 75 111 109 112 114 101 115 105 106 97 32 105 32 122 97 115 116 105 116 97 32 112 111 100 97 116 97 107 97 32 50 48 50 54 46 10 75 111 ]: Kod 3462
BAJT [32 112 111 100 97 116 97 107 97 32 50 48 50 54 46 10 75 111 109 112 114 101 115 105 106 97 32 105 32 122 97 115 116 105 116 97 32 112 111 100 97 116 97 107 97 32 50 48 50 54 46 10 75 111 109 112 114 101 115 105 106 97 32 105 32 122 97 115 116 105 116 97 32 112 111 100 97 116 97 107 97 32 50 48 50 54 46 10 75 111 109 ]: Kod 3513
BAJT [32 112 111 100 97 116 97 107 97 32 50 48 50 54 46 10 75 111 109 112 114 101 115 105 106 97 32 105 32 122 97 115 116 105 116 97 32 112 111 100 97 116 97 107 97 32 50 48 50 54 46 10 75 111 109 112 114 101 115 105 106 97 32 105 32 122 97 115 116 105 116 97 32 112 111 100 97 116 97 107 97 32 50 48 50 54 46 10 75 111 109 112 ]: Kod 3530
BAJT [32 112 111 100 97 116 97 107 97 32 50 48 50 54 46 10 75 111 109 112 114 101 115 105 106 97 32 105 32 122 97 115 116 105 116 97 32 112 111 100 97 116 97 107 97 32 50 48 50 54 46 10 75 111 109 112 114 101 115 105 106 97 32 105 32 122 97 115 116 105 116 97 32 112 111 100 97 116 97 107 97 32 50 48 50 54 46 10 75 111 109 112 114 ]: Kod 3583
BAJT [32 112 111 100 97 116 97 107 97 32 50 48 50 54 46 10 75 111 109 112 114 101 115 105 106 97 32 105 32 122 97 115 116 105 116 97 32 112 111 100 97 116 97 107 97 32 50 48 50 54 46 10 75 111 109 112 114 101 115 105 106 97 32 105 32 122 97 115 116 105 116 97 32 112 111 100 97 116 97 107 97 32 50 48 50 54 46 10 75 111 109 112 114 101 ]: Kod 3628
BAJT [32 112 111 100 97 116 97 107 97 32 50 48 50 54 46 10 75 111 109 112 114 101 115 105 106 97 32 105 32 122 97 115 116 105 116 97 32 112 111 100 97 116 97 107 97 32 50 48 50 54 46 10 75 111 109 112 114 101 115 105 106 97 32 105 32 122 97 115 116 105 116 97 32 112 111 100 97 116 97 107 97 32 50 48 50 54 46 10 75 111 109 112 114 101 115 ]: Kod 3641
BAJT [32 112 111 100 97 116 97 107 97 32 50 48 50 54 46 10 75 111 109 112 114 101 115 105 106 97 32 105 32 122 97 115 116 105 116 97 32 112 111 100 97 116 97 107 97 32 50 48 50 54 46 10 75 111 109 112 114 101 115 105 106 97 32 105 32 122 97 115 116 105 116 97 32 112 111 100 97 116 97 107 97 32 50 48 50 54 46 10 75 111 109 112 114 101 115 105 ]: Kod 3705
BAJT [32 112 111 100 97 116 97 107 97 32 50 48 50 54 46 10 75 111 109 112 114 101 115 105 106 97 32 105 32 122 97 115 116 105 116 97 32 112 111 100 97 116 97 107 97 32 50 48 50 54 46 10 75 111 109 112 114 101 115 105 106 97 32 105 32 122 97 115 116 105 116 97 32 112 111 100 97 116 97 107 97 32 50 48 50 54 46 10 75 111 109 112 114 101 115 105 106 ]: Kod 3708
BAJT [32 112 111 100 97 116 97 107 97 32 50 48 50 54 46 10 75 111 109 112 114 101 115 105 106 97 32 105 32 122 97 115 116 105 116 97 32 112 111 100 97 116 97 107 97 32 50 48 50 54 46 10 75 111 109 112 114 101 115 105 106 97 32 105 32 122 97 115 116 105 116 97 32 112 111 100 97 116 97 107 97 32 50 48 50 54 46 10 75 111 109 112 114 101 115 105 106 97 ]: Kod 3768
BAJT [32 112 111 100 97 116 97 107 97 32 50 48 50 54 46 10 75 111 109 112 114 101 115 105 106 97 32 105 32 122 97 115 116 105 116 97 32 112 111 100 97 116 97 107 97 32 50 48 50 54 46 10 75 111 109 112 114 101 115 105 106 97 32 105 32 122 97 115 116 105 116 97 32 112 111 100 97 116 97 107 97 32 50 48 50 54 46 10 75 111 109 112 114 101 115 105 106 97 32 ]: Kod 3787
BAJT [32 112 111 100 97 116 97 107 97 32 50 48 50 54 46 10 75 111 109 112 114 101 115 105 106 97 32 105 32 122 97 115 116 105 116 97 32 112 111 100 97 116 97 107 97 32 50 48 50 54 46 10 75 111 109 112 114 101 115 105 106 97 32 105 32 122 97 115 116 105 116 97 32 112 111 100 97 116 97 107 97 32 50 48 50 54 46 10 75 111 109 112 114 101 115 105 106 97 32 105 ]: Kod 3837
BAJT [32 112 111 100 97 116 97 107 97 32 50 48 50 54 46 10 75 111 109 112 114 101 115 105 106 97 32 105 32 122 97 115 116 105 116 97 32 112 111 100 97 116 97 107 97 32 50 48 50 54 46 10 75 111 109 112 114 101 115 105 106 97 32 105 32 122 97 115 116 105 116 97 32 112 111 100 97 116 97 107 97 32 50 48 50 54 46 10 75 111 109 112 114 101 115 105 106 97 32 105 32 ]: Kod 3892
BAJT [32 112 111 100 97 116 97 107 97 32 50 48 50 54 46 10 75 111 109 112 114 101 115 105 106 97 32 105 32 122 97 115 116 105 116 97 32 112 111 100 97 116 97 107 97 32 50 48 50 54 46 10 75 111 109 112 114 101 115 105 106 97 32 105 32 122 97 115 116 105 116 97 32 112 111 100 97 116 97 107 97 32 50 48 50 54 46 10 75 111 109 112 114 101 115 105 106 97 32 105 32 122 ]: Kod 3898
BAJT [32 112 111 100 97 116 97 107 97 32 50 48 50 54 46 10 75 111 109 112 114 101 115 105 106 97 32 105 32 122 97 115 116 105 116 97 32 112 111 100 97 116 97 107 97 32 50 48 50 54 46 10 75 111 109 112 114 101 115 105 106 97 32 105 32 122 97 115 116 105 116 97 32 112 111 100 97 116 97 107 97 32 50 48 50 54 46 10 75 111 109 112 114 101 115 105 106 97 32 105 32 122 97 ]: Kod 3910
BAJT [32 112 111 100 97 116 97 107 97 32 50 48 50 54 46 10 75 111 109 112 114 101 115 105 106 97 32 105 32 122 97 115 116 105 116 97 32 112 111 100 97 116 97 107 97 32 50 48 50 54 46 10 75 111 109 112 114 101 115 105 106 97 32 105 32 122 97 115 116 105 116 97 32 112 111 100 97 116 97 107 97 32 50 48 50 54 46 10 75 111 109 112 114 101 115 105 106 97 32 105 32 122 97 115 ]: Kod 3983
BAJT [32 112 111 100 97 116 97 107 97 32 50 48 50 54 46 10 75 111 109 112 114 101 115 105 106 97 32 105 32 122 97 115 116 105 116 97 32 112 111 100 97 116 97 107 97 32 50 48 50 54 46 10 75 111 109 112 114 101 115 105 106 97 32 105 32 122 97 115 116 105 116 97 32 112 111 100 97 116 97 107 97 32 50 48 50 54 46 10 75 111 109 112 114 101 115 105 106 97 32 105 32 122 97 115 116 ]: Kod 4027
BAJT [32 112 111 100 97 116 97 107 97 32 50 48 50 54 46 10 75 111 109 112 114 101 115 105 106 97 32 105 32 122 97 115 116 105 116 97 32 112 111 100 97 116 97 107 97 32 50 48 50 54 46 10 75 111 109 112 114 101 115 105 106 97 32 105 32 122 97 115 116 105 116 97 32 112 111 100 97 116 97 107 97 32 50 48 50 54 46 10 75 111 109 112 114 101 115 105 106 97 32 105 32 122 97 115 116 105 ]: Kod 4042
BAJT [32 112 111 100 97 116 97 107 97 32 50 48 50 54 46 10 75 111 109 112 114 101 115 105 106 97 32 105 32 122 97 115 116 105 116 97 32 112 111 100 97 116 97 107 97 32 50 48 50 54 46 10 75 111 109 112 114 101 115 105 106 97 32 105 32 122 97 115 116 105 116 97 32 112 111 100 97 116 97 107 97 32 50 48 50 54 46 10 75 111 109 112 114 101 115 105 106 97 32 105 32 122 97 115 116 105 116 ]: Kod 4083
BAJT [32 122 ]: Kod 268
BAJT [32 122 97 ]: Kod 295
BAJT [32 122 97 115 ]: Kod 329
BAJT [32 122 97 115 116 ]: Kod 364
BAJT [32 122 97 115 116 105 ]: Kod 407
BAJT [32 122 97 115 116 105 116 ]: Kod 428
BAJT [32 122 97 115 116 105 116 97 ]: Kod 506
BAJT [32 122 97 115 116 105 116 97 32 ]: Kod 511
BAJT [32 122 97 115 116 105 116 97 32 112 ]: Kod 558
BAJT [32 122 97 115 116 105 116 97 32 112 111 ]: Kod 562
BAJT [32 122 97 115 116 105 116 97 32 112 111 100 ]: Kod 627
BAJT [32 122 97 115 116 105 116 97 32 112 111 100 97 ]: Kod 650
BAJT [32 122 97 115 116 105 116 97 32 112 111 100 97 116 ]: Kod 708
BAJT [32 122 97 115 116 105 116 97 32 112 111 100 97 116 97 ]: Kod 732
BAJT [32 122 97 115 116 105 116 97 32 112 111 100 97 116 97 107 ]: Kod 765
BAJT [32 122 97 115 116 105 116 97 32 112 111 100 97 116 97 107 97 ]: Kod 796
BAJT [32 122 97 115 116 105 116 97 32 112 111 100 97 116 97 107 97 32 ]: Kod 855
BAJT [32 122 97 115 116 105 116 97 32 112 111 100 97 116 97 107 97 32 50 ]: Kod 903
BAJT [32 122 97 115 116 105 116 97 32 112 111 100 97 116 97 107 97 32 50 48 ]: Kod 930
BAJT [32 122 97 115 116 105 116 97 32 112 111 100 97 116 97 107 97 32 50 48 50 ]: Kod 970
BAJT [32 122 97 115 116 105 116 97 32 112 111 100 97 116 97 107 97 32 50 48 50 54 ]: Kod 977
BAJT [32 122 97 115 116 105 116 97 32 112 111 100 97 116 97 107 97 32 50 48 50 54 46 ]: Kod 1034
BAJT [32 122 97 115 116 105 116 97 32 112 111 100 97 116 97 107 97 32 50 48 50 54 46 10 ]: Kod 1069
BAJT [32 122 97 115 116 105 116 97 32 112 111 100 97 116 97 107 97 32 50 48 50 54 46 10 75 ]: Kod 1083
BAJT [32 122 97 115 116 105 116 97 32 112 111 100 97 116 97 107 97 32 50 48 50 54 46 10 75 111 ]: Kod 1152
BAJT [32 122 97 115 116 105 116 97 32 112 111 100 97 116 97 107 97 32 50 48 50 54 46 10 75 111 109 ]: Kod 1184
BAJT [32 122 97 115 116 105 116 97 32 112 111 100 97 116 97 107 97 32 50 48 50 54 46 10 75 111 109 112 ]: Kod 1200
BAJT [32 122 97 115 116 105 116 97 32 112 111 100 97 116 97 107 97 32 50 48 50 54 46 10 75 111 109 112 114 ]: Kod 1255
BAJT [32 122 97 115 116 105 116 97 32 112 111 100 97 116 97 107 97 32 50 48 50 54 46 10 75 111 109 112 114 101 ]: Kod 1296
BAJT [32 122 97 115 116 105 116 97 32 112 111 100 97 116 97 107 97 32 50 48 50 54 46 10 75 111 109 112 114 101 115 ]: Kod 1301
BAJT [32 122 97 115 116 105 116 97 32 112 111 100 97 116 97 107 97 32 50 48 50 54 46 10 75 111 109 112 114 101 115 105 ]: Kod 1352
BAJT [32 122 97 115 116 105 116 97 32 112 111 100 97 116 97 107 97 32 50 48 50 54 46 10 75 111 109 112 114 101 115 105 106 ]: Kod 1402
BAJT [32 122 97 115 116 105 116 97 32 112 111 100 97 116 97 107 97 32 50 48 50 54 46 10 75 111 109 112 114 101 115 105 106 97 ]: Kod 1413
BAJT [32 122 97 115 116 105 116 97 32 112 111 100 97 116 97 107 97 32 50 48 50 54 46 10 75 111 109 112 114 101 115 105 106 97 32 ]: Kod 1471
BAJT [32 122 97 115 116 105 116 97 32 112 111 100 97 116 97 107 97 32 50 48 50 54 46 10 75 111 109 112 114 101 115 105 106 97 32 105 ]: Kod 1498
BAJT [32 122 97 115 116 105 116 97 32 112 111 100 97 116 97 107 97 32 50 48 50 54 46 10 75 111 109 112 114 101 115 105 106 97 32 105 32 ]: Kod 1534
BAJT [32 122 97 115 116 105 116 97 32 112 111 100 97 116 97 107 97 32 50 48 50 54 46 10 75 111 109 112 114 101 115 105 106 97 32 105 32 122 ]: Kod 1535
BAJT [32 122 97 115 116 105 116 97 32 112 111 100 97 116 97 107 97 32 50 48 50 54 46 10 75 111 109 112 114 101 115 105 106 97 32 105 32 122 97 ]: Kod 1588
BAJT [32 122 97 115 116 105 116 97 32 112 111 100 97 116 97 107 97 32 50 48 50 54 46 10 75 111 109 112 114 101 115 105 106 97 32 105 32 122 97 115 ]: Kod 1625
BAJT [32 122 97 115 116 105 116 97 32 112 111 100 97 116 97 107 97 32 50 48 50 54 46 10 75 111 109 112 114 101 115 105 106 97 32 105 32 122 97 115 116 ]: Kod 1660
BAJT [32 122 97 115 116 105 116 97 32 112 111 100 97 116 97 107 97 32 50 48 50 54 46 10 75 111 109 112 114 101 115 105 106 97 32 105 32 122 97 115 116 105 ]: Kod 1703
BAJT [32 122 97 115 116 105 116 97 32 112 111 100 97 116 97 107 97 32 50 48 50 54 46 10 75 111 109 112 114 101 115 105 106 97 32 105 32 122 97 115 116 105 116 ]: Kod 1724
BAJT [32 122 97 115 116 105 116 97 32 112 111 100 97 116 97 107 97 32 50 48 50 54 46 10 75 111 109 112 114 101 115 105 106 97 32 105 32 122 97 115 116 105 116 97 ]: Kod 1802
BAJT [32 122 97 115 116 105 116 97 32 112 111 100 97 116 97 107 97 32 50 48 50 54 46 10 75 111 109 112 114 101 115 105 106 97 32 105 32 122 97 115 116 105 116 97 32 ]: Kod 1807
BAJT [32 122 97 115 116 105 116 97 32 112 111 100 97 116 97 107 97 32 50 48 50 54 46 10 75 111 109 112 114 101 115 105 106 97 32 105 32 122 97 115 116 105 116 97 32 112 ]: Kod 1854
BAJT [32 122 97 115 116 105 116 97 32 112 111 100 97 116 97 107 97 32 50 48 50 54 46 10 75 111 109 112 114 101 115 105 106 97 32 105 32 122 97 115 116 105 116 97 32 112 111 ]: Kod 1858
BAJT [32 122 97 115 116 105 116 97 32 112 111 100 97 116 97 107 97 32 50 48 50 54 46 10 75 111 109 112 114 101 115 105 106 97 32 105 32 122 97 115 116 105 116 97 32 112 111 100 ]: Kod 1923
BAJT [32 122 97 115 116 105 116 97 32 112 111 100 97 116 97 107 97 32 50 48 50 54 46 10 75 111 109 112 114 101 115 105 106 97 32 105 32 122 97 115 116 105 116 97 32 112 111 100 97 ]: Kod 1946
BAJT [32 122 97 115 116 105 116 97 32 112 111 100 97 116 97 107 97 32 50 48 50 54 46 10 75 111 109 112 114 101 115 105 106 97 32 105 32 122 97 115 116 105 116 97 32 112 111 100 97 116 ]: Kod 2004
BAJT [32 122 97 115 116 105 116 97 32 112 111 100 97 116 97 107 97 32 50 48 50 54 46 10 75 111 109 112 114 101 115 105 106 97 32 105 32 122 97 115 116 105 116 97 32 112 111 100 97 116 97 ]: Kod 2028
BAJT [32 122 97 115 116 105 116 97 32 112 111 100 97 116 97 107 97 32 50 48 50 54 46 10 75 111 109 112 114 101 115 105 106 97 32 105 32 122 97 115 116 105 116 97 32 112 111 100 97 116 97 107 ]: Kod 2061
BAJT [32 122 97 115 116 105 116 97 32 112 111 100 97 116 97 107 97 32 50 48 50 54 46 10 75 111 109 112 114 101 115 105 106 97 32 105 32 122 97 115 116 105 116 97 32 112 111 100 97 116 97 107 97 ]: Kod 2092
BAJT [32 122 97 115 116 105 116 97 32 112 111 100 97 116 97 107 97 32 50 48 50 54 46 10 75 111 109 112 114 101 115 105 106 97 32 105 32 122 97 115 116 105 116 97 32 112 111 100 97 116 97 107 97 32 ]: Kod 2151
BAJT [32 122 97 115 116 105 116 97 32 112 111 100 97 116 97 107 97 32 50 48 50 54 46 10 75 111 109 112 114 101 115 105 106 97 32 105 32 122 97 115 116 105 116 97 32 112 111 100 97 116 97 107 97 32 50 ]: Kod 2199
BAJT [32 122 97 115 116 105 116 97 32 112 111 100 97 116 97 107 97 32 50 48 50 54 46 10 75 111 109 112 114 101 115 105 106 97 32 105 32 122 97 115 116 105 116 97 32 112 111 100 97 116 97 107 97 32 50 48 ]: Kod 2226
BAJT [32 122 97 115 116 105 116 97 32 112 111 100 97 116 97 107 97 32 50 48 50 54 46 10 75 111 109 112 114 101 115 105 106 97 32 105 32 122 97 115 116 105 116 97 32 112 111 100 97 116 97 107 97 32 50 48 50 ]: Kod 2266
BAJT [32 122 97 115 116 105 116 97 32 112 111 100 97 116 97 107 97 32 50 48 50 54 46 10 75 111 109 112 114 101 115 105 106 97 32 105 32 122 97 115 116 105 116 97 32 112 111 100 97 116 97 107 97 32 50 48 50 54 ]: Kod 2273
BAJT [32 122 97 115 116 105 116 97 32 112 111 100 97 116 97 107 97 32 50 48 50 54 46 10 75 111 109 112 114 101 115 105 106 97 32 105 32 122 97 115 116 105 116 97 32 112 111 100 97 116 97 107 97 32 50 48 50 54 46 ]: Kod 2330
BAJT [32 122 97 115 116 105 116 97 32 112 111 100 97 116 97 107 97 32 50 48 50 54 46 10 75 111 109 112 114 101 115 105 106 97 32 105 32 122 97 115 116 105 116 97 32 112 111 100 97 116 97 107 97 32 50 48 50 54 46 10 ]: Kod 2365
BAJT [32 122 97 115 116 105 116 97 32 112 111 100 97 116 97 107 97 32 50 48 50 54 46 10 75 111 109 112 114 101 115 105 106 97 32 105 32 122 97 115 116 105 116 97 32 112 111 100 97 116 97 107 97 32 50 48 50 54 46 10 75 ]: Kod 2379
BAJT [32 122 97 115 116 105 116 97 32 112 111 100 97 116 97 107 97 32 50 48 50 54 46 10 75 111 109 112 114 101 115 105 106 97 32 105 32 122 97 115 116 105 116 97 32 112 111 100 97 116 97 107 97 32 50 48 50 54 46 10 75 111 ]: Kod 2448
BAJT [32 122 97 115 116 105 116 97 32 112 111 100 97 116 97 107 97 32 50 48 50 54 46 10 75 111 109 112 114 101 115 105 106 97 32 105 32 122 97 115 116 105 116 97 32 112 111 100 97 116 97 107 97 32 50 48 50 54 46 10 75 111 109 ]: Kod 2480
BAJT [32 122 97 115 116 105 116 97 32 112 111 100 97 116 97 107 97 32 50 48 50 54 46 10 75 111 109 112 114 101 115 105 106 97 32 105 32 122 97 115 116 105 116 97 32 112 111 100 97 116 97 107 97 32 50 48 50 54 46 10 75 111 109 112 ]: Kod 2496
BAJT [32 122 97 115 116 105 116 97 32 112 111 100 97 116 97 107 97 32 50 48 50 54 46 10 75 111 109 112 114 101 115 105 106 97 32 105 32 122 97 115 116 105 116 97 32 112 111 100 97 116 97 107 97 32 50 48 50 54 46 10 75 111 109 112 114 ]: Kod 2551
BAJT [32 122 97 115 116 105 116 97 32 112 111 100 97 116 97 107 97 32 50 48 50 54 46 10 75 111 109 112 114 101 115 105 106 97 32 105 32 122 97 115 116 105 116 97 32 112 111 100 97 116 97 107 97 32 50 48 50 54 46 10 75 111 109 112 114 101 ]: Kod 2592
BAJT [32 122 97 115 116 105 116 97 32 112 111 100 97 116 97 107 97 32 50 48 50 54 46 10 75 111 109 112 114 101 115 105 106 97 32 105 32 122 97 115 116 105 116 97 32 112 111 100 97 116 97 107 97 32 50 48 50 54 46 10 75 111 109 112 114 101 115 ]: Kod 2597
BAJT [32 122 97 115 116 105 116 97 32 112 111 100 97 116 97 107 97 32 50 48 50 54 46 10 75 111 109 112 114 101 115 105 106 97 32 105 32 122 97 115 116 105 116 97 32 112 111 100 97 116 97 107 97 32 50 48 50 54 46 10 75 111 109 112 114 101 115 105 ]: Kod 2648
BAJT [32 122 97 115 116 105 116 97 32 112 111 100 97 116 97 107 97 32 50 48 50 54 46 10 75 111 109 112 114 101 115 105 106 97 32 105 32 122 97 115 116 105 116 97 32 112 111 100 97 116 97 107 97 32 50 48 50 54 46 10 75 111 109 112 114 101 115 105 106 ]: Kod 2698
BAJT [32 122 97 115 116 105 116 97 32 112 111 100 97 116 97 107 97 32 50 48 50 54 46 10 75 111 109 112 114 101 115 105 106 97 32 105 32 122 97 115 116 105 116 97 32 112 111 100 97 116 97 107 97 32 50 48 50 54 46 10 75 111 109 112 114 101 115 105 106 97 ]: Kod 2709
BAJT [32 122 97 115 116 105 116 97 32 112 111 100 97 116 97 107 97 32 50 48 50 54 46 10 75 111 109 112 114 101 115 105 106 97 32 105 32 122 97 115 116 105 116 97 32 112 111 100 97 116 97 107 97 32 50 48 50 54 46 10 75 111 109 112 114 101 115 105 106 97 32 ]: Kod 2767
BAJT [32 122 97 115 116 105 116 97 32 112 111 100 97 116 97 107 97 32 50 48 50 54 46 10 75 111 109 112 114 101 115 105 106 97 32 105 32 122 97 115 116 105 116 97 32 112 111 100 97 116 97 107 97 32 50 48 50 54 46 10 75 111 109 112 114 101 115 105 106 97 32 105 ]: Kod 2794
BAJT [32 122 97 115 116 105 116 97 32 112 111 100 97 116 97 107 97 32 50 48 50 54 46 10 75 111 109 112 114 101 115 105 106 97 32 105 32 122 97 115 116 105 116 97 32 112 111 100 97 116 97 107 97 32 50 48 50 54 46 10 75 111 109 112 114 101 115 105 106 97 32 105 32 ]: Kod 2830
BAJT [32 122 97 115 116 105 116 97 32 112 111 100 97 116 97 107 97 32 50 48 50 54 46 10 75 111 109 112 114 101 115 105 106 97 32 105 32 122 97 115 116 105 116 97 32 112 111 100 97 116 97 107 97 32 50 48 50 54 46 10 75 111 109 112 114 101 115 105 106 97 32 105 32 122 ]: Kod 2831
BAJT [32 122 97 115 116 105 116 97 32 112 111 100 97 116 97 107 97 32 50 48 50 54 46 10 75 111 109 112 114 101 115 105 106 97 32 105 32 122 97 115 116 105 116 97 32 112 111 100 97 116 97 107 97 32 50 48 50 54 46 10 75 111 109 112 114 101 115 105 106 97 32 105 32 122 97 ]: Kod 2884
BAJT [32 122 97 115 116 105 116 97 32 112 111 100 97 116 97 107 97 32 50 48 50 54 46 10 75 111 109 112 114 101 115 105 106 97 32 105 32 122 97 115 116 105 116 97 32 112 111 100 97 116 97 107 97 32 50 48 50 54 46 10 75 111 109 112 114 101 115 105 106 97 32 105 32 122 97 115 ]: Kod 2921
BAJT [32 122 97 115 116 105 116 97 32 112 111 100 97 116 97 107 97 32 50 48 50 54 46 10 75 111 109 112 114 101 115 105 106 97 32 105 32 122 97 115 116 105 116 97 32 112 111 100 97 116 97 107 97 32 50 48 50 54 46 10 75 111 109 112 114 101 115 105 106 97 32 105 32 122 97 115 116 ]: Kod 2956
BAJT [32 122 97 115 116 105 116 97 32 112 111 100 97 116 97 107 97 32 50 48 50 54 46 10 75 111 109 112 114 101 115 105 106 97 32 105 32 122 97 115 116 105 116 97 32 112 111 100 97 116 97 107 97 32 50 48 50 54 46 10 75 111 109 112 114 101 115 105 106 97 32 105 32 122 97 115 116 105 ]: Kod 2999
BAJT [32 122 97 115 116 105 116 97 32 112 111 100 97 116 97 107 97 32 50 48 50 54 46 10 75 111 109 112 114 101 115 105 106 97 32 105 32 122 97 115 116 105 116 97 32 112 111 100 97 116 97 107 97 32 50 48 50 54 46 10 75 111 109 112 114 101 115 105 106 97 32 105 32 122 97 115 116 105 116 ]: Kod 3020
BAJT [32 122 97 115 116 105 116 97 32 112 111 100 97 116 97 107 97 32 50 48 50 54 46 10 75 111 109 112 114 101 115 105 106 97 32 105 32 122 97 115 116 105 116 97 32 112 111 100 97 116 97 107 97 32 50 48 50 54 46 10 75 111 109 112 114 101 115 105 106 97 32 105 32 122 97 115 116 105 116 97 ]: Kod 3098
BAJT [32 122 97 115 116 105 116 97 32 112 111 100 97 116 97 107 97 32 50 48 50 54 46 10 75 111 109 112 114 101 115 105 106 97 32 105 32 122 97 115 116 105 116 97 32 112 111 100 97 116 97 107 97 32 50 48 50 54 46 10 75 111 109 112 114 101 115 105 106 97 32 105 32 122 97 115 116 105 116 97 32 ]: Kod 3103
BAJT [32 122 97 115 116 105 116 97 32 112 111 100 97 116 97 107 97 32 50 48 50 54 46 10 75 111 109 112 114 101 115 105 106 97 32 105 32 122 97 115 116 105 116 97 32 112 111 100 97 116 97 107 97 32 50 48 50 54 46 10 75 111 109 112 114 101 115 105 106 97 32 105 32 122 97 115 116 105 116 97 32 112 ]: Kod 3150
BAJT [32 122 97 115 116 105 116 97 32 112 111 100 97 116 97 107 97 32 50 48 50 54 46 10 75 111 109 112 114 101 115 105 106 97 32 105 32 122 97 115 116 105 116 97 32 112 111 100 97 116 97 107 97 32 50 48 50 54 46 10 75 111 109 112 114 101 115 105 106 97 32 105 32 122 97 115 116 105 116 97 32 112 111 ]: Kod 3154
BAJT [32 122 97 115 116 105 116 97 32 112 111 100 97 116 97 107 97 32 50 48 50 54 46 10 75 111 109 112 114 101 115 105 106 97 32 105 32 122 97 115 116 105 116 97 32 112 111 100 97 116 97 107 97 32 50 48 50 54 46 10 75 111 109 112 114 101 115 105 106 97 32 105 32 122 97 115 116 105 116 97 32 112 111 100 ]: Kod 3219
BAJT [32 122 97 115 116 105 116 97 32 112 111 100 97 116 97 107 97 32 50 48 50 54 46 10 75 111 109 112 114 101 115 105 106 97 32 105 32 122 97 115 116 105 116 97 32 112 111 100 97 116 97 107 97 32 50 48 50 54 46 10 75 111 109 112 114 101 115 105 106 97 32 105 32 122 97 115 116 105 116 97 32 112 111 100 97 ]: Kod 3242
BAJT [32 122 97 115 116 105 116 97 32 112 111 100 97 116 97 107 97 32 50 48 50 54 46 10 75 111 109 112 114 101 115 105 106 97 32 105 32 122 97 115 116 105 116 97 32 112 111 100 97 116 97 107 97 32 50 48 50 54 46 10 75 111 109 112 114 101 115 105 106 97 32 105 32 122 97 115 116 105 116 97 32 112 111 100 97 116 ]: Kod 3300
BAJT [32 122 97 115 116 105 116 97 32 112 111 100 97 116 97 107 97 32 50 48 50 54 46 10 75 111 109 112 114 101 115 105 106 97 32 105 32 122 97 115 116 105 116 97 32 112 111 100 97 116 97 107 97 32 50 48 50 54 46 10 75 111 109 112 114 101 115 105 106 97 32 105 32 122 97 115 116 105 116 97 32 112 111 100 97 116 97 ]: Kod 3324
BAJT [32 122 97 115 116 105 116 97 32 112 111 100 97 116 97 107 97 32 50 48 50 54 46 10 75 111 109 112 114 101 115 105 106 97 32 105 32 122 97 115 116 105 116 97 32 112 111 100 97 116 97 107 97 32 50 48 50 54 46 10 75 111 109 112 114 101 115 105 106 97 32 105 32 122 97 115 116 105 116 97 32 112 111 100 97 116 97 107 ]: Kod 3357
BAJT [32 122 97 115 116 105 116 97 32 112 111 100 97 116 97 107 97 32 50 48 50 54 46 10 75 111 109 112 114 101 115 105 106 97 32 105 32 122 97 115 116 105 116 97 32 112 111 100 97 116 97 107 97 32 50 48 50 54 46 10 75 111 109 112 114 101 115 105 106 97 32 105 32 122 97 115 116 105 116 97 32 112 111 100 97 116 97 107 97 ]: Kod 3388
BAJT [32 122 97 115 116 105 116 97 32 112 111 100 97 116 97 107 97 32 50 48 50 54 46 10 75 111 109 112 114 101 115 105 106 97 32 105 32 122 97 115 116 105 116 97 32 112 111 100 97 116 97 107 97 32 50 48 50 54 46 10 75 111 109 112 114 101 115 105 106 97 32 105 32 122 97 115 116 105 116 97 32 112 111 100 97 116 97 107 97 32 ]: Kod 3447
BAJT [32 122 97 115 116 105 116 97 32 112 111 100 97 116 97 107 97 32 50 48 50 54 46 10 75 111 109 112 114 101 115 105 106 97 32 105 32 122 97 115 116 105 116 97 32 112 111 100 97 116 97 107 97 32 50 48 50 54 46 10 75 111 109 112 114 101 115 105 106 97 32 105 32 122 97 115 116 105 116 97 32 112 111 100 97 116 97 107 97 32 50 ]: Kod 3495
BAJT [32 122 97 115 116 105 116 97 32 112 111 100 97 116 97 107 97 32 50 48 50 54 46 10 75 111 109 112 114 101 115 105 106 97 32 105 32 122 97 115 116 105 116 97 32 112 111 100 97 116 97 107 97 32 50 48 50 54 46 10 75 111 109 112 114 101 115 105 106 97 32 105 32 122 97 115 116 105 116 97 32 112 111 100 97 116 97 107 97 32 50 48 ]: Kod 3522
BAJT [32 122 97 115 116 105 116 97 32 112 111 100 97 116 97 107 97 32 50 48 50 54 46 10 75 111 109 112 114 101 115 105 106 97 32 105 32 122 97 115 116 105 116 97 32 112 111 100 97 116 97 107 97 32 50 48 50 54 46 10 75 111 109 112 114 101 115 105 106 97 32 105 32 122 97 115 116 105 116 97 32 112 111 100 97 116 97 107 97 32 50 48 50 ]: Kod 3562
BAJT [32 122 97 115 116 105 116 97 32 112 111 100 97 116 97 107 97 32 50 48 50 54 46 10 75 111 109 112 114 101 115 105 106 97 32 105 32 122 97 115 116 105 116 97 32 112 111 100 97 116 97 107 97 32 50 48 50 54 46 10 75 111 109 112 114 101 115 105 106 97 32 105 32 122 97 115 116 105 116 97 32 112 111 100 97 116 97 107 97 32 50 48 50 54 ]: Kod 3569
BAJT [32 122 97 115 116 105 116 97 32 112 111 100 97 116 97 107 97 32 50 48 50 54 46 10 75 111 109 112 114 101 115 105 106 97 32 105 32 122 97 115 116 105 116 97 32 112 111 100 97 116 97 107 97 32 50 48 50 54 46 10 75 111 109 112 114 101 115 105 106 97 32 105 32 122 97 115 116 105 116 97 32 112 111 100 97 116 97 107 97 32 50 48 50 54 46 ]: Kod 3626
BAJT [32 122 97 115 116 105 116 97 32 112 111 100 97 116 97 107 97 32 50 48 50 54 46 10 75 111 109 112 114 101 115 105 106 97 32 105 32 122 97 115 116 105 116 97 32 112 111 100 97 116 97 107 97 32 50 48 50 54 46 10 75 111 109 112 114 101 115 105 106 97 32 105 32 122 97 115 116 105 116 97 32 112 111 100 97 116 97 107 97 32 50 48 50 54 46 10 ]: Kod 3661
BAJT [32 122 97 115 116 105 116 97 32 112 111 100 97 116 97 107 97 32 50 48 50 54 46 10 75 111 109 112 114 101 115 105 106 97 32 105 32 122 97 115 116 105 116 97 32 112 111 100 97 116 97 107 97 32 50 48 50 54 46 10 75 111 109 112 114 101 115 105 106 97 32 105 32 122 97 115 116 105 116 97 32 112 111 100 97 116 97 107 97 32 50 48 50 54 46 10 75 ]: Kod 3675
BAJT [32 122 97 115 116 105 116 97 32 112 111 100 97 116 97 107 97 32 50 48 50 54 46 10 75 111 109 112 114 101 115 105 106 97 32 105 32 122 97 115 116 105 116 97 32 112 111 100 97 116 97 107 97 32 50 48 50 54 46 10 75 111 109 112 114 101 115 105 106 97 32 105 32 122 97 115 116 105 116 97 32 112 111 100 97 116 97 107 97 32 50 48 50 54 46 10 75 111 ]: Kod 3744
BAJT [32 122 97 115 116 105 116 97 32 112 111 100 97 116 97 107 97 32 50 48 50 54 46 10 75 111 109 112 114 101 115 105 106 97 32 105 32 122 97 115 116 105 116 97 32 112 111 100 97 116 97 107 97 32 50 48 50 54 46 10 75 111 109 112 114 101 115 105 106 97 32 105 32 122 97 115 116 105 116 97 32 112 111 100 97 116 97 107 97 32 50 48 50 54 46 10 75 111 109 ]: Kod 3776
BAJT [32 122 97 115 116 105 116 97 32 112 111 100 97 116 97 107 97 32 50 48 50 54 46 10 75 111 109 112 114 101 115 105 106 97 32 105 32 122 97 115 116 105 116 97 32 112 111 100 97 116 97 107 97 32 50 48 50 54 46 10 75 111 109 112 114 101 115 105 106 97 32 105 32 122 97 115 116 105 116 97 32 112 111 100 97 116 97 107 97 32 50 48 50 54 46 10 75 111 109 112 ]: Kod 3792
BAJT [32 122 97 115 116 105 116 97 32 112 111 100 97 116 97 107 97 32 50 48 50 54 46 10 75 111 109 112 114 101 115 105 106 97 32 105 32 122 97 115 116 105 116 97 32 112 111 100 97 116 97 107 97 32 50 48 50 54 46 10 75 111 109 112 114 101 115 105 106 97 32 105 32 122 97 115 116 105 116 97 32 112 111 100 97 116 97 107 97 32 50 48 50 54 46 10 75 111 109 112 114 ]: Kod 3847
BAJT [32 122 97 115 116 105 116 97 32 112 111 100 97 116 97 107 97 32 50 48 50 54 46 10 75 111 109 112 114 101 115 105 106 97 32 105 32 122 97 115 116 105 116 97 32 112 111 100 97 116 97 107 97 32 50 48 50 54 46 10 75 111 109 112 114 101 115 105 106 97 32 105 32 122 97 115 116 105 116 97 32 112 111 100 97 116 97 107 97 32 50 48 50 54 46 10 75 111 109 112 114 101 ]: Kod 3888
BAJT [32 122 97 115 116 105 116 97 32 112 111 100 97 116 97 107 97 32 50 48 50 54 46 10 75 111 109 112 114 101 115 105 106 97 32 105 32 122 97 115 116 105 116 97 32 112 111 100 97 116 97 107 97 32 50 48 50 54 46 10 75 111 109 112 114 101 115 105 106 97 32 105 32 122 97 115 116 105 116 97 32 112 111 100 97 116 97 107 97 32 50 48 50 54 46 10 75 111 109 112 114 101 115 ]: Kod 3893
BAJT [32 122 97 115 116 105 116 97 32 112 111 100 97 116 97 107 97 32 50 48 50 54 46 10 75 111 109 112 114 101 115 105 106 97 32 105 32 122 97 115 116 105 116 97 32 112 111 100 97 116 97 107 97 32 50 48 50 54 46 10 75 111 109 112 114 101 115 105 106 97 32 105 32 122 97 115 116 105 116 97 32 112 111 100 97 116 97 107 97 32 50 48 50 54 46 10 75 111 109 112 114 101 115 105 ]: Kod 3944
BAJT [32 122 97 115 116 105 116 97 32 112 111 100 97 116 97 107 97 32 50 48 50 54 46 10 75 111 109 112 114 101 115 105 106 97 32 105 32 122 97 115 116 105 116 97 32 112 111 100 97 116 97 107 97 32 50 48 50 54 46 10 75 111 109 112 114 101 115 105 106 97 32 105 32 122 97 115 116 105 116 97 32 112 111 100 97 116 97 107 97 32 50 48 50 54 46 10 75 111 109 112 114 101 115 105 106 ]: Kod 3994
BAJT [32 122 97 115 116 105 116 97 32 112 111 100 97 116 97 107 97 32 50 48 50 54 46 10 75 111 109 112 114 101 115 105 106 97 32 105 32 122 97 115 116 105 116 97 32 112 111 100 97 116 97 107 97 32 50 48 50 54 46 10 75 111 109 112 114 101 115 105 106 97 32 105 32 122 97 115 116 105 116 97 32 112 111 100 97 116 97 107 97 32 50 48 50 54 46 10 75 111 109 112 114 101 115 105 106 97 ]: Kod 4005
BAJT [32 122 97 115 116 105 116 97 32 112 111 100 97 116 97 107 97 32 50 48 50 54 46 10 75 111 109 112 114 101 115 105 106 97 32 105 32 122 97 115 116 105 116 97 32 112 111 100 97 116 97 107 97 32 50 48 50 54 46 10 75 111 109 112 114 101 115 105 106 97 32 105 32 122 97 115 116 105 116 97 32 112 111 100 97 116 97 107 97 32 50 48 50 54 46 10 75 111 109 112 114 101 115 105 106 97 32 ]: Kod 4063
BAJT [32 122 97 115 116 105 116 97 32 112 111 100 97 116 97 107 97 32 50 48 50 54 46 10 75 111 109 112 114 101 115 105 106 97 32 105 32 122 97 115 116 105 116 97 32 112 111 100 97 116 97 107 97 32 50 48 50 54 46 10 75 111 109 112 114 101 115 105 106 97 32 105 32 122 97 115 116 105 116 97 32 112 111 100 97 116 97 107 97 32 50 48 50 54 46 10 75 111 109 112 114 101 115 105 106 97 32 105 ]: Kod 4090
BAJT [33 ]: Kod 33
BAJT [34 ]: Kod 34
BAJT [35 ]: Kod 35
BAJT [36 ]: Kod 36
BAJT [37 ]: Kod 37
BAJT [38 ]: Kod 38
BAJT [39 ]: Kod 39
BAJT [40 ]: Kod 40
BAJT [41 ]: Kod 41
BAJT [42 ]: Kod 42
BAJT [43 ]: Kod 43
BAJT [44 ]: Kod 44
BAJT [45 ]: Kod 45
BAJT [46 ]: Kod 46
BAJT [46 10 ]: Kod 287
BAJT [46 10 75 ]: Kod 324
BAJT [46 10 75 111 ]: Kod 360
BAJT [46 10 75 111 109 ]: Kod 387
BAJT [46 10 75 111 109 112 ]: Kod 432
BAJT [46 10 75 111 109 112 114 ]: Kod 468
BAJT [46 10 75 111 109 112 114 101 ]: Kod 509
BAJT [46 10 75 111 109 112 114 101 115 ]: Kod 527
BAJT [46 10 75 111 109 112 114 101 115 105 ]: Kod 584
BAJT [46 10 75 111 109 112 114 101 115 105 106 ]: Kod 595
BAJT [46 10 75 111 109 112 114 101 115 105 106 97 ]: Kod 629
BAJT [46 10 75 111 109 112 114 101 115 105 106 97 32 ]: Kod 690
BAJT [46 10 75 111 109 112 114 101 115 105 106 97 32 105 ]: Kod 718
BAJT [46 10 75 111 109 112 114 101 115 105 106 97 32 105 32 ]: Kod 731
BAJT [46 10 75 111 109 112 114 101 115 105 106 97 32 105 32 122 ]: Kod 776
BAJT [46 10 75 111 109 112 114 101 115 105 106 97 32 105 32 122 97 ]: Kod 804
BAJT [46 10 75 111 109 112 114 101 115 105 106 97 32 105 32 122 97 115 ]: Kod 831
BAJT [46 10 75 111 109 112 114 101 115 105 106 97 32 105 32 122 97 115 116 ]: Kod 914
BAJT [46 10 75 111 109 112 114 101 115 105 106 97 32 105 32 122 97 115 116 105 ]: Kod 916
BAJT [46 10 75 111 109 112 114 101 115 105 106 97 32 105 32 122 97 115 116 105 116 ]: Kod 962
BAJT [46 10 75 111 109 112 114 101 115 105 106 97 32 105 32 122 97 115 116 105 116 97 ]: Kod 1002
BAJT [46 10 75 111 109 112 114 101 115 105 106 97 32 105 32 122 97 115 116 105 116 97 32 ]: Kod 1035
BAJT [46 10 75 111 109 112 114 101 115 105 106 97 32 105 32 122 97 115 116 105 116 97 32 112 ]: Kod 1059
BAJT [46 10 75 111 109 112 114 101 115 105 106 97 32 105 32 122 97 115 116 105 116 97 32 112 111 ]: Kod 1124
BAJT [46 10 75 111 109 112 114 101 115 105 106 97 32 105 32 122 97 115 116 105 116 97 32 112 111 100 ]: Kod 1150
BAJT [46 10 75 111 109 112 114 101 115 105 106 97 32 105 32 122 97 115 116 105 116 97 32 112 111 100 97 ]: Kod 1171
BAJT [46 10 75 111 109 112 114 101 115 105 106 97 32 105 32 122 97 115 116 105 116 97 32 112 111 100 97 116 ]: Kod 1226
BAJT [46 10 75 111 109 112 114 101 115 105 106 97 32 105 32 122 97 115 116 105 116 97 32 112 111 100 97 116 97 ]: Kod 1239
BAJT [46 10 75 111 109 112 114 101 115 105 106 97 32 105 32 122 97 115 116 105 116 97 32 112 111 100 97 116 97 107 ]: Kod 1298
BAJT [46 10 75 111 109 112 114 101 115 105 106 97 32 105 32 122 97 115 116 105 116 97 32 112 111 100 97 116 97 107 97 ]: Kod 1328
BAJT [46 10 75 111 109 112 114 101 115 105 106 97 32 105 32 122 97 115 116 105 116 97 32 112 111 100 97 116 97 107 97 32 ]: Kod 1371
BAJT [46 10 75 111 109 112 114 101 115 105 106 97 32 105 32 122 97 115 116 105 116 97 32 112 111 100 97 116 97 107 97 32 50 ]: Kod 1379
BAJT [46 10 75 111 109 112 114 101 115 105 106 97 32 105 32 122 97 115 116 105 116 97 32 112 111 100 97 116 97 107 97 32 50 48 ]: Kod 1418
BAJT [46 10 75 111 109 112 114 101 115 105 106 97 32 105 32 122 97 115 116 105 116 97 32 112 111 100 97 116 97 107 97 32 50 48 50 ]: Kod 1442
BAJT [46 10 75 111 109 112 114 101 115 105 106 97 32 105 32 122 97 115 116 105 116 97 32 112 111 100 97 116 97 107 97 32 50 48 50 54 ]: Kod 1479
BAJT [46 10 75 111 109 112 114 101 115 105 106 97 32 105 32 122 97 115 116 105 116 97 32 112 111 100 97 116 97 107 97 32 50 48 50 54 46 ]: Kod 1578
BAJT [46 10 75 111 109 112 114 101 115 105 106 97 32 105 32 122 97 115 116 105 116 97 32 112 111 100 97 116 97 107 97 32 50 48 50 54 46 10 ]: Kod 1579
BAJT [46 10 75 111 109 112 114 101 115 105 106 97 32 105 32 122 97 115 116 105 116 97 32 112 111 100 97 116 97 107 97 32 50 48 50 54 46 10 75 ]: Kod 1620
BAJT [46 10 75 111 109 112 114 101 115 105 106 97 32 105 32 122 97 115 116 105 116 97 32 112 111 100 97 116 97 107 97 32 50 48 50 54 46 10 75 111 ]: Kod 1656
BAJT [46 10 75 111 109 112 114 101 115 105 106 97 32 105 32 122 97 115 116 105 116 97 32 112 111 100 97 116 97 107 97 32 50 48 50 54 46 10 75 111 109 ]: Kod 1683
BAJT [46 10 75 111 109 112 114 101 115 105 106 97 32 105 32 122 97 115 116 105 116 97 32 112 111 100 97 116 97 107 97 32 50 48 50 54 46 10 75 111 109 112 ]: Kod 1728
BAJT [46 10 75 111 109 112 114 101 115 105 106 97 32 105 32 122 97 115 116 105 116 97 32 112 111 100 97 116 97 107 97 32 50 48 50 54 46 10 75 111 109 112 114 ]: Kod 1764
BAJT [46 10 75 111 109 112 114 101 115 105 106 97 32 105 32 122 97 115 116 105 116 97 32 112 111 100 97 116 97 107 97 32 50 48 50 54 46 10 75 111 109 112 114 101 ]: Kod 1805
BAJT [46 10 75 111 109 112 114 101 115 105 106 97 32 105 32 122 97 115 116 105 116 97 32 112 111 100 97 116 97 107 97 32 50 48 50 54 46 10 75 111 109 112 114 101 115 ]: Kod 1823
BAJT [46 10 75 111 109 112 114 101 115 105 106 97 32 105 32 122 97 115 116 105 116 97 32 112 111 100 97 116 97 107 97 32 50 48 50 54 46 10 75 111 109 112 114 101 115 105 ]: Kod 1880
BAJT [46 10 75 111 109 112 114 101 115 105 106 97 32 105 32 122 97 115 116 105 116 97 32 112 111 100 97 116 97 107 97 32 50 48 50 54 46 10 75 111 109 112 114 101 115 105 106 ]: Kod 1891
BAJT [46 10 75 111 109 112 114 101 115 105 106 97 32 105 32 122 97 115 116 105 116 97 32 112 111 100 97 116 97 107 97 32 50 48 50 54 46 10 75 111 109 112 114 101 115 105 106 97 ]: Kod 1925
BAJT [46 10 75 111 109 112 114 101 115 105 106 97 32 105 32 122 97 115 116 105 116 97 32 112 111 100 97 116 97 107 97 32 50 48 50 54 46 10 75 111 109 112 114 101 115 105 106 97 32 ]: Kod 1986
BAJT [46 10 75 111 109 112 114 101 115 105 106 97 32 105 32 122 97 115 116 105 116 97 32 112 111 100 97 116 97 107 97 32 50 48 50 54 46 10 75 111 109 112 114 101 115 105 106 97 32 105 ]: Kod 2014
BAJT [46 10 75 111 109 112 114 101 115 105 106 97 32 105 32 122 97 115 116 105 116 97 32 112 111 100 97 116 97 107 97 32 50 48 50 54 46 10 75 111 109 112 114 101 115 105 106 97 32 105 32 ]: Kod 2027
BAJT [46 10 75 111 109 112 114 101 115 105 106 97 32 105 32 122 97 115 116 105 116 97 32 112 111 100 97 116 97 107 97 32 50 48 50 54 46 10 75 111 109 112 114 101 115 105 106 97 32 105 32 122 ]: Kod 2072
BAJT [46 10 75 111 109 112 114 101 115 105 106 97 32 105 32 122 97 115 116 105 116 97 32 112 111 100 97 116 97 107 97 32 50 48 50 54 46 10 75 111 109 112 114 101 115 105 106 97 32 105 32 122 97 ]: Kod 2100
BAJT [46 10 75 111 109 112 114 101 115 105 106 97 32 105 32 122 97 115 116 105 116 97 32 112 111 100 97 116 97 107 97 32 50 48 50 54 46 10 75 111 109 112 114 101 115 105 106 97 32 105 32 122 97 115 ]: Kod 2127
BAJT [46 10 75 111 109 112 114 101 115 105 106 97 32 105 32 122 97 115 116 105 116 97 32 112 111 100 97 116 97 107 97 32 50 48 50 54 46 10 75 111 109 112 114 101 115 105 106 97 32 105 32 122 97 115 116 ]: Kod 2210
BAJT [46 10 75 111 109 112 114 101 115 105 106 97 32 105 32 122 97 115 116 105 116 97 32 112 111 100 97 116 97 107 97 32 50 48 50 54 46 10 75 111 109 112 114 101 115 105 106 97 32 105 32 122 97 115 116 105 ]: Kod 2212
BAJT [46 10 75 111 109 112 114 101 115 105 106 97 32 105 32 122 97 115 116 105 116 97 32 112 111 100 97 116 97 107 97 32 50 48 50 54 46 10 75 111 109 112 114 101 115 105 106 97 32 105 32 122 97 115 116 105 116 ]: Kod 2258
BAJT [46 10 75 111 109 112 114 101 115 105 106 97 32 105 32 122 97 115 116 105 116 97 32 112 111 100 97 116 97 107 97 32 50 48 50 54 46 10 75 111 109 112 114 101 115 105 106 97 32 105 32 122 97 115 116 105 116 97 ]: Kod 2298
BAJT [46 10 75 111 109 112 114 101 115 105 106 97 32 105 32 122 97 115 116 105 116 97 32 112 111 100 97 116 97 107 97 32 50 48 50 54 46 10 75 111 109 112 114 101 115 105 106 97 32 105 32 122 97 115 116 105 116 97 32 ]: Kod 2331
BAJT [46 10 75 111 109 112 114 101 115 105 106 97 32 105 32 122 97 115 116 105 116 97 32 112 111 100 97 116 97 107 97 32 50 48 50 54 46 10 75 111 109 112 114 101 115 105 106 97 32 105 32 122 97 115 116 105 116 97 32 112 ]: Kod 2355
BAJT [46 10 75 111 109 112 114 101 115 105 106 97 32 105 32 122 97 115 116 105 116 97 32 112 111 100 97 116 97 107 97 32 50 48 50 54 46 10 75 111 109 112 114 101 115 105 106 97 32 105 32 122 97 115 116 105 116 97 32 112 111 ]: Kod 2420
BAJT [46 10 75 111 109 112 114 101 115 105 106 97 32 105 32 122 97 115 116 105 116 97 32 112 111 100 97 116 97 107 97 32 50 48 50 54 46 10 75 111 109 112 114 101 115 105 106 97 32 105 32 122 97 115 116 105 116 97 32 112 111 100 ]: Kod 2446
BAJT [46 10 75 111 109 112 114 101 115 105 106 97 32 105 32 122 97 115 116 105 116 97 32 112 111 100 97 116 97 107 97 32 50 48 50 54 46 10 75 111 109 112 114 101 115 105 106 97 32 105 32 122 97 115 116 105 116 97 32 112 111 100 97 ]: Kod 2467
BAJT [46 10 75 111 109 112 114 101 115 105 106 97 32 105 32 122 97 115 116 105 116 97 32 112 111 100 97 116 97 107 97 32 50 48 50 54 46 10 75 111 109 112 114 101 115 105 106 97 32 105 32 122 97 115 116 105 116 97 32 112 111 100 97 116 ]: Kod 2522
BAJT [46 10 75 111 109 112 114 101 115 105 106 97 32 105 32 122 97 115 116 105 116 97 32 112 111 100 97 116 97 107 97 32 50 48 50 54 46 10 75 111 109 112 114 101 115 105 106 97 32 105 32 122 97 115 116 105 116 97 32 112 111 100 97 116 97 ]: Kod 2535
BAJT [46 10 75 111 109 112 114 101 115 105 106 97 32 105 32 122 97 115 116 105 116 97 32 112 111 100 97 116 97 107 97 32 50 48 50 54 46 10 75 111 109 112 114 101 115 105 106 97 32 105 32 122 97 115 116 105 116 97 32 112 111 100 97 116 97 107 ]: Kod 2594
BAJT [46 10 75 111 109 112 114 101 115 105 106 97 32 105 32 122 97 115 116 105 116 97 32 112 111 100 97 116 97 107 97 32 50 48 50 54 46 10 75 111 109 112 114 101 115 105 106 97 32 105 32 122 97 115 116 105 116 97 32 112 111 100 97 116 97 107 97 ]: Kod 2624
BAJT [46 10 75 111 109 112 114 101 115 105 106 97 32 105 32 122 97 115 116 105 116 97 32 112 111 100 97 116 97 107 97 32 50 48 50 54 46 10 75 111 109 112 114 101 115 105 106 97 32 105 32 122 97 115 116 105 116 97 32 112 111 100 97 116 97 107 97 32 ]: Kod 2667
BAJT [46 10 75 111 109 112 114 101 115 105 106 97 32 105 32 122 97 115 116 105 116 97 32 112 111 100 97 116 97 107 97 32 50 48 50 54 46 10 75 111 109 112 114 101 115 105 106 97 32 105 32 122 97 115 116 105 116 97 32 112 111 100 97 116 97 107 97 32 50 ]: Kod 2675
BAJT [46 10 75 111 109 112 114 101 115 105 106 97 32 105 32 122 97 115 116 105 116 97 32 112 111 100 97 116 97 107 97 32 50 48 50 54 46 10 75 111 109 112 114 101 115 105 106 97 32 105 32 122 97 115 116 105 116 97 32 112 111 100 97 116 97 107 97 32 50 48 ]: Kod 2714
BAJT [46 10 75 111 109 112 114 101 115 105 106 97 32 105 32 122 97 115 116 105 116 97 32 112 111 100 97 116 97 107 97 32 50 48 50 54 46 10 75 111 109 112 114 101 115 105 106 97 32 105 32 122 97 115 116 105 116 97 32 112 111 100 97 116 97 107 97 32 50 48 50 ]: Kod 2738
BAJT [46 10 75 111 109 112 114 101 115 105 106 97 32 105 32 122 97 115 116 105 116 97 32 112 111 100 97 116 97 107 97 32 50 48 50 54 46 10 75 111 109 112 114 101 115 105 106 97 32 105 32 122 97 115 116 105 116 97 32 112 111 100 97 116 97 107 97 32 50 48 50 54 ]: Kod 2775
BAJT [46 10 75 111 109 112 114 101 115 105 106 97 32 105 32 122 97 115 116 105 116 97 32 112 111 100 97 116 97 107 97 32 50 48 50 54 46 10 75 111 109 112 114 101 115 105 106 97 32 105 32 122 97 115 116 105 116 97 32 112 111 100 97 116 97 107 97 32 50 48 50 54 46 ]: Kod 2874
BAJT [46 10 75 111 109 112 114 101 115 105 106 97 32 105 32 122 97 115 116 105 116 97 32 112 111 100 97 116 97 107 97 32 50 48 50 54 46 10 75 111 109 112 114 101 115 105 106 97 32 105 32 122 97 115 116 105 116 97 32 112 111 100 97 116 97 107 97 32 50 48 50 54 46 10 ]: Kod 2875
BAJT [46 10 75 111 109 112 114 101 115 105 106 97 32 105 32 122 97 115 116 105 116 97 32 112 111 100 97 116 97 107 97 32 50 48 50 54 46 10 75 111 109 112 114 101 115 105 106 97 32 105 32 122 97 115 116 105 116 97 32 112 111 100 97 116 97 107 97 32 50 48 50 54 46 10 75 ]: Kod 2916
BAJT [46 10 75 111 109 112 114 101 115 105 106 97 32 105 32 122 97 115 116 105 116 97 32 112 111 100 97 116 97 107 97 32 50 48 50 54 46 10 75 111 109 112 114 101 115 105 106 97 32 105 32 122 97 115 116 105 116 97 32 112 111 100 97 116 97 107 97 32 50 48 50 54 46 10 75 111 ]: Kod 2952
BAJT [46 10 75 111 109 112 114 101 115 105 106 97 32 105 32 122 97 115 116 105 116 97 32 112 111 100 97 116 97 107 97 32 50 48 50 54 46 10 75 111 109 112 114 101 115 105 106 97 32 105 32 122 97 115 116 105 116 97 32 112 111 100 97 116 97 107 97 32 50 48 50 54 46 10 75 111 109 ]: Kod 2979
BAJT [46 10 75 111 109 112 114 101 115 105 106 97 32 105 32 122 97 115 116 105 116 97 32 112 111 100 97 116 97 107 97 32 50 48 50 54 46 10 75 111 109 112 114 101 115 105 106 97 32 105 32 122 97 115 116 105 116 97 32 112 111 100 97 116 97 107 97 32 50 48 50 54 46 10 75 111 109 112 ]: Kod 3024
BAJT [46 10 75 111 109 112 114 101 115 105 106 97 32 105 32 122 97 115 116 105 116 97 32 112 111 100 97 116 97 107 97 32 50 48 50 54 46 10 75 111 109 112 114 101 115 105 106 97 32 105 32 122 97 115 116 105 116 97 32 112 111 100 97 116 97 107 97 32 50 48 50 54 46 10 75 111 109 112 114 ]: Kod 3060
BAJT [46 10 75 111 109 112 114 101 115 105 106 97 32 105 32 122 97 115 116 105 116 97 32 112 111 100 97 116 97 107 97 32 50 48 50 54 46 10 75 111 109 112 114 101 115 105 106 97 32 105 32 122 97 115 116 105 116 97 32 112 111 100 97 116 97 107 97 32 50 48 50 54 46 10 75 111 109 112 114 101 ]: Kod 3101
BAJT [46 10 75 111 109 112 114 101 115 105 106 97 32 105 32 122 97 115 116 105 116 97 32 112 111 100 97 116 97 107 97 32 50 48 50 54 46 10 75 111 109 112 114 101 115 105 106 97 32 105 32 122 97 115 116 105 116 97 32 112 111 100 97 116 97 107 97 32 50 48 50 54 46 10 75 111 109 112 114 101 115 ]: Kod 3119
BAJT [46 10 75 111 109 112 114 101 115 105 106 97 32 105 32 122 97 115 116 105 116 97 32 112 111 100 97 116 97 107 97 32 50 48 50 54 46 10 75 111 109 112 114 101 115 105 106 97 32 105 32 122 97 115 116 105 116 97 32 112 111 100 97 116 97 107 97 32 50 48 50 54 46 10 75 111 109 112 114 101 115 105 ]: Kod 3176
BAJT [46 10 75 111 109 112 114 101 115 105 106 97 32 105 32 122 97 115 116 105 116 97 32 112 111 100 97 116 97 107 97 32 50 48 50 54 46 10 75 111 109 112 114 101 115 105 106 97 32 105 32 122 97 115 116 105 116 97 32 112 111 100 97 116 97 107 97 32 50 48 50 54 46 10 75 111 109 112 114 101 115 105 106 ]: Kod 3187
BAJT [46 10 75 111 109 112 114 101 115 105 106 97 32 105 32 122 97 115 116 105 116 97 32 112 111 100 97 116 97 107 97 32 50 48 50 54 46 10 75 111 109 112 114 101 115 105 106 97 32 105 32 122 97 115 116 105 116 97 32 112 111 100 97 116 97 107 97 32 50 48 50 54 46 10 75 111 109 112 114 101 115 105 106 97 ]: Kod 3221
BAJT [46 10 75 111 109 112 114 101 115 105 106 97 32 105 32 122 97 115 116 105 116 97 32 112 111 100 97 116 97 107 97 32 50 48 50 54 46 10 75 111 109 112 114 101 115 105 106 97 32 105 32 122 97 115 116 105 116 97 32 112 111 100 97 116 97 107 97 32 50 48 50 54 46 10 75 111 109 112 114 101 115 105 106 97 32 ]: Kod 3282
BAJT [46 10 75 111 109 112 114 101 115 105 106 97 32 105 32 122 97 115 116 105 116 97 32 112 111 100 97 116 97 107 97 32 50 48 50 54 46 10 75 111 109 112 114 101 115 105 106 97 32 105 32 122 97 115 116 105 116 97 32 112 111 100 97 116 97 107 97 32 50 48 50 54 46 10 75 111 109 112 114 101 115 105 106 97 32 105 ]: Kod 3310
BAJT [46 10 75 111 109 112 114 101 115 105 106 97 32 105 32 122 97 115 116 105 116 97 32 112 111 100 97 116 97 107 97 32 50 48 50 54 46 10 75 111 109 112 114 101 115 105 106 97 32 105 32 122 97 115 116 105 116 97 32 112 111 100 97 116 97 107 97 32 50 48 50 54 46 10 75 111 109 112 114 101 115 105 106 97 32 105 32 ]: Kod 3323
BAJT [46 10 75 111 109 112 114 101 115 105 106 97 32 105 32 122 97 115 116 105 116 97 32 112 111 100 97 116 97 107 97 32 50 48 50 54 46 10 75 111 109 112 114 101 115 105 106 97 32 105 32 122 97 115 116 105 116 97 32 112 111 100 97 116 97 107 97 32 50 48 50 54 46 10 75 111 109 112 114 101 115 105 106 97 32 105 32 122 ]: Kod 3368
BAJT [46 10 75 111 109 112 114 101 115 105 106 97 32 105 32 122 97 115 116 105 116 97 32 112 111 100 97 116 97 107 97 32 50 48 50 54 46 10 75 111 109 112 114 101 115 105 106 97 32 105 32 122 97 115 116 105 116 97 32 112 111 100 97 116 97 107 97 32 50 48 50 54 46 10 75 111 109 112 114 101 115 105 106 97 32 105 32 122 97 ]: Kod 3396
BAJT [46 10 75 111 109 112 114 101 115 105 106 97 32 105 32 122 97 115 116 105 116 97 32 112 111 100 97 116 97 107 97 32 50 48 50 54 46 10 75 111 109 112 114 101 115 105 106 97 32 105 32 122 97 115 116 105 116 97 32 112 111 100 97 116 97 107 97 32 50 48 50 54 46 10 75 111 109 112 114 101 115 105 106 97 32 105 32 122 97 115 ]: Kod 3423
BAJT [46 10 75 111 109 112 114 101 115 105 106 97 32 105 32 122 97 115 116 105 116 97 32 112 111 100 97 116 97 107 97 32 50 48 50 54 46 10 75 111 109 112 114 101 115 105 106 97 32 105 32 122 97 115 116 105 116 97 32 112 111 100 97 116 97 107 97 32 50 48 50 54 46 10 75 111 109 112 114 101 115 105 106 97 32 105 32 122 97 115 116 ]: Kod 3506
BAJT [46 10 75 111 109 112 114 101 115 105 106 97 32 105 32 122 97 115 116 105 116 97 32 112 111 100 97 116 97 107 97 32 50 48 50 54 46 10 75 111 109 112 114 101 115 105 106 97 32 105 32 122 97 115 116 105 116 97 32 112 111 100 97 116 97 107 97 32 50 48 50 54 46 10 75 111 109 112 114 101 115 105 106 97 32 105 32 122 97 115 116 105 ]: Kod 3508
BAJT [46 10 75 111 109 112 114 101 115 105 106 97 32 105 32 122 97 115 116 105 116 97 32 112 111 100 97 116 97 107 97 32 50 48 50 54 46 10 75 111 109 112 114 101 115 105 106 97 32 105 32 122 97 115 116 105 116 97 32 112 111 100 97 116 97 107 97 32 50 48 50 54 46 10 75 111 109 112 114 101 115 105 106 97 32 105 32 122 97 115 116 105 116 ]: Kod 3554
BAJT [46 10 75 111 109 112 114 101 115 105 106 97 32 105 32 122 97 115 116 105 116 97 32 112 111 100 97 116 97 107 97 32 50 48 50 54 46 10 75 111 109 112 114 101 115 105 106 97 32 105 32 122 97 115 116 105 116 97 32 112 111 100 97 116 97 107 97 32 50 48 50 54 46 10 75 111 109 112 114 101 115 105 106 97 32 105 32 122 97 115 116 105 116 97 ]: Kod 3594
BAJT [46 10 75 111 109 112 114 101 115 105 106 97 32 105 32 122 97 115 116 105 116 97 32 112 111 100 97 116 97 107 97 32 50 48 50 54 46 10 75 111 109 112 114 101 115 105 106 97 32 105 32 122 97 115 116 105 116 97 32 112 111 100 97 116 97 107 97 32 50 48 50 54 46 10 75 111 109 112 114 101 115 105 106 97 32 105 32 122 97 115 116 105 116 97 32 ]: Kod 3627
BAJT [46 10 75 111 109 112 114 101 115 105 106 97 32 105 32 122 97 115 116 105 116 97 32 112 111 100 97 116 97 107 97 32 50 48 50 54 46 10 75 111 109 112 114 101 115 105 106 97 32 105 32 122 97 115 116 105 116 97 32 112 111 100 97 116 97 107 97 32 50 48 50 54 46 10 75 111 109 112 114 101 115 105 106 97 32 105 32 122 97 115 116 105 116 97 32 112 ]: Kod 3651
BAJT [46 10 75 111 109 112 114 101 115 105 106 97 32 105 32 122 97 115 116 105 116 97 32 112 111 100 97 116 97 107 97 32 50 48 50 54 46 10 75 111 109 112 114 101 115 105 106 97 32 105 32 122 97 115 116 105 116 97 32 112 111 100 97 116 97 107 97 32 50 48 50 54 46 10 75 111 109 112 114 101 115 105 106 97 32 105 32 122 97 115 116 105 116 97 32 112 111 ]: Kod 3716
BAJT [46 10 75 111 109 112 114 101 115 105 106 97 32 105 32 122 97 115 116 105 116 97 32 112 111 100 97 116 97 107 97 32 50 48 50 54 46 10 75 111 109 112 114 101 115 105 106 97 32 105 32 122 97 115 116 105 116 97 32 112 111 100 97 116 97 107 97 32 50 48 50 54 46 10 75 111 109 112 114 101 115 105 106 97 32 105 32 122 97 115 116 105 116 97 32 112 111 100 ]: Kod 3742
BAJT [46 10 75 111 109 112 114 101 115 105 106 97 32 105 32 122 97 115 116 105 116 97 32 112 111 100 97 116 97 107 97 32 50 48 50 54 46 10 75 111 109 112 114 101 115 105 106 97 32 105 32 122 97 115 116 105 116 97 32 112 111 100 97 116 97 107 97 32 50 48 50 54 46 10 75 111 109 112 114 101 115 105 106 97 32 105 32 122 97 115 116 105 116 97 32 112 111 100 97 ]: Kod 3763
BAJT [46 10 75 111 109 112 114 101 115 105 106 97 32 105 32 122 97 115 116 105 116 97 32 112 111 100 97 116 97 107 97 32 50 48 50 54 46 10 75 111 109 112 114 101 115 105 106 97 32 105 32 122 97 115 116 105 116 97 32 112 111 100 97 116 97 107 97 32 50 48 50 54 46 10 75 111 109 112 114 101 115 105 106 97 32 105 32 122 97 115 116 105 116 97 32 112 111 100 97 116 ]: Kod 3818
BAJT [46 10 75 111 109 112 114 101 115 105 106 97 32 105 32 122 97 115 116 105 116 97 32 112 111 100 97 116 97 107 97 32 50 48 50 54 46 10 75 111 109 112 114 101 115 105 106 97 32 105 32 122 97 115 116 105 116 97 32 112 111 100 97 116 97 107 97 32 50 48 50 54 46 10 75 111 109 112 114 101 115 105 106 97 32 105 32 122 97 115 116 105 116 97 32 112 111 100 97 116 97 ]: Kod 3831
BAJT [46 10 75 111 109 112 114 101 115 105 106 97 32 105 32 122 97 115 116 105 116 97 32 112 111 100 97 116 97 107 97 32 50 48 50 54 46 10 75 111 109 112 114 101 115 105 106 97 32 105 32 122 97 115 116 105 116 97 32 112 111 100 97 116 97 107 97 32 50 48 50 54 46 10 75 111 109 112 114 101 115 105 106 97 32 105 32 122 97 115 116 105 116 97 32 112 111 100 97 116 97 107 ]: Kod 3890
BAJT [46 10 75 111 109 112 114 101 115 105 106 97 32 105 32 122 97 115 116 105 116 97 32 112 111 100 97 116 97 107 97 32 50 48 50 54 46 10 75 111 109 112 114 101 115 105 106 97 32 105 32 122 97 115 116 105 116 97 32 112 111 100 97 116 97 107 97 32 50 48 50 54 46 10 75 111 109 112 114 101 115 105 106 97 32 105 32 122 97 115 116 105 116 97 32 112 111 100 97 116 97 107 97 ]: Kod 3920
BAJT [46 10 75 111 109 112 114 101 115 105 106 97 32 105 32 122 97 115 116 105 116 97 32 112 111 100 97 116 97 107 97 32 50 48 50 54 46 10 75 111 109 112 114 101 115 105 106 97 32 105 32 122 97 115 116 105 116 97 32 112 111 100 97 116 97 107 97 32 50 48 50 54 46 10 75 111 109 112 114 101 115 105 106 97 32 105 32 122 97 115 116 105 116 97 32 112 111 100 97 116 97 107 97 32 ]: Kod 3963
BAJT [46 10 75 111 109 112 114 101 115 105 106 97 32 105 32 122 97 115 116 105 116 97 32 112 111 100 97 116 97 107 97 32 50 48 50 54 46 10 75 111 109 112 114 101 115 105 106 97 32 105 32 122 97 115 116 105 116 97 32 112 111 100 97 116 97 107 97 32 50 48 50 54 46 10 75 111 109 112 114 101 115 105 106 97 32 105 32 122 97 115 116 105 116 97 32 112 111 100 97 116 97 107 97 32 50 ]: Kod 3971
BAJT [46 10 75 111 109 112 114 101 115 105 106 97 32 105 32 122 97 115 116 105 116 97 32 112 111 100 97 116 97 107 97 32 50 48 50 54 46 10 75 111 109 112 114 101 115 105 106 97 32 105 32 122 97 115 116 105 116 97 32 112 111 100 97 116 97 107 97 32 50 48 50 54 46 10 75 111 109 112 114 101 115 105 106 97 32 105 32 122 97 115 116 105 116 97 32 112 111 100 97 116 97 107 97 32 50 48 ]: Kod 4010
BAJT [46 10 75 111 109 112 114 101 115 105 106 97 32 105 32 122 97 115 116 105 116 97 32 112 111 100 97 116 97 107 97 32 50 48 50 54 46 10 75 111 109 112 114 101 115 105 106 97 32 105 32 122 97 115 116 105 116 97 32 112 111 100 97 116 97 107 97 32 50 48 50 54 46 10 75 111 109 112 114 101 115 105 106 97 32 105 32 122 97 115 116 105 116 97 32 112 111 100 97 116 97 107 97 32 50 48 50 ]: Kod 4034
BAJT [46 10 75 111 109 112 114 101 115 105 106 97 32 105 32 122 97 115 116 105 116 97 32 112 111 100 97 116 97 107 97 32 50 48 50 54 46 10 75 111 109 112 114 101 115 105 106 97 32 105 32 122 97 115 116 105 116 97 32 112 111 100 97 116 97 107 97 32 50 48 50 54 46 10 75 111 109 112 114 101 115 105 106 97 32 105 32 122 97 115 116 105 116 97 32 112 111 100 97 116 97 107 97 32 50 48 50 54 ]: Kod 4071
BAJT [47 ]: Kod 47
BAJT [48 ]: Kod 48
BAJT [48 50 ]: Kod 284
BAJT [48 50 54 ]: Kod 304
BAJT [48 50 54 46 ]: Kod 359
BAJT [48 50 54 46 10 ]: Kod 369
BAJT [48 50 54 46 10 75 ]: Kod 425
BAJT [48 50 54 46 10 75 111 ]: Kod 444
BAJT [48 50 54 46 10 75 111 109 ]: Kod 489
BAJT [48 50 54 46 10 75 111 109 112 ]: Kod 518
BAJT [48 50 54 46 10 75 111 109 112 114 ]: Kod 564
BAJT [48 50 54 46 10 75 111 109 112 114 101 ]: Kod 609
BAJT [48 50 54 46 10 75 111 109 112 114 101 115 ]: Kod 619
BAJT [48 50 54 46 10 75 111 109 112 114 101 115 105 ]: Kod 681
BAJT [48 50 54 46 10 75 111 109 112 114 101 115 105 106 ]: Kod 715
BAJT [48 50 54 46 10 75 111 109 112 114 101 115 105 106 97 ]: Kod 736
BAJT [48 50 54 46 10 75 111 109 112 114 101 115 105 106 97 32 ]: Kod 771
BAJT [48 50 54 46 10 75 111 109 112 114 101 115 105 106 97 32 105 ]: Kod 822
BAJT [48 50 54 46 10 75 111 109 112 114 101 115 105 106 97 32 105 32 ]: Kod 854
BAJT [48 50 54 46 10 75 111 109 112 114 101 115 105 106 97 32 105 32 122 ]: Kod 906
BAJT [48 50 54 46 10 75 111 109 112 114 101 115 105 106 97 32 105 32 122 97 ]: Kod 931
BAJT [48 50 54 46 10 75 111 109 112 114 101 115 105 106 97 32 105 32 122 97 115 ]: Kod 944
BAJT [48 50 54 46 10 75 111 109 112 114 101 115 105 106 97 32 105 32 122 97 115 116 ]: Kod 1007
BAJT [48 50 54 46 10 75 111 109 112 114 101 115 105 106 97 32 105 32 122 97 115 116 105 ]: Kod 1030
BAJT [48 50 54 46 10 75 111 109 112 114 101 115 105 106 97 32 105 32 122 97 115 116 105 116 ]: Kod 1062
BAJT [48 50 54 46 10 75 111 109 112 114 101 115 105 106 97 32 105 32 122 97 115 116 105 116 97 ]: Kod 1109
BAJT [48 50 54 46 10 75 111 109 112 114 101 115 105 106 97 32 105 32 122 97 115 116 105 116 97 32 ]: Kod 1115
BAJT [48 50 54 46 10 75 111 109 112 114 101 115 105 106 97 32 105 32 122 97 115 116 105 116 97 32 112 ]: Kod 1157
BAJT [48 50 54 46 10 75 111 109 112 114 101 115 105 106 97 32 105 32 122 97 115 116 105 116 97 32 112 111 ]: Kod 1206
BAJT [48 50 54 46 10 75 111 109 112 114 101 115 105 106 97 32 105 32 122 97 115 116 105 116 97 32 112 111 100 ]: Kod 1248
BAJT [48 50 54 46 10 75 111 109 112 114 101 115 105 106 97 32 105 32 122 97 115 116 105 116 97 32 112 111 100 97 ]: Kod 1272
BAJT [48 50 54 46 10 75 111 109 112 114 101 115 105 106 97 32 105 32 122 97 115 116 105 116 97 32 112 111 100 97 116 ]: Kod 1304
BAJT [48 50 54 46 10 75 111 109 112 114 101 115 105 106 97 32 105 32 122 97 115 116 105 116 97 32 112 111 100 97 116 97 ]: Kod 1310
BAJT [48 50 54 46 10 75 111 109 112 114 101 115 105 106 97 32 105 32 122 97 115 116 105 116 97 32 112 111 100 97 116 97 107 ]: Kod 1397
BAJT [48 50 54 46 10 75 111 109 112 114 101 115 105 106 97 32 105 32 122 97 115 116 105 116 97 32 112 111 100 97 116 97 107 97 ]: Kod 1419
BAJT [48 50 54 46 10 75 111 109 112 114 101 115 105 106 97 32 105 32 122 97 115 116 105 116 97 32 112 111 100 97 116 97 107 97 32 ]: Kod 1462
BAJT [48 50 54 46 10 75 111 109 112 114 101 115 105 106 97 32 105 32 122 97 115 116 105 116 97 32 112 111 100 97 116 97 107 97 32 50 ]: Kod 1482
BAJT [48 50 54 46 10 75 111 109 112 114 101 115 105 106 97 32 105 32 122 97 115 116 105 116 97 32 112 111 100 97 116 97 107 97 32 50 48 ]: Kod 1572
BAJT [48 50 54 46 10 75 111 109 112 114 101 115 105 106 97 32 105 32 122 97 115 116 105 116 97 32 112 111 100 97 116 97 107 97 32 50 48 50 ]: Kod 1573
BAJT [48 50 54 46 10 75 111 109 112 114 101 115 105 106 97 32 105 32 122 97 115 116 105 116 97 32 112 111 100 97 116 97 107 97 32 50 48 50 54 ]: Kod 1598
BAJT [48 50 54 46 10 75 111 109 112 114 101 115 105 106 97 32 105 32 122 97 115 116 105 116 97 32 112 111 100 97 116 97 107 97 32 50 48 50 54 46 ]: Kod 1655
BAJT [48 50 54 46 10 75 111 109 112 114 101 115 105 106 97 32 105 32 122 97 115 116 105 116 97 32 112 111 100 97 116 97 107 97 32 50 48 50 54 46 10 ]: Kod 1665
BAJT [48 50 54 46 10 75 111 109 112 114 101 115 105 106 97 32 105 32 122 97 115 116 105 116 97 32 112 111 100 97 116 97 107 97 32 50 48 50 54 46 10 75 ]: Kod 1721
BAJT [48 50 54 46 10 75 111 109 112 114 101 115 105 106 97 32 105 32 122 97 115 116 105 116 97 32 112 111 100 97 116 97 107 97 32 50 48 50 54 46 10 75 111 ]: Kod 1740
BAJT [48 50 54 46 10 75 111 109 112 114 101 115 105 106 97 32 105 32 122 97 115 116 105 116 97 32 112 111 100 97 116 97 107 97 32 50 48 50 54 46 10 75 111 109 ]: Kod 1785
BAJT [48 50 54 46 10 75 111 109 112 114 101 115 105 106 97 32 105 32 122 97 115 116 105 116 97 32 112 111 100 97 116 97 107 97 32 50 48 50 54 46 10 75 111 109 112 ]: Kod 1814
BAJT [48 50 54 46 10 75 111 109 112 114 101 115 105 106 97 32 105 32 122 97 115 116 105 116 97 32 112 111 100 97 116 97 107 97 32 50 48 50 54 46 10 75 111 109 112 114 ]: Kod 1860
BAJT [48 50 54 46 10 75 111 109 112 114 101 115 105 106 97 32 105 32 122 97 115 116 105 116 97 32 112 111 100 97 116 97 107 97 32 50 48 50 54 46 10 75 111 109 112 114 101 ]: Kod 1905
BAJT [48 50 54 46 10 75 111 109 112 114 101 115 105 106 97 32 105 32 122 97 115 116 105 116 97 32 112 111 100 97 116 97 107 97 32 50 48 50 54 46 10 75 111 109 112 114 101 115 ]: Kod 1915
BAJT [48 50 54 46 10 75 111 109 112 114 101 115 105 106 97 32 105 32 122 97 115 116 105 116 97 32 112 111 100 97 116 97 107 97 32 50 48 50 54 46 10 75 111 109 112 114 101 115 105 ]: Kod 1977
BAJT [48 50 54 46 10 75 111 109 112 114 101 115 105 106 97 32 105 32 122 97 115 116 105 116 97 32 112 111 100 97 116 97 107 97 32 50 48 50 54 46 10 75 111 109 112 114 101 115 105 106 ]: Kod 2011
BAJT [48 50 54 46 10 75 111 109 112 114 101 115 105 106 97 32 105 32 122 97 115 116 105 116 97 32 112 111 100 97 116 97 107 97 32 50 48 50 54 46 10 75 111 109 112 114 101 115 105 106 97 ]: Kod 2032
BAJT [48 50 54 46 10 75 111 109 112 114 101 115 105 106 97 32 105 32 122 97 115 116 105 116 97 32 112 111 100 97 116 97 107 97 32 50 48 50 54 46 10 75 111 109 112 114 101 115 105 106 97 32 ]: Kod 2067
BAJT [48 50 54 46 10 75 111 109 112 114 101 115 105 106 97 32 105 32 122 97 115 116 105 116 97 32 112 111 100 97 116 97 107 97 32 50 48 50 54 46 10 75 111 109 112 114 101 115 105 106 97 32 105 ]: Kod 2118
BAJT [48 50 54 46 10 75 111 109 112 114 101 115 105 106 97 32 105 32 122 97 115 116 105 116 97 32 112 111 100 97 116 97 107 97 32 50 48 50 54 46 10 75 111 109 112 114 101 115 105 106 97 32 105 32 ]: Kod 2150
BAJT [48 50 54 46 10 75 111 109 112 114 101 115 105 106 97 32 105 32 122 97 115 116 105 116 97 32 112 111 100 97 116 97 107 97 32 50 48 50 54 46 10 75 111 109 112 114 101 115 105 106 97 32 105 32 122 ]: Kod 2202
BAJT [48 50 54 46 10 75 111 109 112 114 101 115 105 106 97 32 105 32 122 97 115 116 105 116 97 32 112 111 100 97 116 97 107 97 32 50 48 50 54 46 10 75 111 109 112 114 101 115 105 106 97 32 105 32 122 97 ]: Kod 2227
BAJT [48 50 54 46 10 75 111 109 112 114 101 115 105 106 97 32 105 32 122 97 115 116 105 116 97 32 112 111 100 97 116 97 107 97 32 50 48 50 54 46 10 75 111 109 112 114 101 115 105 106 97 32 105 32 122 97 115 ]: Kod 2240
BAJT [48 50 54 46 10 75 111 109 112 114 101 115 105 106 97 32 105 32 122 97 115 116 105 116 97 32 112 111 100 97 116 97 107 97 32 50 48 50 54 46 10 75 111 109 112 114 101 115 105 106 97 32 105 32 122 97 115 116 ]: Kod 2303
BAJT [48 50 54 46 10 75 111 109 112 114 101 115 105 106 97 32 105 32 122 97 115 116 105 116 97 32 112 111 100 97 116 97 107 97 32 50 48 50 54 46 10 75 111 109 112 114 101 115 105 106 97 32 105 32 122 97 115 116 105 ]: Kod 2326
BAJT [48 50 54 46 10 75 111 109 112 114 101 115 105 106 97 32 105 32 122 97 115 116 105 116 97 32 112 111 100 97 116 97 107 97 32 50 48 50 54 46 10 75 111 109 112 114 101 115 105 106 97 32 105 32 122 97 115 116 105 116 ]: Kod 2358
BAJT [48 50 54 46 10 75 111 109 112 114 101 115 105 106 97 32 105 32 122 97 115 116 105 116 97 32 112 111 100 97 116 97 107 97 32 50 48 50 54 46 10 75 111 109 112 114 101 115 105 106 97 32 105 32 122 97 115 116 105 116 97 ]: Kod 2405
BAJT [48 50 54 46 10 75 111 109 112 114 101 115 105 106 97 32 105 32 122 97 115 116 105 116 97 32 112 111 100 97 116 97 107 97 32 50 48 50 54 46 10 75 111 109 112 114 101 115 105 106 97 32 105 32 122 97 115 116 105 116 97 32 ]: Kod 2411
BAJT [48 50 54 46 10 75 111 109 112 114 101 115 105 106 97 32 105 32 122 97 115 116 105 116 97 32 112 111 100 97 116 97 107 97 32 50 48 50 54 46 10 75 111 109 112 114 101 115 105 106 97 32 105 32 122 97 115 116 105 116 97 32 112 ]: Kod 2453
BAJT [48 50 54 46 10 75 111 109 112 114 101 115 105 106 97 32 105 32 122 97 115 116 105 116 97 32 112 111 100 97 116 97 107 97 32 50 48 50 54 46 10 75 111 109 112 114 101 115 105 106 97 32 105 32 122 97 115 116 105 116 97 32 112 111 ]: Kod 2502
BAJT [48 50 54 46 10 75 111 109 112 114 101 115 105 106 97 32 105 32 122 97 115 116 105 116 97 32 112 111 100 97 116 97 107 97 32 50 48 50 54 46 10 75 111 109 112 114 101 115 105 106 97 32 105 32 122 97 115 116 105 116 97 32 112 111 100 ]: Kod 2544
BAJT [48 50 54 46 10 75 111 109 112 114 101 115 105 106 97 32 105 32 122 97 115 116 105 116 97 32 112 111 100 97 116 97 107 97 32 50 48 50 54 46 10 75 111 109 112 114 101 115 105 106 97 32 105 32 122 97 115 116 105 116 97 32 112 111 100 97 ]: Kod 2568
BAJT [48 50 54 46 10 75 111 109 112 114 101 115 105 106 97 32 105 32 122 97 115 116 105 116 97 32 112 111 100 97 116 97 107 97 32 50 48 50 54 46 10 75 111 109 112 114 101 115 105 106 97 32 105 32 122 97 115 116 105 116 97 32 112 111 100 97 116 ]: Kod 2600
BAJT [48 50 54 46 10 75 111 109 112 114 101 115 105 106 97 32 105 32 122 97 115 116 105 116 97 32 112 111 100 97 116 97 107 97 32 50 48 50 54 46 10 75 111 109 112 114 101 115 105 106 97 32 105 32 122 97 115 116 105 116 97 32 112 111 100 97 116 97 ]: Kod 2606
BAJT [48 50 54 46 10 75 111 109 112 114 101 115 105 106 97 32 105 32 122 97 115 116 105 116 97 32 112 111 100 97 116 97 107 97 32 50 48 50 54 46 10 75 111 109 112 114 101 115 105 106 97 32 105 32 122 97 115 116 105 116 97 32 112 111 100 97 116 97 107 ]: Kod 2693
BAJT [48 50 54 46 10 75 111 109 112 114 101 115 105 106 97 32 105 32 122 97 115 116 105 116 97 32 112 111 100 97 116 97 107 97 32 50 48 50 54 46 10 75 111 109 112 114 101 115 105 106 97 32 105 32 122 97 115 116 105 116 97 32 112 111 100 97 116 97 107 97 ]: Kod 2715
BAJT [48 50 54 46 10 75 111 109 112 114 101 115 105 106 97 32 105 32 122 97 115 116 105 116 97 32 112 111 100 97 116 97 107 97 32 50 48 50 54 46 10 75 111 109 112 114 101 115 105 106 97 32 105 32 122 97 115 116 105 116 97 32 112 111 100 97 116 97 107 97 32 ]: Kod 2758
BAJT [48 50 54 46 10 75 111 109 112 114 101 115 105 106 97 32 105 32 122 97 115 116 105 116 97 32 112 111 100 97 116 97 107 97 32 50 48 50 54 46 10 75 111 109 112 114 101 115 105 106 97 32 105 32 122 97 115 116 105 116 97 32 112 111 100 97 116 97 107 97 32 50 ]: Kod 2778
BAJT [48 50 54 46 10 75 111 109 112 114 101 115 105 106 97 32 105 32 122 97 115 116 105 116 97 32 112 111 100 97 116 97 107 97 32 50 48 50 54 46 10 75 111 109 112 114 101 115 105 106 97 32 105 32 122 97 115 116 105 116 97 32 112 111 100 97 116 97 107 97 32 50 48 ]: Kod 2868
BAJT [48 50 54 46 10 75 111 109 112 114 101 115 105 106 97 32 105 32 122 97 115 116 105 116 97 32 112 111 100 97 116 97 107 97 32 50 48 50 54 46 10 75 111 109 112 114 101 115 105 106 97 32 105 32 122 97 115 116 105 116 97 32 112 111 100 97 116 97 107 97 32 50 48 50 ]: Kod 2869
BAJT [48 50 54 46 10 75 111 109 112 114 101 115 105 106 97 32 105 32 122 97 115 116 105 116 97 32 112 111 100 97 116 97 107 97 32 50 48 50 54 46 10 75 111 109 112 114 101 115 105 106 97 32 105 32 122 97 115 116 105 116 97 32 112 111 100 97 116 97 107 97 32 50 48 50 54 ]: Kod 2894
BAJT [48 50 54 46 10 75 111 109 112 114 101 115 105 106 97 32 105 32 122 97 115 116 105 116 97 32 112 111 100 97 116 97 107 97 32 50 48 50 54 46 10 75 111 109 112 114 101 115 105 106 97 32 105 32 122 97 115 116 105 116 97 32 112 111 100 97 116 97 107 97 32 50 48 50 54 46 ]: Kod 2951
BAJT [48 50 54 46 10 75 111 109 112 114 101 115 105 106 97 32 105 32 122 97 115 116 105 116 97 32 112 111 100 97 116 97 107 97 32 50 48 50 54 46 10 75 111 109 112 114 101 115 105 106 97 32 105 32 122 97 115 116 105 116 97 32 112 111 100 97 116 97 107 97 32 50 48 50 54 46 10 ]: Kod 2961
BAJT [48 50 54 46 10 75 111 109 112 114 101 115 105 106 97 32 105 32 122 97 115 116 105 116 97 32 112 111 100 97 116 97 107 97 32 50 48 50 54 46 10 75 111 109 112 114 101 115 105 106 97 32 105 32 122 97 115 116 105 116 97 32 112 111 100 97 116 97 107 97 32 50 48 50 54 46 10 75 ]: Kod 3017
BAJT [48 50 54 46 10 75 111 109 112 114 101 115 105 106 97 32 105 32 122 97 115 116 105 116 97 32 112 111 100 97 116 97 107 97 32 50 48 50 54 46 10 75 111 109 112 114 101 115 105 106 97 32 105 32 122 97 115 116 105 116 97 32 112 111 100 97 116 97 107 97 32 50 48 50 54 46 10 75 111 ]: Kod 3036
BAJT [48 50 54 46 10 75 111 109 112 114 101 115 105 106 97 32 105 32 122 97 115 116 105 116 97 32 112 111 100 97 116 97 107 97 32 50 48 50 54 46 10 75 111 109 112 114 101 115 105 106 97 32 105 32 122 97 115 116 105 116 97 32 112 111 100 97 116 97 107 97 32 50 48 50 54 46 10 75 111 109 ]: Kod 3081
BAJT [48 50 54 46 10 75 111 109 112 114 101 115 105 106 97 32 105 32 122 97 115 116 105 116 97 32 112 111 100 97 116 97 107 97 32 50 48 50 54 46 10 75 111 109 112 114 101 115 105 106 97 32 105 32 122 97 115 116 105 116 97 32 112 111 100 97 116 97 107 97 32 50 48 50 54 46 10 75 111 109 112 ]: Kod 3110
BAJT [48 50 54 46 10 75 111 109 112 114 101 115 105 106 97 32 105 32 122 97 115 116 105 116 97 32 112 111 100 97 116 97 107 97 32 50 48 50 54 46 10 75 111 109 112 114 101 115 105 106 97 32 105 32 122 97 115 116 105 116 97 32 112 111 100 97 116 97 107 97 32 50 48 50 54 46 10 75 111 109 112 114 ]: Kod 3156
BAJT [48 50 54 46 10 75 111 109 112 114 101 115 105 106 97 32 105 32 122 97 115 116 105 116 97 32 112 111 100 97 116 97 107 97 32 50 48 50 54 46 10 75 111 109 112 114 101 115 105 106 97 32 105 32 122 97 115 116 105 116 97 32 112 111 100 97 116 97 107 97 32 50 48 50 54 46 10 75 111 109 112 114 101 ]: Kod 3201
BAJT [48 50 54 46 10 75 111 109 112 114 101 115 105 106 97 32 105 32 122 97 115 116 105 116 97 32 112 111 100 97 116 97 107 97 32 50 48 50 54 46 10 75 111 109 112 114 101 115 105 106 97 32 105 32 122 97 115 116 105 116 97 32 112 111 100 97 116 97 107 97 32 50 48 50 54 46 10 75 111 109 112 114 101 115 ]: Kod 3211
BAJT [48 50 54 46 10 75 111 109 112 114 101 115 105 106 97 32 105 32 122 97 115 116 105 116 97 32 112 111 100 97 116 97 107 97 32 50 48 50 54 46 10 75 111 109 112 114 101 115 105 106 97 32 105 32 122 97 115 116 105 116 97 32 112 111 100 97 116 97 107 97 32 50 48 50 54 46 10 75 111 109 112 114 101 115 105 ]: Kod 3273
BAJT [48 50 54 46 10 75 111 109 112 114 101 115 105 106 97 32 105 32 122 97 115 116 105 116 97 32 112 111 100 97 116 97 107 97 32 50 48 50 54 46 10 75 111 109 112 114 101 115 105 106 97 32 105 32 122 97 115 116 105 116 97 32 112 111 100 97 116 97 107 97 32 50 48 50 54 46 10 75 111 109 112 114 101 115 105 106 ]: Kod 3307
BAJT [48 50 54 46 10 75 111 109 112 114 101 115 105 106 97 32 105 32 122 97 115 116 105 116 97 32 112 111 100 97 116 97 107 97 32 50 48 50 54 46 10 75 111 109 112 114 101 115 105 106 97 32 105 32 122 97 115 116 105 116 97 32 112 111 100 97 116 97 107 97 32 50 48 50 54 46 10 75 111 109 112 114 101 115 105 106 97 ]: Kod 3328
BAJT [48 50 54 46 10 75 111 109 112 114 101 115 105 106 97 32 105 32 122 97 115 116 105 116 97 32 112 111 100 97 116 97 107 97 32 50 48 50 54 46 10 75 111 109 112 114 101 115 105 106 97 32 105 32 122 97 115 116 105 116 97 32 112 111 100 97 116 97 107 97 32 50 48 50 54 46 10 75 111 109 112 114 101 115 105 106 97 32 ]: Kod 3363
BAJT [48 50 54 46 10 75 111 109 112 114 101 115 105 106 97 32 105 32 122 97 115 116 105 116 97 32 112 111 100 97 116 97 107 97 32 50 48 50 54 46 10 75 111 109 112 114 101 115 105 106 97 32 105 32 122 97 115 116 105 116 97 32 112 111 100 97 116 97 107 97 32 50 48 50 54 46 10 75 111 109 112 114 101 115 105 106 97 32 105 ]: Kod 3414
BAJT [48 50 54 46 10 75 111 109 112 114 101 115 105 106 97 32 105 32 122 97 115 116 105 116 97 32 112 111 100 97 116 97 107 97 32 50 48 50 54 46 10 75 111 109 112 114 101 115 105 106 97 32 105 32 122 97 115 116 105 116 97 32 112 111 100 97 116 97 107 97 32 50 48 50 54 46 10 75 111 109 112 114 101 115 105 106 97 32 105 32 ]: Kod 3446
BAJT [48 50 54 46 10 75 111 109 112 114 101 115 105 106 97 32 105 32 122 97 115 116 105 116 97 32 112 111 100 97 116 97 107 97 32 50 48 50 54 46 10 75 111 109 112 114 101 115 105 106 97 32 105 32 122 97 115 116 105 116 97 32 112 111 100 97 116 97 107 97 32 50 48 50 54 46 10 75 111 109 112 114 101 115 105 106 97 32 105 32 122 ]: Kod 3498
BAJT [48 50 54 46 10 75 111 109 112 114 101 115 105 106 97 32 105 32 122 97 115 116 105 116 97 32 112 111 100 97 116 97 107 97 32 50 48 50 54 46 10 75 111 109 112 114 101 115 105 106 97 32 105 32 122 97 115 116 105 116 97 32 112 111 100 97 116 97 107 97 32 50 48 50 54 46 10 75 111 109 112 114 101 115 105 106 97 32 105 32 122 97 ]: Kod 3523
BAJT [48 50 54 46 10 75 111 109 112 114 101 115 105 106 97 32 105 32 122 97 115 116 105 116 97 32 112 111 100 97 116 97 107 97 32 50 48 50 54 46 10 75 111 109 112 114 101 115 105 106 97 32 105 32 122 97 115 116 105 116 97 32 112 111 100 97 116 97 107 97 32 50 48 50 54 46 10 75 111 109 112 114 101 115 105 106 97 32 105 32 122 97 115 ]: Kod 3536
BAJT [48 50 54 46 10 75 111 109 112 114 101 115 105 106 97 32 105 32 122 97 115 116 105 116 97 32 112 111 100 97 116 97 107 97 32 50 48 50 54 46 10 75 111 109 112 114 101 115 105 106 97 32 105 32 122 97 115 116 105 116 97 32 112 111 100 97 116 97 107 97 32 50 48 50 54 46 10 75 111 109 112 114 101 115 105 106 97 32 105 32 122 97 115 116 ]: Kod 3599
BAJT [48 50 54 46 10 75 111 109 112 114 101 115 105 106 97 32 105 32 122 97 115 116 105 116 97 32 112 111 100 97 116 97 107 97 32 50 48 50 54 46 10 75 111 109 112 114 101 115 105 106 97 32 105 32 122 97 115 116 105 116 97 32 112 111 100 97 116 97 107 97 32 50 48 50 54 46 10 75 111 109 112 114 101 115 105 106 97 32 105 32 122 97 115 116 105 ]: Kod 3622
BAJT [48 50 54 46 10 75 111 109 112 114 101 115 105 106 97 32 105 32 122 97 115 116 105 116 97 32 112 111 100 97 116 97 107 97 32 50 48 50 54 46 10 75 111 109 112 114 101 115 105 106 97 32 105 32 122 97 115 116 105 116 97 32 112 111 100 97 116 97 107 97 32 50 48 50 54 46 10 75 111 109 112 114 101 115 105 106 97 32 105 32 122 97 115 116 105 116 ]: Kod 3654
BAJT [48 50 54 46 10 75 111 109 112 114 101 115 105 106 97 32 105 32 122 97 115 116 105 116 97 32 112 111 100 97 116 97 107 97 32 50 48 50 54 46 10 75 111 109 112 114 101 115 105 106 97 32 105 32 122 97 115 116 105 116 97 32 112 111 100 97 116 97 107 97 32 50 48 50 54 46 10 75 111 109 112 114 101 115 105 106 97 32 105 32 122 97 115 116 105 116 97 ]: Kod 3701
BAJT [48 50 54 46 10 75 111 109 112 114 101 115 105 106 97 32 105 32 122 97 115 116 105 116 97 32 112 111 100 97 116 97 107 97 32 50 48 50 54 46 10 75 111 109 112 114 101 115 105 106 97 32 105 32 122 97 115 116 105 116 97 32 112 111 100 97 116 97 107 97 32 50 48 50 54 46 10 75 111 109 112 114 101 115 105 106 97 32 105 32 122 97 115 116 105 116 97 32 ]: Kod 3707
BAJT [48 50 54 46 10 75 111 109 112 114 101 115 105 106 97 32 105 32 122 97 115 116 105 116 97 32 112 111 100 97 116 97 107 97 32 50 48 50 54 46 10 75 111 109 112 114 101 115 105 106 97 32 105 32 122 97 115 116 105 116 97 32 112 111 100 97 116 97 107 97 32 50 48 50 54 46 10 75 111 109 112 114 101 115 105 106 97 32 105 32 122 97 115 116 105 116 97 32 112 ]: Kod 3749
BAJT [48 50 54 46 10 75 111 109 112 114 101 115 105 106 97 32 105 32 122 97 115 116 105 116 97 32 112 111 100 97 116 97 107 97 32 50 48 50 54 46 10 75 111 109 112 114 101 115 105 106 97 32 105 32 122 97 115 116 105 116 97 32 112 111 100 97 116 97 107 97 32 50 48 50 54 46 10 75 111 109 112 114 101 115 105 106 97 32 105 32 122 97 115 116 105 116 97 32 112 111 ]: Kod 3798
BAJT [48 50 54 46 10 75 111 109 112 114 101 115 105 106 97 32 105 32 122 97 115 116 105 116 97 32 112 111 100 97 116 97 107 97 32 50 48 50 54 46 10 75 111 109 112 114 101 115 105 106 97 32 105 32 122 97 115 116 105 116 97 32 112 111 100 97 116 97 107 97 32 50 48 50 54 46 10 75 111 109 112 114 101 115 105 106 97 32 105 32 122 97 115 116 105 116 97 32 112 111 100 ]: Kod 3840
BAJT [48 50 54 46 10 75 111 109 112 114 101 115 105 106 97 32 105 32 122 97 115 116 105 116 97 32 112 111 100 97 116 97 107 97 32 50 48 50 54 46 10 75 111 109 112 114 101 115 105 106 97 32 105 32 122 97 115 116 105 116 97 32 112 111 100 97 116 97 107 97 32 50 48 50 54 46 10 75 111 109 112 114 101 115 105 106 97 32 105 32 122 97 115 116 105 116 97 32 112 111 100 97 ]: Kod 3864
BAJT [48 50 54 46 10 75 111 109 112 114 101 115 105 106 97 32 105 32 122 97 115 116 105 116 97 32 112 111 100 97 116 97 107 97 32 50 48 50 54 46 10 75 111 109 112 114 101 115 105 106 97 32 105 32 122 97 115 116 105 116 97 32 112 111 100 97 116 97 107 97 32 50 48 50 54 46 10 75 111 109 112 114 101 115 105 106 97 32 105 32 122 97 115 116 105 116 97 32 112 111 100 97 116 ]: Kod 3896
BAJT [48 50 54 46 10 75 111 109 112 114 101 115 105 106 97 32 105 32 122 97 115 116 105 116 97 32 112 111 100 97 116 97 107 97 32 50 48 50 54 46 10 75 111 109 112 114 101 115 105 106 97 32 105 32 122 97 115 116 105 116 97 32 112 111 100 97 116 97 107 97 32 50 48 50 54 46 10 75 111 109 112 114 101 115 105 106 97 32 105 32 122 97 115 116 105 116 97 32 112 111 100 97 116 97 ]: Kod 3902
BAJT [48 50 54 46 10 75 111 109 112 114 101 115 105 106 97 32 105 32 122 97 115 116 105 116 97 32 112 111 100 97 116 97 107 97 32 50 48 50 54 46 10 75 111 109 112 114 101 115 105 106 97 32 105 32 122 97 115 116 105 116 97 32 112 111 100 97 116 97 107 97 32 50 48 50 54 46 10 75 111 109 112 114 101 115 105 106 97 32 105 32 122 97 115 116 105 116 97 32 112 111 100 97 116 97 107 ]: Kod 3989
BAJT [48 50 54 46 10 75 111 109 112 114 101 115 105 106 97 32 105 32 122 97 115 116 105 116 97 32 112 111 100 97 116 97 107 97 32 50 48 50 54 46 10 75 111 109 112 114 101 115 105 106 97 32 105 32 122 97 115 116 105 116 97 32 112 111 100 97 116 97 107 97 32 50 48 50 54 46 10 75 111 109 112 114 101 115 105 106 97 32 105 32 122 97 115 116 105 116 97 32 112 111 100 97 116 97 107 97 ]: Kod 4011
BAJT [48 50 54 46 10 75 111 109 112 114 101 115 105 106 97 32 105 32 122 97 115 116 105 116 97 32 112 111 100 97 116 97 107 97 32 50 48 50 54 46 10 75 111 109 112 114 101 115 105 106 97 32 105 32 122 97 115 116 105 116 97 32 112 111 100 97 116 97 107 97 32 50 48 50 54 46 10 75 111 109 112 114 101 115 105 106 97 32 105 32 122 97 115 116 105 116 97 32 112 111 100 97 116 97 107 97 32 ]: Kod 4054
BAJT [48 50 54 46 10 75 111 109 112 114 101 115 105 106 97 32 105 32 122 97 115 116 105 116 97 32 112 111 100 97 116 97 107 97 32 50 48 50 54 46 10 75 111 109 112 114 101 115 105 106 97 32 105 32 122 97 115 116 105 116 97 32 112 111 100 97 116 97 107 97 32 50 48 50 54 46 10 75 111 109 112 114 101 115 105 106 97 32 105 32 122 97 115 116 105 116 97 32 112 111 100 97 116 97 107 97 32 50 ]: Kod 4074
BAJT [49 ]: Kod 49
BAJT [50 ]: Kod 50
BAJT [50 48 ]: Kod 283
BAJT [50 48 50 ]: Kod 322
BAJT [50 48 50 54 ]: Kod 335
BAJT [50 48 50 54 46 ]: Kod 386
BAJT [50 48 50 54 46 10 ]: Kod 418
BAJT [50 48 50 54 46 10 75 ]: Kod 438
BAJT [50 48 50 54 46 10 75 111 ]: Kod 494
BAJT [50 48 50 54 46 10 75 111 109 ]: Kod 531
BAJT [50 48 50 54 46 10 75 111 109 112 ]: Kod 560
BAJT [50 48 50 54 46 10 75 111 109 112 114 ]: Kod 591
BAJT [50 48 50 54 46 10 75 111 109 112 114 101 ]: Kod 632
BAJT [50 48 50 54 46 10 75 111 109 112 114 101 115 ]: Kod 675
BAJT [50 48 50 54 46 10 75 111 109 112 114 101 115 105 ]: Kod 701
BAJT [50 48 50 54 46 10 75 111 109 112 114 101 115 105 106 ]: Kod 754
BAJT [50 48 50 54 46 10 75 111 109 112 114 101 115 105 106 97 ]: Kod 759
BAJT [50 48 50 54 46 10 75 111 109 112 114 101 115 105 106 97 32 ]: Kod 806
BAJT [50 48 50 54 46 10 75 111 109 112 114 101 115 105 106 97 32 105 ]: Kod 835
BAJT [50 48 50 54 46 10 75 111 109 112 114 101 115 105 106 97 32 105 32 ]: Kod 902
BAJT [50 48 50 54 46 10 75 111 109 112 114 101 115 105 106 97 32 105 32 122 ]: Kod 904
BAJT [50 48 50 54 46 10 75 111 109 112 114 101 115 105 106 97 32 105 32 122 97 ]: Kod 960
BAJT [50 48 50 54 46 10 75 111 109 112 114 101 115 105 106 97 32 105 32 122 97 115 ]: Kod 983
BAJT [50 48 50 54 46 10 75 111 109 112 114 101 115 105 106 97 32 105 32 122 97 115 116 ]: Kod 1012
BAJT [50 48 50 54 46 10 75 111 109 112 114 101 115 105 106 97 32 105 32 122 97 115 116 105 ]: Kod 1076
BAJT [50 48 50 54 46 10 75 111 109 112 114 101 115 105 106 97 32 105 32 122 97 115 116 105 116 ]: Kod 1106
BAJT [50 48 50 54 46 10 75 111 109 112 114 101 115 105 106 97 32 105 32 122 97 115 116 105 116 97 ]: Kod 1147
BAJT [50 48 50 54 46 10 75 111 109 112 114 101 115 105 106 97 32 105 32 122 97 115 116 105 116 97 32 ]: Kod 1175
BAJT [50 48 50 54 46 10 75 111 109 112 114 101 115 105 106 97 32 105 32 122 97 115 116 105 116 97 32 112 ]: Kod 1202
BAJT [50 48 50 54 46 10 75 111 109 112 114 101 115 105 106 97 32 105 32 122 97 115 116 105 116 97 32 112 111 ]: Kod 1235
BAJT [50 48 50 54 46 10 75 111 109 112 114 101 115 105 106 97 32 105 32 122 97 115 116 105 116 97 32 112 111 100 ]: Kod 1267
BAJT [50 48 50 54 46 10 75 111 109 112 114 101 115 105 106 97 32 105 32 122 97 115 116 105 116 97 32 112 111 100 97 ]: Kod 1288
BAJT [50 48 50 54 46 10 75 111 109 112 114 101 115 105 106 97 32 105 32 122 97 115 116 105 116 97 32 112 111 100 97 116 ]: Kod 1341
BAJT [50 48 50 54 46 10 75 111 109 112 114 101 115 105 106 97 32 105 32 122 97 115 116 105 116 97 32 112 111 100 97 116 97 ]: Kod 1380
BAJT [50 48 50 54 46 10 75 111 109 112 114 101 115 105 106 97 32 105 32 122 97 115 116 105 116 97 32 112 111 100 97 116 97 107 ]: Kod 1407
BAJT [50 48 50 54 46 10 75 111 109 112 114 101 115 105 106 97 32 105 32 122 97 115 116 105 116 97 32 112 111 100 97 116 97 107 97 ]: Kod 1444
BAJT [50 48 50 54 46 10 75 111 109 112 114 101 115 105 106 97 32 105 32 122 97 115 116 105 116 97 32 112 111 100 97 116 97 107 97 32 ]: Kod 1483
BAJT [50 48 50 54 46 10 75 111 109 112 114 101 115 105 106 97 32 105 32 122 97 115 116 105 116 97 32 112 111 100 97 116 97 107 97 32 50 ]: Kod 1570
BAJT [50 48 50 54 46 10 75 111 109 112 114 101 115 105 106 97 32 105 32 122 97 115 116 105 116 97 32 112 111 100 97 116 97 107 97 32 50 48 ]: Kod 1571
BAJT [50 48 50 54 46 10 75 111 109 112 114 101 115 105 106 97 32 105 32 122 97 115 116 105 116 97 32 112 111 100 97 116 97 107 97 32 50 48 50 ]: Kod 1618
BAJT [50 48 50 54 46 10 75 111 109 112 114 101 115 105 106 97 32 105 32 122 97 115 116 105 116 97 32 112 111 100 97 116 97 107 97 32 50 48 50 54 ]: Kod 1631
BAJT [50 48 50 54 46 10 75 111 109 112 114 101 115 105 106 97 32 105 32 122 97 115 116 105 116 97 32 112 111 100 97 116 97 107 97 32 50 48 50 54 46 ]: Kod 1682
BAJT [50 48 50 54 46 10 75 111 109 112 114 101 115 105 106 97 32 105 32 122 97 115 116 105 116 97 32 112 111 100 97 116 97 107 97 32 50 48 50 54 46 10 ]: Kod 1714
BAJT [50 48 50 54 46 10 75 111 109 112 114 101 115 105 106 97 32 105 32 122 97 115 116 105 116 97 32 112 111 100 97 116 97 107 97 32 50 48 50 54 46 10 75 ]: Kod 1734
BAJT [50 48 50 54 46 10 75 111 109 112 114 101 115 105 106 97 32 105 32 122 97 115 116 105 116 97 32 112 111 100 97 116 97 107 97 32 50 48 50 54 46 10 75 111 ]: Kod 1790
BAJT [50 48 50 54 46 10 75 111 109 112 114 101 115 105 106 97 32 105 32 122 97 115 116 105 116 97 32 112 111 100 97 116 97 107 97 32 50 48 50 54 46 10 75 111 109 ]: Kod 1827
BAJT [50 48 50 54 46 10 75 111 109 112 114 101 115 105 106 97 32 105 32 122 97 115 116 105 116 97 32 112 111 100 97 116 97 107 97 32 50 48 50 54 46 10 75 111 109 112 ]: Kod 1856
BAJT [50 48 50 54 46 10 75 111 109 112 114 101 115 105 106 97 32 105 32 122 97 115 116 105 116 97 32 112 111 100 97 116 97 107 97 32 50 48 50 54 46 10 75 111 109 112 114 ]: Kod 1887
BAJT [50 48 50 54 46 10 75 111 109 112 114 101 115 105 106 97 32 105 32 122 97 115 116 105 116 97 32 112 111 100 97 116 97 107 97 32 50 48 50 54 46 10 75 111 109 112 114 101 ]: Kod 1928
BAJT [50 48 50 54 46 10 75 111 109 112 114 101 115 105 106 97 32 105 32 122 97 115 116 105 116 97 32 112 111 100 97 116 97 107 97 32 50 48 50 54 46 10 75 111 109 112 114 101 115 ]: Kod 1971
BAJT [50 48 50 54 46 10 75 111 109 112 114 101 115 105 106 97 32 105 32 122 97 115 116 105 116 97 32 112 111 100 97 116 97 107 97 32 50 48 50 54 46 10 75 111 109 112 114 101 115 105 ]: Kod 1997
BAJT [50 48 50 54 46 10 75 111 109 112 114 101 115 105 106 97 32 105 32 122 97 115 116 105 116 97 32 112 111 100 97 116 97 107 97 32 50 48 50 54 46 10 75 111 109 112 114 101 115 105 106 ]: Kod 2050
BAJT [50 48 50 54 46 10 75 111 109 112 114 101 115 105 106 97 32 105 32 122 97 115 116 105 116 97 32 112 111 100 97 116 97 107 97 32 50 48 50 54 46 10 75 111 109 112 114 101 115 105 106 97 ]: Kod 2055
BAJT [50 48 50 54 46 10 75 111 109 112 114 101 115 105 106 97 32 105 32 122 97 115 116 105 116 97 32 112 111 100 97 116 97 107 97 32 50 48 50 54 46 10 75 111 109 112 114 101 115 105 106 97 32 ]: Kod 2102
BAJT [50 48 50 54 46 10 75 111 109 112 114 101 115 105 106 97 32 105 32 122 97 115 116 105 116 97 32 112 111 100 97 116 97 107 97 32 50 48 50 54 46 10 75 111 109 112 114 101 115 105 106 97 32 105 ]: Kod 2131
BAJT [50 48 50 54 46 10 75 111 109 112 114 101 115 105 106 97 32 105 32 122 97 115 116 105 116 97 32 112 111 100 97 116 97 107 97 32 50 48 50 54 46 10 75 111 109 112 114 101 115 105 106 97 32 105 32 ]: Kod 2198
BAJT [50 48 50 54 46 10 75 111 109 112 114 101 115 105 106 97 32 105 32 122 97 115 116 105 116 97 32 112 111 100 97 116 97 107 97 32 50 48 50 54 46 10 75 111 109 112 114 101 115 105 106 97 32 105 32 122 ]: Kod 2200
BAJT [50 48 50 54 46 10 75 111 109 112 114 101 115 105 106 97 32 105 32 122 97 115 116 105 116 97 32 112 111 100 97 116 97 107 97 32 50 48 50 54 46 10 75 111 109 112 114 101 115 105 106 97 32 105 32 122 97 ]: Kod 2256
BAJT [50 48 50 54 46 10 75 111 109 112 114 101 115 105 106 97 32 105 32 122 97 115 116 105 116 97 32 112 111 100 97 116 97 107 97 32 50 48 50 54 46 10 75 111 109 112 114 101 115 105 106 97 32 105 32 122 97 115 ]: Kod 2279
BAJT [50 48 50 54 46 10 75 111 109 112 114 101 115 105 106 97 32 105 32 122 97 115 116 105 116 97 32 112 111 100 97 116 97 107 97 32 50 48 50 54 46 10 75 111 109 112 114 101 115 105 106 97 32 105 32 122 97 115 116 ]: Kod 2308
BAJT [50 48 50 54 46 10 75 111 109 112 114 101 115 105 106 97 32 105 32 122 97 115 116 105 116 97 32 112 111 100 97 116 97 107 97 32 50 48 50 54 46 10 75 111 109 112 114 101 115 105 106 97 32 105 32 122 97 115 116 105 ]: Kod 2372
BAJT [50 48 50 54 46 10 75 111 109 112 114 101 115 105 106 97 32 105 32 122 97 115 116 105 116 97 32 112 111 100 97 116 97 107 97 32 50 48 50 54 46 10 75 111 109 112 114 101 115 105 106 97 32 105 32 122 97 115 116 105 116 ]: Kod 2402
BAJT [50 48 50 54 46 10 75 111 109 112 114 101 115 105 106 97 32 105 32 122 97 115 116 105 116 97 32 112 111 100 97 116 97 107 97 32 50 48 50 54 46 10 75 111 109 112 114 101 115 105 106 97 32 105 32 122 97 115 116 105 116 97 ]: Kod 2443
BAJT [50 48 50 54 46 10 75 111 109 112 114 101 115 105 106 97 32 105 32 122 97 115 116 105 116 97 32 112 111 100 97 116 97 107 97 32 50 48 50 54 46 10 75 111 109 112 114 101 115 105 106 97 32 105 32 122 97 115 116 105 116 97 32 ]: Kod 2471
BAJT [50 48 50 54 46 10 75 111 109 112 114 101 115 105 106 97 32 105 32 122 97 115 116 105 116 97 32 112 111 100 97 116 97 107 97 32 50 48 50 54 46 10 75 111 109 112 114 101 115 105 106 97 32 105 32 122 97 115 116 105 116 97 32 112 ]: Kod 2498
BAJT [50 48 50 54 46 10 75 111 109 112 114 101 115 105 106 97 32 105 32 122 97 115 116 105 116 97 32 112 111 100 97 116 97 107 97 32 50 48 50 54 46 10 75 111 109 112 114 101 115 105 106 97 32 105 32 122 97 115 116 105 116 97 32 112 111 ]: Kod 2531
BAJT [50 48 50 54 46 10 75 111 109 112 114 101 115 105 106 97 32 105 32 122 97 115 116 105 116 97 32 112 111 100 97 116 97 107 97 32 50 48 50 54 46 10 75 111 109 112 114 101 115 105 106 97 32 105 32 122 97 115 116 105 116 97 32 112 111 100 ]: Kod 2563
BAJT [50 48 50 54 46 10 75 111 109 112 114 101 115 105 106 97 32 105 32 122 97 115 116 105 116 97 32 112 111 100 97 116 97 107 97 32 50 48 50 54 46 10 75 111 109 112 114 101 115 105 106 97 32 105 32 122 97 115 116 105 116 97 32 112 111 100 97 ]: Kod 2584
BAJT [50 48 50 54 46 10 75 111 109 112 114 101 115 105 106 97 32 105 32 122 97 115 116 105 116 97 32 112 111 100 97 116 97 107 97 32 50 48 50 54 46 10 75 111 109 112 114 101 115 105 106 97 32 105 32 122 97 115 116 105 116 97 32 112 111 100 97 116 ]: Kod 2637
BAJT [50 48 50 54 46 10 75 111 109 112 114 101 115 105 106 97 32 105 32 122 97 115 116 105 116 97 32 112 111 100 97 116 97 107 97 32 50 48 50 54 46 10 75 111 109 112 114 101 115 105 106 97 32 105 32 122 97 115 116 105 116 97 32 112 111 100 97 116 97 ]: Kod 2676
BAJT [50 48 50 54 46 10 75 111 109 112 114 101 115 105 106 97 32 105 32 122 97 115 116 105 116 97 32 112 111 100 97 116 97 107 97 32 50 48 50 54 46 10 75 111 109 112 114 101 115 105 106 97 32 105 32 122 97 115 116 105 116 97 32 112 111 100 97 116 97 107 ]: Kod 2703
BAJT [50 48 50 54 46 10 75 111 109 112 114 101 115 105 106 97 32 105 32 122 97 115 116 105 116 97 32 112 111 100 97 116 97 107 97 32 50 48 50 54 46 10 75 111 109 112 114 101 115 105 106 97 32 105 32 122 97 115 116 105 116 97 32 112 111 100 97 116 97 107 97 ]: Kod 2740
BAJT [50 48 50 54 46 10 75 111 109 112 114 101 115 105 106 97 32 105 32 122 97 115 116 105 116 97 32 112 111 100 97 116 97 107 97 32 50 48 50 54 46 10 75 111 109 112 114 101 115 105 106 97 32 105 32 122 97 115 116 105 116 97 32 112 111 100 97 116 97 107 97 32 ]: Kod 2779
BAJT [50 48 50 54 46 10 75 111 109 112 114 101 115 105 106 97 32 105 32 122 97 115 116 105 116 97 32 112 111 100 97 116 97 107 97 32 50 48 50 54 46 10 75 111 109 112 114 101 115 105 106 97 32 105 32 122 97 115 116 105 116 97 32 112 111 100 97 116 97 107 97 32 50 ]: Kod 2866
BAJT [50 48 50 54 46 10 75 111 109 112 114 101 115 105 106 97 32 105 32 122 97 115 116 105 116 97 32 112 111 100 97 116 97 107 97 32 50 48 50 54 46 10 75 111 109 112 114 101 115 105 106 97 32 105 32 122 97 115 116 105 116 97 32 112 111 100 97 116 97 107 97 32 50 48 ]: Kod 2867
BAJT [50 48 50 54 46 10 75 111 109 112 114 101 115 105 106 97 32 105 32 122 97 115 116 105 116 97 32 112 111 100 97 116 97 107 97 32 50 48 50 54 46 10 75 111 109 112 114 101 115 105 106 97 32 105 32 122 97 115 116 105 116 97 32 112 111 100 97 116 97 107 97 32 50 48 50 ]: Kod 2914
BAJT [50 48 50 54 46 10 75 111 109 112 114 101 115 105 106 97 32 105 32 122 97 115 116 105 116 97 32 112 111 100 97 116 97 107 97 32 50 48 50 54 46 10 75 111 109 112 114 101 115 105 106 97 32 105 32 122 97 115 116 105 116 97 32 112 111 100 97 116 97 107 97 32 50 48 50 54 ]: Kod 2927
BAJT [50 48 50 54 46 10 75 111 109 112 114 101 115 105 106 97 32 105 32 122 97 115 116 105 116 97 32 112 111 100 97 116 97 107 97 32 50 48 50 54 46 10 75 111 109 112 114 101 115 105 106 97 32 105 32 122 97 115 116 105 116 97 32 112 111 100 97 116 97 107 97 32 50 48 50 54 46 ]: Kod 2978
BAJT [50 48 50 54 46 10 75 111 109 112 114 101 115 105 106 97 32 105 32 122 97 115 116 105 116 97 32 112 111 100 97 116 97 107 97 32 50 48 50 54 46 10 75 111 109 112 114 101 115 105 106 97 32 105 32 122 97 115 116 105 116 97 32 112 111 100 97 116 97 107 97 32 50 48 50 54 46 10 ]: Kod 3010
BAJT [50 48 50 54 46 10 75 111 109 112 114 101 115 105 106 97 32 105 32 122 97 115 116 105 116 97 32 112 111 100 97 116 97 107 97 32 50 48 50 54 46 10 75 111 109 112 114 101 115 105 106 97 32 105 32 122 97 115 116 105 116 97 32 112 111 100 97 116 97 107 97 32 50 48 50 54 46 10 75 ]: Kod 3030
BAJT [50 48 50 54 46 10 75 111 109 112 114 101 115 105 106 97 32 105 32 122 97 115 116 105 116 97 32 112 111 100 97 116 97 107 97 32 50 48 50 54 46 10 75 111 109 112 114 101 115 105 106 97 32 105 32 122 97 115 116 105 116 97 32 112 111 100 97 116 97 107 97 32 50 48 50 54 46 10 75 111 ]: Kod 3086
BAJT [50 48 50 54 46 10 75 111 109 112 114 101 115 105 106 97 32 105 32 122 97 115 116 105 116 97 32 112 111 100 97 116 97 107 97 32 50 48 50 54 46 10 75 111 109 112 114 101 115 105 106 97 32 105 32 122 97 115 116 105 116 97 32 112 111 100 97 116 97 107 97 32 50 48 50 54 46 10 75 111 109 ]: Kod 3123
BAJT [50 48 50 54 46 10 75 111 109 112 114 101 115 105 106 97 32 105 32 122 97 115 116 105 116 97 32 112 111 100 97 116 97 107 97 32 50 48 50 54 46 10 75 111 109 112 114 101 115 105 106 97 32 105 32 122 97 115 116 105 116 97 32 112 111 100 97 116 97 107 97 32 50 48 50 54 46 10 75 111 109 112 ]: Kod 3152
BAJT [50 48 50 54 46 10 75 111 109 112 114 101 115 105 106 97 32 105 32 122 97 115 116 105 116 97 32 112 111 100 97 116 97 107 97 32 50 48 50 54 46 10 75 111 109 112 114 101 115 105 106 97 32 105 32 122 97 115 116 105 116 97 32 112 111 100 97 116 97 107 97 32 50 48 50 54 46 10 75 111 109 112 114 ]: Kod 3183
BAJT [50 48 50 54 46 10 75 111 109 112 114 101 115 105 106 97 32 105 32 122 97 115 116 105 116 97 32 112 111 100 97 116 97 107 97 32 50 48 50 54 46 10 75 111 109 112 114 101 115 105 106 97 32 105 32 122 97 115 116 105 116 97 32 112 111 100 97 116 97 107 97 32 50 48 50 54 46 10 75 111 109 112 114 101 ]: Kod 3224
BAJT [50 48 50 54 46 10 75 111 109 112 114 101 115 105 106 97 32 105 32 122 97 115 116 105 116 97 32 112 111 100 97 116 97 107 97 32 50 48 50 54 46 10 75 111 109 112 114 101 115 105 106 97 32 105 32 122 97 115 116 105 116 97 32 112 111 100 97 116 97 107 97 32 50 48 50 54 46 10 75 111 109 112 114 101 115 ]: Kod 3267
BAJT [50 48 50 54 46 10 75 111 109 112 114 101 115 105 106 97 32 105 32 122 97 115 116 105 116 97 32 112 111 100 97 116 97 107 97 32 50 48 50 54 46 10 75 111 109 112 114 101 115 105 106 97 32 105 32 122 97 115 116 105 116 97 32 112 111 100 97 116 97 107 97 32 50 48 50 54 46 10 75 111 109 112 114 101 115 105 ]: Kod 3293
BAJT [50 48 50 54 46 10 75 111 109 112 114 101 115 105 106 97 32 105 32 122 97 115 116 105 116 97 32 112 111 100 97 116 97 107 97 32 50 48 50 54 46 10 75 111 109 112 114 101 115 105 106 97 32 105 32 122 97 115 116 105 116 97 32 112 111 100 97 116 97 107 97 32 50 48 50 54 46 10 75 111 109 112 114 101 115 105 106 ]: Kod 3346
BAJT [50 48 50 54 46 10 75 111 109 112 114 101 115 105 106 97 32 105 32 122 97 115 116 105 116 97 32 112 111 100 97 116 97 107 97 32 50 48 50 54 46 10 75 111 109 112 114 101 115 105 106 97 32 105 32 122 97 115 116 105 116 97 32 112 111 100 97 116 97 107 97 32 50 48 50 54 46 10 75 111 109 112 114 101 115 105 106 97 ]: Kod 3351
BAJT [50 48 50 54 46 10 75 111 109 112 114 101 115 105 106 97 32 105 32 122 97 115 116 105 116 97 32 112 111 100 97 116 97 107 97 32 50 48 50 54 46 10 75 111 109 112 114 101 115 105 106 97 32 105 32 122 97 115 116 105 116 97 32 112 111 100 97 116 97 107 97 32 50 48 50 54 46 10 75 111 109 112 114 101 115 105 106 97 32 ]: Kod 3398
BAJT [50 48 50 54 46 10 75 111 109 112 114 101 115 105 106 97 32 105 32 122 97 115 116 105 116 97 32 112 111 100 97 116 97 107 97 32 50 48 50 54 46 10 75 111 109 112 114 101 115 105 106 97 32 105 32 122 97 115 116 105 116 97 32 112 111 100 97 116 97 107 97 32 50 48 50 54 46 10 75 111 109 112 114 101 115 105 106 97 32 105 ]: Kod 3427
BAJT [50 48 50 54 46 10 75 111 109 112 114 101 115 105 106 97 32 105 32 122 97 115 116 105 116 97 32 112 111 100 97 116 97 107 97 32 50 48 50 54 46 10 75 111 109 112 114 101 115 105 106 97 32 105 32 122 97 115 116 105 116 97 32 112 111 100 97 116 97 107 97 32 50 48 50 54 46 10 75 111 109 112 114 101 115 105 106 97 32 105 32 ]: Kod 3494
BAJT [50 48 50 54 46 10 75 111 109 112 114 101 115 105 106 97 32 105 32 122 97 115 116 105 116 97 32 112 111 100 97 116 97 107 97 32 50 48 50 54 46 10 75 111 109 112 114 101 115 105 106 97 32 105 32 122 97 115 116 105 116 97 32 112 111 100 97 116 97 107 97 32 50 48 50 54 46 10 75 111 109 112 114 101 115 105 106 97 32 105 32 122 ]: Kod 3496
BAJT [50 48 50 54 46 10 75 111 109 112 114 101 115 105 106 97 32 105 32 122 97 115 116 105 116 97 32 112 111 100 97 116 97 107 97 32 50 48 50 54 46 10 75 111 109 112 114 101 115 105 106 97 32 105 32 122 97 115 116 105 116 97 32 112 111 100 97 116 97 107 97 32 50 48 50 54 46 10 75 111 109 112 114 101 115 105 106 97 32 105 32 122 97 ]: Kod 3552
BAJT [50 48 50 54 46 10 75 111 109 112 114 101 115 105 106 97 32 105 32 122 97 115 116 105 116 97 32 112 111 100 97 116 97 107 97 32 50 48 50 54 46 10 75 111 109 112 114 101 115 105 106 97 32 105 32 122 97 115 116 105 116 97 32 112 111 100 97 116 97 107 97 32 50 48 50 54 46 10 75 111 109 112 114 101 115 105 106 97 32 105 32 122 97 115 ]: Kod 3575
BAJT [50 48 50 54 46 10 75 111 109 112 114 101 115 105 106 97 32 105 32 122 97 115 116 105 116 97 32 112 111 100 97 116 97 107 97 32 50 48 50 54 46 10 75 111 109 112 114 101 115 105 106 97 32 105 32 122 97 115 116 105 116 97 32 112 111 100 97 116 97 107 97 32 50 48 50 54 46 10 75 111 109 112 114 101 115 105 106 97 32 105 32 122 97 115 116 ]: Kod 3604
BAJT [50 48 50 54 46 10 75 111 109 112 114 101 115 105 106 97 32 105 32 122 97 115 116 105 116 97 32 112 111 100 97 116 97 107 97 32 50 48 50 54 46 10 75 111 109 112 114 101 115 105 106 97 32 105 32 122 97 115 116 105 116 97 32 112 111 100 97 116 97 107 97 32 50 48 50 54 46 10 75 111 109 112 114 101 115 105 106 97 32 105 32 122 97 115 116 105 ]: Kod 3668
BAJT [50 48 50 54 46 10 75 111 109 112 114 101 115 105 106 97 32 105 32 122 97 115 116 105 116 97 32 112 111 100 97 116 97 107 97 32 50 48 50 54 46 10 75 111 109 112 114 101 115 105 106 97 32 105 32 122 97 115 116 105 116 97 32 112 111 100 97 116 97 107 97 32 50 48 50 54 46 10 75 111 109 112 114 101 115 105 106 97 32 105 32 122 97 115 116 105 116 ]: Kod 3698
BAJT [50 48 50 54 46 10 75 111 109 112 114 101 115 105 106 97 32 105 32 122 97 115 116 105 116 97 32 112 111 100 97 116 97 107 97 32 50 48 50 54 46 10 75 111 109 112 114 101 115 105 106 97 32 105 32 122 97 115 116 105 116 97 32 112 111 100 97 116 97 107 97 32 50 48 50 54 46 10 75 111 109 112 114 101 115 105 106 97 32 105 32 122 97 115 116 105 116 97 ]: Kod 3739
BAJT [50 48 50 54 46 10 75 111 109 112 114 101 115 105 106 97 32 105 32 122 97 115 116 105 116 97 32 112 111 100 97 116 97 107 97 32 50 48 50 54 46 10 75 111 109 112 114 101 115 105 106 97 32 105 32 122 97 115 116 105 116 97 32 112 111 100 97 116 97 107 97 32 50 48 50 54 46 10 75 111 109 112 114 101 115 105 106 97 32 105 32 122 97 115 116 105 116 97 32 ]: Kod 3767
BAJT [50 48 50 54 46 10 75 111 109 112 114 101 115 105 106 97 32 105 32 122 97 115 116 105 116 97 32 112 111 100 97 116 97 107 97 32 50 48 50 54 46 10 75 111 109 112 114 101 115 105 106 97 32 105 32 122 97 115 116 105 116 97 32 112 111 100 97 116 97 107 97 32 50 48 50 54 46 10 75 111 109 112 114 101 115 105 106 97 32 105 32 122 97 115 116 105 116 97 32 112 ]: Kod 3794
BAJT [50 48 50 54 46 10 75 111 109 112 114 101 115 105 106 97 32 105 32 122 97 115 116 105 116 97 32 112 111 100 97 116 97 107 97 32 50 48 50 54 46 10 75 111 109 112 114 101 115 105 106 97 32 105 32 122 97 115 116 105 116 97 32 112 111 100 97 116 97 107 97 32 50 48 50 54 46 10 75 111 109 112 114 101 115 105 106 97 32 105 32 122 97 115 116 105 116 97 32 112 111 ]: Kod 3827
BAJT [50 48 50 54 46 10 75 111 109 112 114 101 115 105 106 97 32 105 32 122 97 115 116 105 116 97 32 112 111 100 97 116 97 107 97 32 50 48 50 54 46 10 75 111 109 112 114 101 115 105 106 97 32 105 32 122 97 115 116 105 116 97 32 112 111 100 97 116 97 107 97 32 50 48 50 54 46 10 75 111 109 112 114 101 115 105 106 97 32 105 32 122 97 115 116 105 116 97 32 112 111 100 ]: Kod 3859
BAJT [50 48 50 54 46 10 75 111 109 112 114 101 115 105 106 97 32 105 32 122 97 115 116 105 116 97 32 112 111 100 97 116 97 107 97 32 50 48 50 54 46 10 75 111 109 112 114 101 115 105 106 97 32 105 32 122 97 115 116 105 116 97 32 112 111 100 97 116 97 107 97 32 50 48 50 54 46 10 75 111 109 112 114 101 115 105 106 97 32 105 32 122 97 115 116 105 116 97 32 112 111 100 97 ]: Kod 3880
BAJT [50 48 50 54 46 10 75 111 109 112 114 101 115 105 106 97 32 105 32 122 97 115 116 105 116 97 32 112 111 100 97 116 97 107 97 32 50 48 50 54 46 10 75 111 109 112 114 101 115 105 106 97 32 105 32 122 97 115 116 105 116 97 32 112 111 100 97 116 97 107 97 32 50 48 50 54 46 10 75 111 109 112 114 101 115 105 106 97 32 105 32 122 97 115 116 105 116 97 32 112 111 100 97 116 ]: Kod 3933
BAJT [50 48 50 54 46 10 75 111 109 112 114 101 115 105 106 97 32 105 32 122 97 115 116 105 116 97 32 112 111 100 97 116 97 107 97 32 50 48 50 54 46 10 75 111 109 112 114 101 115 105 106 97 32 105 32 122 97 115 116 105 116 97 32 112 111 100 97 116 97 107 97 32 50 48 50 54 46 10 75 111 109 112 114 101 115 105 106 97 32 105 32 122 97 115 116 105 116 97 32 112 111 100 97 116 97 ]: Kod 3972
BAJT [50 48 50 54 46 10 75 111 109 112 114 101 115 105 106 97 32 105 32 122 97 115 116 105 116 97 32 112 111 100 97 116 97 107 97 32 50 48 50 54 46 10 75 111 109 112 114 101 115 105 106 97 32 105 32 122 97 115 116 105 116 97 32 112 111 100 97 116 97 107 97 32 50 48 50 54 46 10 75 111 109 112 114 101 115 105 106 97 32 105 32 122 97 115 116 105 116 97 32 112 111 100 97 116 97 107 ]: Kod 3999
BAJT [50 48 50 54 46 10 75 111 109 112 114 101 115 105 106 97 32 105 32 122 97 115 116 105 116 97 32 112 111 100 97 116 97 107 97 32 50 48 50 54 46 10 75 111 109 112 114 101 115 105 106 97 32 105 32 122 97 115 116 105 116 97 32 112 111 100 97 116 97 107 97 32 50 48 50 54 46 10 75 111 109 112 114 101 115 105 106 97 32 105 32 122 97 115 116 105 116 97 32 112 111 100 97 116 97 107 97 ]: Kod 4036
BAJT [50 48 50 54 46 10 75 111 109 112 114 101 115 105 106 97 32 105 32 122 97 115 116 105 116 97 32 112 111 100 97 116 97 107 97 32 50 48 50 54 46 10 75 111 109 112 114 101 115 105 106 97 32 105 32 122 97 115 116 105 116 97 32 112 111 100 97 116 97 107 97 32 50 48 50 54 46 10 75 111 109 112 114 101 115 105 106 97 32 105 32 122 97 115 116 105 116 97 32 112 111 100 97 116 97 107 97 32 ]: Kod 4075
BAJT [50 54 ]: Kod 285
BAJT [50 54 46 ]: Kod 323
BAJT [50 54 46 10 ]: Kod 347
BAJT [50 54 46 10 75 ]: Kod 396
BAJT [50 54 46 10 75 111 ]: Kod 411
BAJT [50 54 46 10 75 111 109 ]: Kod 450
BAJT [50 54 46 10 75 111 109 112 ]: Kod 484
BAJT [50 54 46 10 75 111 109 112 114 ]: Kod 499
BAJT [50 54 46 10 75 111 109 112 114 101 ]: Kod 568
BAJT [50 54 46 10 75 111 109 112 114 101 115 ]: Kod 572
BAJT [50 54 46 10 75 111 109 112 114 101 115 105 ]: Kod 642
BAJT [50 54 46 10 75 111 109 112 114 101 115 105 106 ]: Kod 678
BAJT [50 54 46 10 75 111 109 112 114 101 115 105 106 97 ]: Kod 704
BAJT [50 54 46 10 75 111 109 112 114 101 115 105 106 97 32 ]: Kod 749
BAJT [50 54 46 10 75 111 109 112 114 101 115 105 106 97 32 105 ]: Kod 783
BAJT [50 54 46 10 75 111 109 112 114 101 115 105 106 97 32 105 32 ]: Kod 795
BAJT [50 54 46 10 75 111 109 112 114 101 115 105 106 97 32 105 32 122 ]: Kod 833
BAJT [50 54 46 10 75 111 109 112 114 101 115 105 106 97 32 105 32 122 97 ]: Kod 908
BAJT [50 54 46 10 75 111 109 112 114 101 115 105 106 97 32 105 32 122 97 115 ]: Kod 910
BAJT [50 54 46 10 75 111 109 112 114 101 115 105 106 97 32 105 32 122 97 115 116 ]: Kod 971
BAJT [50 54 46 10 75 111 109 112 114 101 115 105 106 97 32 105 32 122 97 115 116 105 ]: Kod 995
BAJT [50 54 46 10 75 111 109 112 114 101 115 105 106 97 32 105 32 122 97 115 116 105 116 ]: Kod 1017
BAJT [50 54 46 10 75 111 109 112 114 101 115 105 106 97 32 105 32 122 97 115 116 105 116 97 ]: Kod 1073
BAJT [50 54 46 10 75 111 109 112 114 101 115 105 106 97 32 105 32 122 97 115 116 105 116 97 32 ]: Kod 1112
BAJT [50 54 46 10 75 111 109 112 114 101 115 105 106 97 32 105 32 122 97 115 116 105 116 97 32 112 ]: Kod 1137
BAJT [50 54 46 10 75 111 109 112 114 101 115 105 106 97 32 105 32 122 97 115 116 105 116 97 32 112 111 ]: Kod 1182
BAJT [50 54 46 10 75 111 109 112 114 101 115 105 106 97 32 105 32 122 97 115 116 105 116 97 32 112 111 100 ]: Kod 1210
BAJT [50 54 46 10 75 111 109 112 114 101 115 105 106 97 32 105 32 122 97 115 116 105 116 97 32 112 111 100 97 ]: Kod 1257
BAJT [50 54 46 10 75 111 109 112 114 101 115 105 106 97 32 105 32 122 97 115 116 105 116 97 32 112 111 100 97 116 ]: Kod 1277
BAJT [50 54 46 10 75 111 109 112 114 101 115 105 106 97 32 105 32 122 97 115 116 105 116 97 32 112 111 100 97 116 97 ]: Kod 1316
BAJT [50 54 46 10 75 111 109 112 114 101 115 105 106 97 32 105 32 122 97 115 116 105 116 97 32 112 111 100 97 116 97 107 ]: Kod 1348
BAJT [50 54 46 10 75 111 109 112 114 101 115 105 106 97 32 105 32 122 97 115 116 105 116 97 32 112 111 100 97 116 97 107 97 ]: Kod 1363
BAJT [50 54 46 10 75 111 109 112 114 101 115 105 106 97 32 105 32 122 97 115 116 105 116 97 32 112 111 100 97 116 97 107 97 32 ]: Kod 1431
BAJT [50 54 46 10 75 111 109 112 114 101 115 105 106 97 32 105 32 122 97 115 116 105 116 97 32 112 111 100 97 116 97 107 97 32 50 ]: Kod 1443
BAJT [50 54 46 10 75 111 109 112 114 101 115 105 106 97 32 105 32 122 97 115 116 105 116 97 32 112 111 100 97 116 97 107 97 32 50 48 ]: Kod 1481
BAJT [50 54 46 10 75 111 109 112 114 101 115 105 106 97 32 105 32 122 97 115 116 105 116 97 32 112 111 100 97 116 97 107 97 32 50 48 50 ]: Kod 1574
BAJT [50 54 46 10 75 111 109 112 114 101 115 105 106 97 32 105 32 122 97 115 116 105 116 97 32 112 111 100 97 116 97 107 97 32 50 48 50 54 ]: Kod 1575
BAJT [50 54 46 10 75 111 109 112 114 101 115 105 106 97 32 105 32 122 97 115 116 105 116 97 32 112 111 100 97 116 97 107 97 32 50 48 50 54 46 ]: Kod 1619
BAJT [50 54 46 10 75 111 109 112 114 101 115 105 106 97 32 105 32 122 97 115 116 105 116 97 32 112 111 100 97 116 97 107 97 32 50 48 50 54 46 10 ]: Kod 1643
BAJT [50 54 46 10 75 111 109 112 114 101 115 105 106 97 32 105 32 122 97 115 116 105 116 97 32 112 111 100 97 116 97 107 97 32 50 48 50 54 46 10 75 ]: Kod 1692
BAJT [50 54 46 10 75 111 109 112 114 101 115 105 106 97 32 105 32 122 97 115 116 105 116 97 32 112 111 100 97 116 97 107 97 32 50 48 50 54 46 10 75 111 ]: Kod 1707
BAJT [50 54 46 10 75 111 109 112 114 101 115 105 106 97 32 105 32 122 97 115 116 105 116 97 32 112 111 100 97 116 97 107 97 32 50 48 50 54 46 10 75 111 109 ]: Kod 1746
BAJT [50 54 46 10 75 111 109 112 114 101 115 105 106 97 32 105 32 122 97 115 116 105 116 97 32 112 111 100 97 116 97 107 97 32 50 48 50 54 46 10 75 111 109 112 ]: Kod 1780
BAJT [50 54 46 10 75 111 109 112 114 101 115 105 106 97 32 105 32 122 97 115 116 105 116 97 32 112 111 100 97 116 97 107 97 32 50 48 50 54 46 10 75 111 109 112 114 ]: Kod 1795
BAJT [50 54 46 10 75 111 109 112 114 101 115 105 106 97 32 105 32 122 97 115 116 105 116 97 32 112 111 100 97 116 97 107 97 32 50 48 50 54 46 10 75 111 109 112 114 101 ]: Kod 1864
BAJT [50 54 46 10 75 111 109 112 114 101 115 105 106 97 32 105 32 122 97 115 116 105 116 97 32 112 111 100 97 116 97 107 97 32 50 48 50 54 46 10 75 111 109 112 114 101 115 ]: Kod 1868
BAJT [50 54 46 10 75 111 109 112 114 101 115 105 106 97 32 105 32 122 97 115 116 105 116 97 32 112 111 100 97 116 97 107 97 32 50 48 50 54 46 10 75 111 109 112 114 101 115 105 ]: Kod 1938
BAJT [50 54 46 10 75 111 109 112 114 101 115 105 106 97 32 105 32 122 97 115 116 105 116 97 32 112 111 100 97 116 97 107 97 32 50 48 50 54 46 10 75 111 109 112 114 101 115 105 106 ]: Kod 1974
BAJT [50 54 46 10 75 111 109 112 114 101 115 105 106 97 32 105 32 122 97 115 116 105 116 97 32 112 111 100 97 116 97 107 97 32 50 48 50 54 46 10 75 111 109 112 114 101 115 105 106 97 ]: Kod 2000
BAJT [50 54 46 10 75 111 109 112 114 101 115 105 106 97 32 105 32 122 97 115 116 105 116 97 32 112 111 100 97 116 97 107 97 32 50 48 50 54 46 10 75 111 109 112 114 101 115 105 106 97 32 ]: Kod 2045
BAJT [50 54 46 10 75 111 109 112 114 101 115 105 106 97 32 105 32 122 97 115 116 105 116 97 32 112 111 100 97 116 97 107 97 32 50 48 50 54 46 10 75 111 109 112 114 101 115 105 106 97 32 105 ]: Kod 2079
BAJT [50 54 46 10 75 111 109 112 114 101 115 105 106 97 32 105 32 122 97 115 116 105 116 97 32 112 111 100 97 116 97 107 97 32 50 48 50 54 46 10 75 111 109 112 114 101 115 105 106 97 32 105 32 ]: Kod 2091
BAJT [50 54 46 10 75 111 109 112 114 101 115 105 106 97 32 105 32 122 97 115 116 105 116 97 32 112 111 100 97 116 97 107 97 32 50 48 50 54 46 10 75 111 109 112 114 101 115 105 106 97 32 105 32 122 ]: Kod 2129
BAJT [50 54 46 10 75 111 109 112 114 101 115 105 106 97 32 105 32 122 97 115 116 105 116 97 32 112 111 100 97 116 97 107 97 32 50 48 50 54 46 10 75 111 109 112 114 101 115 105 106 97 32 105 32 122 97 ]: Kod 2204
BAJT [50 54 46 10 75 111 109 112 114 101 115 105 106 97 32 105 32 122 97 115 116 105 116 97 32 112 111 100 97 116 97 107 97 32 50 48 50 54 46 10 75 111 109 112 114 101 115 105 106 97 32 105 32 122 97 115 ]: Kod 2206
BAJT [50 54 46 10 75 111 109 112 114 101 115 105 106 97 32 105 32 122 97 115 116 105 116 97 32 112 111 100 97 116 97 107 97 32 50 48 50 54 46 10 75 111 109 112 114 101 115 105 106 97 32 105 32 122 97 115 116 ]: Kod 2267
BAJT [50 54 46 10 75 111 109 112 114 101 115 105 106 97 32 105 32 122 97 115 116 105 116 97 32 112 111 100 97 116 97 107 97 32 50 48 50 54 46 10 75 111 109 112 114 101 115 105 106 97 32 105 32 122 97 115 116 105 ]: Kod 2291
BAJT [50 54 46 10 75 111 109 112 114 101 115 105 106 97 32 105 32 122 97 115 116 105 116 97 32 112 111 100 97 116 97 107 97 32 50 48 50 54 46 10 75 111 109 112 114 101 115 105 106 97 32 105 32 122 97 115 116 105 116 ]: Kod 2313
BAJT [50 54 46 10 75 111 109 112 114 101 115 105 106 97 32 105 32 122 97 115 116 105 116 97 32 112 111 100 97 116 97 107 97 32 50 48 50 54 46 10 75 111 109 112 114 101 115 105 106 97 32 105 32 122 97 115 116 105 116 97 ]: Kod 2369
BAJT [50 54 46 10 75 111 109 112 114 101 115 105 106 97 32 105 32 122 97 115 116 105 116 97 32 112 111 100 97 116 97 107 97 32 50 48 50 54 46 10 75 111 109 112 114 101 115 105 106 97 32 105 32 122 97 115 116 105 116 97 32 ]: Kod 2408
BAJT [50 54 46 10 75 111 109 112 114 101 115 105 106 97 32 105 32 122 97 115 116 105 116 97 32 112 111 100 97 116 97 107 97 32 50 48 50 54 46 10 75 111 109 112 114 101 115 105 106 97 32 105 32 122 97 115 116 105 116 97 32 112 ]: Kod 2433
BAJT [50 54 46 10 75 111 109 112 114 101 115 105 106 97 32 105 32 122 97 115 116 105 116 97 32 112 111 100 97 116 97 107 97 32 50 48 50 54 46 10 75 111 109 112 114 101 115 105 106 97 32 105 32 122 97 115 116 105 116 97 32 112 111 ]: Kod 2478
BAJT [50 54 46 10 75 111 109 112 114 101 115 105 106 97 32 105 32 122 97 115 116 105 116 97 32 112 111 100 97 116 97 107 97 32 50 48 50 54 46 10 75 111 109 112 114 101 115 105 106 97 32 105 32 122 97 115 116 105 116 97 32 112 111 100 ]: Kod 2506
BAJT [50 54 46 10 75 111 109 112 114 101 115 105 106 97 32 105 32 122 97 115 116 105 116 97 32 112 111 100 97 116 97 107 97 32 50 48 50 54 46 10 75 111 109 112 114 101 115 105 106 97 32 105 32 122 97 115 116 105 116 97 32 112 111 100 97 ]: Kod 2553
BAJT [50 54 46 10 75 111 109 112 114 101 115 105 106 97 32 105 32 122 97 115 116 105 116 97 32 112 111 100 97 116 97 107 97 32 50 48 50 54 46 10 75 111 109 112 114 101 115 105 106 97 32 105 32 122 97 115 116 105 116 97 32 112 111 100 97 116 ]: Kod 2573
BAJT [50 54 46 10 75 111 109 112 114 101 115 105 106 97 32 105 32 122 97 115 116 105 116 97 32 112 111 100 97 116 97 107 97 32 50 48 50 54 46 10 75 111 109 112 114 101 115 105 106 97 32 105 32 122 97 115 116 105 116 97 32 112 111 100 97 116 97 ]: Kod 2612
BAJT [50 54 46 10 75 111 109 112 114 101 115 105 106 97 32 105 32 122 97 115 116 105 116 97 32 112 111 100 97 116 97 107 97 32 50 48 50 54 46 10 75 111 109 112 114 101 115 105 106 97 32 105 32 122 97 115 116 105 116 97 32 112 111 100 97 116 97 107 ]: Kod 2644
BAJT [50 54 46 10 75 111 109 112 114 101 115 105 106 97 32 105 32 122 97 115 116 105 116 97 32 112 111 100 97 116 97 107 97 32 50 48 50 54 46 10 75 111 109 112 114 101 115 105 106 97 32 105 32 122 97 115 116 105 116 97 32 112 111 100 97 116 97 107 97 ]: Kod 2659
BAJT [50 54 46 10 75 111 109 112 114 101 115 105 106 97 32 105 32 122 97 115 116 105 116 97 32 112 111 100 97 116 97 107 97 32 50 48 50 54 46 10 75 111 109 112 114 101 115 105 106 97 32 105 32 122 97 115 116 105 116 97 32 112 111 100 97 116 97 107 97 32 ]: Kod 2727
BAJT [50 54 46 10 75 111 109 112 114 101 115 105 106 97 32 105 32 122 97 115 116 105 116 97 32 112 111 100 97 116 97 107 97 32 50 48 50 54 46 10 75 111 109 112 114 101 115 105 106 97 32 105 32 122 97 115 116 105 116 97 32 112 111 100 97 116 97 107 97 32 50 ]: Kod 2739
BAJT [50 54 46 10 75 111 109 112 114 101 115 105 106 97 32 105 32 122 97 115 116 105 116 97 32 112 111 100 97 116 97 107 97 32 50 48 50 54 46 10 75 111 109 112 114 101 115 105 106 97 32 105 32 122 97 115 116 105 116 97 32 112 111 100 97 116 97 107 97 32 50 48 ]: Kod 2777
BAJT [50 54 46 10 75 111 109 112 114 101 115 105 106 97 32 105 32 122 97 115 116 105 116 97 32 112 111 100 97 116 97 107 97 32 50 48 50 54 46 10 75 111 109 112 114 101 115 105 106 97 32 105 32 122 97 115 116 105 116 97 32 112 111 100 97 116 97 107 97 32 50 48 50 ]: Kod 2870
BAJT [50 54 46 10 75 111 109 112 114 101 115 105 106 97 32 105 32 122 97 115 116 105 116 97 32 112 111 100 97 116 97 107 97 32 50 48 50 54 46 10 75 111 109 112 114 101 115 105 106 97 32 105 32 122 97 115 116 105 116 97 32 112 111 100 97 116 97 107 97 32 50 48 50 54 ]: Kod 2871
BAJT [50 54 46 10 75 111 109 112 114 101 115 105 106 97 32 105 32 122 97 115 116 105 116 97 32 112 111 100 97 116 97 107 97 32 50 48 50 54 46 10 75 111 109 112 114 101 115 105 106 97 32 105 32 122 97 115 116 105 116 97 32 112 111 100 97 116 97 107 97 32 50 48 50 54 46 ]: Kod 2915
BAJT [50 54 46 10 75 111 109 112 114 101 115 105 106 97 32 105 32 122 97 115 116 105 116 97 32 112 111 100 97 116 97 107 97 32 50 48 50 54 46 10 75 111 109 112 114 101 115 105 106 97 32 105 32 122 97 115 116 105 116 97 32 112 111 100 97 116 97 107 97 32 50 48 50 54 46 10 ]: Kod 2939
BAJT [50 54 46 10 75 111 109 112 114 101 115 105 106 97 32 105 32 122 97 115 116 105 116 97 32 112 111 100 97 116 97 107 97 32 50 48 50 54 46 10 75 111 109 112 114 101 115 105 106 97 32 105 32 122 97 115 116 105 116 97 32 112 111 100 97 116 97 107 97 32 50 48 50 54 46 10 75 ]: Kod 2988
BAJT [50 54 46 10 75 111 109 112 114 101 115 105 106 97 32 105 32 122 97 115 116 105 116 97 32 112 111 100 97 116 97 107 97 32 50 48 50 54 46 10 75 111 109 112 114 101 115 105 106 97 32 105 32 122 97 115 116 105 116 97 32 112 111 100 97 116 97 107 97 32 50 48 50 54 46 10 75 111 ]: Kod 3003
BAJT [50 54 46 10 75 111 109 112 114 101 115 105 106 97 32 105 32 122 97 115 116 105 116 97 32 112 111 100 97 116 97 107 97 32 50 48 50 54 46 10 75 111 109 112 114 101 115 105 106 97 32 105 32 122 97 115 116 105 116 97 32 112 111 100 97 116 97 107 97 32 50 48 50 54 46 10 75 111 109 ]: Kod 3042
BAJT [50 54 46 10 75 111 109 112 114 101 115 105 106 97 32 105 32 122 97 115 116 105 116 97 32 112 111 100 97 116 97 107 97 32 50 48 50 54 46 10 75 111 109 112 114 101 115 105 106 97 32 105 32 122 97 115 116 105 116 97 32 112 111 100 97 116 97 107 97 32 50 48 50 54 46 10 75 111 109 112 ]: Kod 3076
BAJT [50 54 46 10 75 111 109 112 114 101 115 105 106 97 32 105 32 122 97 115 116 105 116 97 32 112 111 100 97 116 97 107 97 32 50 48 50 54 46 10 75 111 109 112 114 101 115 105 106 97 32 105 32 122 97 115 116 105 116 97 32 112 111 100 97 116 97 107 97 32 50 48 50 54 46 10 75 111 109 112 114 ]: Kod 3091
BAJT [50 54 46 10 75 111 109 112 114 101 115 105 106 97 32 105 32 122 97 115 116 105 116 97 32 112 111 100 97 116 97 107 97 32 50 48 50 54 46 10 75 111 109 112 114 101 115 105 106 97 32 105 32 122 97 115 116 105 116 97 32 112 111 100 97 116 97 107 97 32 50 48 50 54 46 10 75 111 109 112 114 101 ]: Kod 3160
BAJT [50 54 46 10 75 111 109 112 114 101 115 105 106 97 32 105 32 122 97 115 116 105 116 97 32 112 111 100 97 116 97 107 97 32 50 48 50 54 46 10 75 111 109 112 114 101 115 105 106 97 32 105 32 122 97 115 116 105 116 97 32 112 111 100 97 116 97 107 97 32 50 48 50 54 46 10 75 111 109 112 114 101 115 ]: Kod 3164
BAJT [50 54 46 10 75 111 109 112 114 101 115 105 106 97 32 105 32 122 97 115 116 105 116 97 32 112 111 100 97 116 97 107 97 32 50 48 50 54 46 10 75 111 109 112 114 101 115 105 106 97 32 105 32 122 97 115 116 105 116 97 32 112 111 100 97 116 97 107 97 32 50 48 50 54 46 10 75 111 109 112 114 101 115 105 ]: Kod 3234
BAJT [50 54 46 10 75 111 109 112 114 101 115 105 106 97 32 105 32 122 97 115 116 105 116 97 32 112 111 100 97 116 97 107 97 32 50 48 50 54 46 10 75 111 109 112 114 101 115 105 106 97 32 105 32 122 97 115 116 105 116 97 32 112 111 100 97 116 97 107 97 32 50 48 50 54 46 10 75 111 109 112 114 101 115 105 106 ]: Kod 3270
BAJT [50 54 46 10 75 111 109 112 114 101 115 105 106 97 32 105 32 122 97 115 116 105 116 97 32 112 111 100 97 116 97 107 97 32 50 48 50 54 46 10 75 111 109 112 114 101 115 105 106 97 32 105 32 122 97 115 116 105 116 97 32 112 111 100 97 116 97 107 97 32 50 48 50 54 46 10 75 111 109 112 114 101 115 105 106 97 ]: Kod 3296
BAJT [50 54 46 10 75 111 109 112 114 101 115 105 106 97 32 105 32 122 97 115 116 105 116 97 32 112 111 100 97 116 97 107 97 32 50 48 50 54 46 10 75 111 109 112 114 101 115 105 106 97 32 105 32 122 97 115 116 105 116 97 32 112 111 100 97 116 97 107 97 32 50 48 50 54 46 10 75 111 109 112 114 101 115 105 106 97 32 ]: Kod 3341
BAJT [50 54 46 10 75 111 109 112 114 101 115 105 106 97 32 105 32 122 97 115 116 105 116 97 32 112 111 100 97 116 97 107 97 32 50 48 50 54 46 10 75 111 109 112 114 101 115 105 106 97 32 105 32 122 97 115 116 105 116 97 32 112 111 100 97 116 97 107 97 32 50 48 50 54 46 10 75 111 109 112 114 101 115 105 106 97 32 105 ]: Kod 3375
BAJT [50 54 46 10 75 111 109 112 114 101 115 105 106 97 32 105 32 122 97 115 116 105 116 97 32 112 111 100 97 116 97 107 97 32 50 48 50 54 46 10 75 111 109 112 114 101 115 105 106 97 32 105 32 122 97 115 116 105 116 97 32 112 111 100 97 116 97 107 97 32 50 48 50 54 46 10 75 111 109 112 114 101 115 105 106 97 32 105 32 ]: Kod 3387
BAJT [50 54 46 10 75 111 109 112 114 101 115 105 106 97 32 105 32 122 97 115 116 105 116 97 32 112 111 100 97 116 97 107 97 32 50 48 50 54 46 10 75 111 109 112 114 101 115 105 106 97 32 105 32 122 97 115 116 105 116 97 32 112 111 100 97 116 97 107 97 32 50 48 50 54 46 10 75 111 109 112 114 101 115 105 106 97 32 105 32 122 ]: Kod 3425
BAJT [50 54 46 10 75 111 109 112 114 101 115 105 106 97 32 105 32 122 97 115 116 105 116 97 32 112 111 100 97 116 97 107 97 32 50 48 50 54 46 10 75 111 109 112 114 101 115 105 106 97 32 105 32 122 97 115 116 105 116 97 32 112 111 100 97 116 97 107 97 32 50 48 50 54 46 10 75 111 109 112 114 101 115 105 106 97 32 105 32 122 97 ]: Kod 3500
BAJT [50 54 46 10 75 111 109 112 114 101 115 105 106 97 32 105 32 122 97 115 116 105 116 97 32 112 111 100 97 116 97 107 97 32 50 48 50 54 46 10 75 111 109 112 114 101 115 105 106 97 32 105 32 122 97 115 116 105 116 97 32 112 111 100 97 116 97 107 97 32 50 48 50 54 46 10 75 111 109 112 114 101 115 105 106 97 32 105 32 122 97 115 ]: Kod 3502
BAJT [50 54 46 10 75 111 109 112 114 101 115 105 106 97 32 105 32 122 97 115 116 105 116 97 32 112 111 100 97 116 97 107 97 32 50 48 50 54 46 10 75 111 109 112 114 101 115 105 106 97 32 105 32 122 97 115 116 105 116 97 32 112 111 100 97 116 97 107 97 32 50 48 50 54 46 10 75 111 109 112 114 101 115 105 106 97 32 105 32 122 97 115 116 ]: Kod 3563
BAJT [50 54 46 10 75 111 109 112 114 101 115 105 106 97 32 105 32 122 97 115 116 105 116 97 32 112 111 100 97 116 97 107 97 32 50 48 50 54 46 10 75 111 109 112 114 101 115 105 106 97 32 105 32 122 97 115 116 105 116 97 32 112 111 100 97 116 97 107 97 32 50 48 50 54 46 10 75 111 109 112 114 101 115 105 106 97 32 105 32 122 97 115 116 105 ]: Kod 3587
BAJT [50 54 46 10 75 111 109 112 114 101 115 105 106 97 32 105 32 122 97 115 116 105 116 97 32 112 111 100 97 116 97 107 97 32 50 48 50 54 46 10 75 111 109 112 114 101 115 105 106 97 32 105 32 122 97 115 116 105 116 97 32 112 111 100 97 116 97 107 97 32 50 48 50 54 46 10 75 111 109 112 114 101 115 105 106 97 32 105 32 122 97 115 116 105 116 ]: Kod 3609
BAJT [50 54 46 10 75 111 109 112 114 101 115 105 106 97 32 105 32 122 97 115 116 105 116 97 32 112 111 100 97 116 97 107 97 32 50 48 50 54 46 10 75 111 109 112 114 101 115 105 106 97 32 105 32 122 97 115 116 105 116 97 32 112 111 100 97 116 97 107 97 32 50 48 50 54 46 10 75 111 109 112 114 101 115 105 106 97 32 105 32 122 97 115 116 105 116 97 ]: Kod 3665
BAJT [50 54 46 10 75 111 109 112 114 101 115 105 106 97 32 105 32 122 97 115 116 105 116 97 32 112 111 100 97 116 97 107 97 32 50 48 50 54 46 10 75 111 109 112 114 101 115 105 106 97 32 105 32 122 97 115 116 105 116 97 32 112 111 100 97 116 97 107 97 32 50 48 50 54 46 10 75 111 109 112 114 101 115 105 106 97 32 105 32 122 97 115 116 105 116 97 32 ]: Kod 3704
BAJT [50 54 46 10 75 111 109 112 114 101 115 105 106 97 32 105 32 122 97 115 116 105 116 97 32 112 111 100 97 116 97 107 97 32 50 48 50 54 46 10 75 111 109 112 114 101 115 105 106 97 32 105 32 122 97 115 116 105 116 97 32 112 111 100 97 116 97 107 97 32 50 48 50 54 46 10 75 111 109 112 114 101 115 105 106 97 32 105 32 122 97 115 116 105 116 97 32 112 ]: Kod 3729
BAJT [50 54 46 10 75 111 109 112 114 101 115 105 106 97 32 105 32 122 97 115 116 105 116 97 32 112 111 100 97 116 97 107 97 32 50 48 50 54 46 10 75 111 109 112 114 101 115 105 106 97 32 105 32 122 97 115 116 105 116 97 32 112 111 100 97 116 97 107 97 32 50 48 50 54 46 10 75 111 109 112 114 101 115 105 106 97 32 105 32 122 97 115 116 105 116 97 32 112 111 ]: Kod 3774
BAJT [50 54 46 10 75 111 109 112 114 101 115 105 106 97 32 105 32 122 97 115 116 105 116 97 32 112 111 100 97 116 97 107 97 32 50 48 50 54 46 10 75 111 109 112 114 101 115 105 106 97 32 105 32 122 97 115 116 105 116 97 32 112 111 100 97 116 97 107 97 32 50 48 50 54 46 10 75 111 109 112 114 101 115 105 106 97 32 105 32 122 97 115 116 105 116 97 32 112 111 100 ]: Kod 3802
BAJT [50 54 46 10 75 111 109 112 114 101 115 105 106 97 32 105 32 122 97 115 116 105 116 97 32 112 111 100 97 116 97 107 97 32 50 48 50 54 46 10 75 111 109 112 114 101 115 105 106 97 32 105 32 122 97 115 116 105 116 97 32 112 111 100 97 116 97 107 97 32 50 48 50 54 46 10 75 111 109 112 114 101 115 105 106 97 32 105 32 122 97 115 116 105 116 97 32 112 111 100 97 ]: Kod 3849
BAJT [50 54 46 10 75 111 109 112 114 101 115 105 106 97 32 105 32 122 97 115 116 105 116 97 32 112 111 100 97 116 97 107 97 32 50 48 50 54 46 10 75 111 109 112 114 101 115 105 106 97 32 105 32 122 97 115 116 105 116 97 32 112 111 100 97 116 97 107 97 32 50 48 50 54 46 10 75 111 109 112 114 101 115 105 106 97 32 105 32 122 97 115 116 105 116 97 32 112 111 100 97 116 ]: Kod 3869
BAJT [50 54 46 10 75 111 109 112 114 101 115 105 106 97 32 105 32 122 97 115 116 105 116 97 32 112 111 100 97 116 97 107 97 32 50 48 50 54 46 10 75 111 109 112 114 101 115 105 106 97 32 105 32 122 97 115 116 105 116 97 32 112 111 100 97 116 97 107 97 32 50 48 50 54 46 10 75 111 109 112 114 101 115 105 106 97 32 105 32 122 97 115 116 105 116 97 32 112 111 100 97 116 97 ]: Kod 3908
BAJT [50 54 46 10 75 111 109 112 114 101 115 105 106 97 32 105 32 122 97 115 116 105 116 97 32 112 111 100 97 116 97 107 97 32 50 48 50 54 46 10 75 111 109 112 114 101 115 105 106 97 32 105 32 122 97 115 116 105 116 97 32 112 111 100 97 116 97 107 97 32 50 48 50 54 46 10 75 111 109 112 114 101 115 105 106 97 32 105 32 122 97 115 116 105 116 97 32 112 111 100 97 116 97 107 ]: Kod 3940
BAJT [50 54 46 10 75 111 109 112 114 101 115 105 106 97 32 105 32 122 97 115 116 105 116 97 32 112 111 100 97 116 97 107 97 32 50 48 50 54 46 10 75 111 109 112 114 101 115 105 106 97 32 105 32 122 97 115 116 105 116 97 32 112 111 100 97 116 97 107 97 32 50 48 50 54 46 10 75 111 109 112 114 101 115 105 106 97 32 105 32 122 97 115 116 105 116 97 32 112 111 100 97 116 97 107 97 ]: Kod 3955
BAJT [50 54 46 10 75 111 109 112 114 101 115 105 106 97 32 105 32 122 97 115 116 105 116 97 32 112 111 100 97 116 97 107 97 32 50 48 50 54 46 10 75 111 109 112 114 101 115 105 106 97 32 105 32 122 97 115 116 105 116 97 32 112 111 100 97 116 97 107 97 32 50 48 50 54 46 10 75 111 109 112 114 101 115 105 106 97 32 105 32 122 97 115 116 105 116 97 32 112 111 100 97 116 97 107 97 32 ]: Kod 4023
BAJT [50 54 46 10 75 111 109 112 114 101 115 105 106 97 32 105 32 122 97 115 116 105 116 97 32 112 111 100 97 116 97 107 97 32 50 48 50 54 46 10 75 111 109 112 114 101 115 105 106 97 32 105 32 122 97 115 116 105 116 97 32 112 111 100 97 116 97 107 97 32 50 48 50 54 46 10 75 111 109 112 114 101 115 105 106 97 32 105 32 122 97 115 116 105 116 97 32 112 111 100 97 116 97 107 97 32 50 ]: Kod 4035
BAJT [50 54 46 10 75 111 109 112 114 101 115 105 106 97 32 105 32 122 97 115 116 105 116 97 32 112 111 100 97 116 97 107 97 32 50 48 50 54 46 10 75 111 109 112 114 101 115 105 106 97 32 105 32 122 97 115 116 105 116 97 32 112 111 100 97 116 97 107 97 32 50 48 50 54 46 10 75 111 109 112 114 101 115 105 106 97 32 105 32 122 97 115 116 105 116 97 32 112 111 100 97 116 97 107 97 32 50 48 ]: Kod 4073
BAJT [51 ]: Kod 51
BAJT [52 ]: Kod 52
BAJT [53 ]: Kod 53
BAJT [54 ]: Kod 54
BAJT [54 46 ]: Kod 286
BAJT [54 46 10 ]: Kod 305
BAJT [54 46 10 75 ]: Kod 336
BAJT [54 46 10 75 111 ]: Kod 378
BAJT [54 46 10 75 111 109 ]: Kod 404
BAJT [54 46 10 75 111 109 112 ]: Kod 456
BAJT [54 46 10 75 111 109 112 114 ]: Kod 504
BAJT [54 46 10 75 111 109 112 114 101 ]: Kod 536
BAJT [54 46 10 75 111 109 112 114 101 115 ]: Kod 576
BAJT [54 46 10 75 111 109 112 114 101 115 105 ]: Kod 602
BAJT [54 46 10 75 111 109 112 114 101 115 105 106 ]: Kod 616
BAJT [54 46 10 75 111 109 112 114 101 115 105 106 97 ]: Kod 684
BAJT [54 46 10 75 111 109 112 114 101 115 105 106 97 32 ]: Kod 687
BAJT [54 46 10 75 111 109 112 114 101 115 105 106 97 32 105 ]: Kod 744
BAJT [54 46 10 75 111 109 112 114 101 115 105 106 97 32 105 32 ]: Kod 764
BAJT [54 46 10 75 111 109 112 114 101 115 105 106 97 32 105 32 122 ]: Kod 813
BAJT [54 46 10 75 111 109 112 114 101 115 105 106 97 32 105 32 122 97 ]: Kod 852
BAJT [54 46 10 75 111 109 112 114 101 115 105 106 97 32 105 32 122 97 115 ]: Kod 912
BAJT [54 46 10 75 111 109 112 114 101 115 105 106 97 32 105 32 122 97 115 116 ]: Kod 933
BAJT [54 46 10 75 111 109 112 114 101 115 105 106 97 32 105 32 122 97 115 116 105 ]: Kod 953
BAJT [54 46 10 75 111 109 112 114 101 115 105 106 97 32 105 32 122 97 115 116 105 116 ]: Kod 978
BAJT [54 46 10 75 111 109 112 114 101 115 105 106 97 32 105 32 122 97 115 116 105 116 97 ]: Kod 1022
BAJT [54 46 10 75 111 109 112 114 101 115 105 106 97 32 105 32 122 97 115 116 105 116 97 32 ]: Kod 1048
BAJT [54 46 10 75 111 109 112 114 101 115 105 106 97 32 105 32 122 97 115 116 105 116 97 32 112 ]: Kod 1118
BAJT [54 46 10 75 111 109 112 114 101 115 105 106 97 32 105 32 122 97 115 116 105 116 97 32 112 111 ]: Kod 1121
BAJT [54 46 10 75 111 109 112 114 101 115 105 106 97 32 105 32 122 97 115 116 105 116 97 32 112 111 100 ]: Kod 1164
BAJT [54 46 10 75 111 109 112 114 101 115 105 106 97 32 105 32 122 97 115 116 105 116 97 32 112 111 100 97 ]: Kod 1214
BAJT [54 46 10 75 111 109 112 114 101 115 105 106 97 32 105 32 122 97 115 116 105 116 97 32 112 111 100 97 116 ]: Kod 1218
BAJT [54 46 10 75 111 109 112 114 101 115 105 106 97 32 105 32 122 97 115 116 105 116 97 32 112 111 100 97 116 97 ]: Kod 1293
BAJT [54 46 10 75 111 109 112 114 101 115 105 106 97 32 105 32 122 97 115 116 105 116 97 32 112 111 100 97 116 97 107 ]: Kod 1322
BAJT [54 46 10 75 111 109 112 114 101 115 105 106 97 32 105 32 122 97 115 116 105 116 97 32 112 111 100 97 116 97 107 97 ]: Kod 1355
BAJT [54 46 10 75 111 109 112 114 101 115 105 106 97 32 105 32 122 97 115 116 105 116 97 32 112 111 100 97 116 97 107 97 32 ]: Kod 1388
BAJT [54 46 10 75 111 109 112 114 101 115 105 106 97 32 105 32 122 97 115 116 105 116 97 32 112 111 100 97 116 97 107 97 32 50 ]: Kod 1406
BAJT [54 46 10 75 111 109 112 114 101 115 105 106 97 32 105 32 122 97 115 116 105 116 97 32 112 111 100 97 116 97 107 97 32 50 48 ]: Kod 1461
BAJT [54 46 10 75 111 109 112 114 101 115 105 106 97 32 105 32 122 97 115 116 105 116 97 32 112 111 100 97 116 97 107 97 32 50 48 50 ]: Kod 1480
BAJT [54 46 10 75 111 109 112 114 101 115 105 106 97 32 105 32 122 97 115 116 105 116 97 32 112 111 100 97 116 97 107 97 32 50 48 50 54 ]: Kod 1576
BAJT [54 46 10 75 111 109 112 114 101 115 105 106 97 32 105 32 122 97 115 116 105 116 97 32 112 111 100 97 116 97 107 97 32 50 48 50 54 46 ]: Kod 1577
BAJT [54 46 10 75 111 109 112 114 101 115 105 106 97 32 105 32 122 97 115 116 105 116 97 32 112 111 100 97 116 97 107 97 32 50 48 50 54 46 10 ]: Kod 1599
BAJT [54 46 10 75 111 109 112 114 101 115 105 106 97 32 105 32 122 97 115 116 105 116 97 32 112 111 100 97 116 97 107 97 32 50 48 50 54 46 10 75 ]: Kod 1632
BAJT [54 46 10 75 111 109 112 114 101 115 105 106 97 32 105 32 122 97 115 116 105 116 97 32 112 111 100 97 116 97 107 97 32 50 48 50 54 46 10 75 111 ]: Kod 1674
BAJT [54 46 10 75 111 109 112 114 101 115 105 106 97 32 105 32 122 97 115 116 105 116 97 32 112 111 100 97 116 97 107 97 32 50 48 50 54 46 10 75 111 109 ]: Kod 1700
BAJT [54 46 10 75 111 109 112 114 101 115 105 106 97 32 105 32 122 97 115 116 105 116 97 32 112 111 100 97 116 97 107 97 32 50 48 50 54 46 10 75 111 109 112 ]: Kod 1752
BAJT [54 46 10 75 111 109 112 114 101 115 105 106 97 32 105 32 122 97 115 116 105 116 97 32 112 111 100 97 116 97 107 97 32 50 48 50 54 46 10 75 111 109 112 114 ]: Kod 1800
BAJT [54 46 10 75 111 109 112 114 101 115 105 106 97 32 105 32 122 97 115 116 105 116 97 32 112 111 100 97 116 97 107 97 32 50 48 50 54 46 10 75 111 109 112 114 101 ]: Kod 1832
BAJT [54 46 10 75 111 109 112 114 101 115 105 106 97 32 105 32 122 97 115 116 105 116 97 32 112 111 100 97 116 97 107 97 32 50 48 50 54 46 10 75 111 109 112 114 101 115 ]: Kod 1872
BAJT [54 46 10 75 111 109 112 114 101 115 105 106 97 32 105 32 122 97 115 116 105 116 97 32 112 111 100 97 116 97 107 97 32 50 48 50 54 46 10 75 111 109 112 114 101 115 105 ]: Kod 1898
BAJT [54 46 10 75 111 109 112 114 101 115 105 106 97 32 105 32 122 97 115 116 105 116 97 32 112 111 100 97 116 97 107 97 32 50 48 50 54 46 10 75 111 109 112 114 101 115 105 106 ]: Kod 1912
BAJT [54 46 10 75 111 109 112 114 101 115 105 106 97 32 105 32 122 97 115 116 105 116 97 32 112 111 100 97 116 97 107 97 32 50 48 50 54 46 10 75 111 109 112 114 101 115 105 106 97 ]: Kod 1980
BAJT [54 46 10 75 111 109 112 114 101 115 105 106 97 32 105 32 122 97 115 116 105 116 97 32 112 111 100 97 116 97 107 97 32 50 48 50 54 46 10 75 111 109 112 114 101 115 105 106 97 32 ]: Kod 1983
BAJT [54 46 10 75 111 109 112 114 101 115 105 106 97 32 105 32 122 97 115 116 105 116 97 32 112 111 100 97 116 97 107 97 32 50 48 50 54 46 10 75 111 109 112 114 101 115 105 106 97 32 105 ]: Kod 2040
BAJT [54 46 10 75 111 109 112 114 101 115 105 106 97 32 105 32 122 97 115 116 105 116 97 32 112 111 100 97 116 97 107 97 32 50 48 50 54 46 10 75 111 109 112 114 101 115 105 106 97 32 105 32 ]: Kod 2060
BAJT [54 46 10 75 111 109 112 114 101 115 105 106 97 32 105 32 122 97 115 116 105 116 97 32 112 111 100 97 116 97 107 97 32 50 48 50 54 46 10 75 111 109 112 114 101 115 105 106 97 32 105 32 122 ]: Kod 2109
BAJT [54 46 10 75 111 109 112 114 101 115 105 106 97 32 105 32 122 97 115 116 105 116 97 32 112 111 100 97 116 97 107 97 32 50 48 50 54 46 10 75 111 109 112 114 101 115 105 106 97 32 105 32 122 97 ]: Kod 2148
BAJT [54 46 10 75 111 109 112 114 101 115 105 106 97 32 105 32 122 97 115 116 105 116 97 32 112 111 100 97 116 97 107 97 32 50 48 50 54 46 10 75 111 109 112 114 101 115 105 106 97 32 105 32 122 97 115 ]: Kod 2208
BAJT [54 46 10 75 111 109 112 114 101 115 105 106 97 32 105 32 122 97 115 116 105 116 97 32 112 111 100 97 116 97 107 97 32 50 48 50 54 46 10 75 111 109 112 114 101 115 105 106 97 32 105 32 122 97 115 116 ]: Kod 2229
BAJT [54 46 10 75 111 109 112 114 101 115 105 106 97 32 105 32 122 97 115 116 105 116 97 32 112 111 100 97 116 97 107 97 32 50 48 50 54 46 10 75 111 109 112 114 101 115 105 106 97 32 105 32 122 97 115 116 105 ]: Kod 2249
BAJT [54 46 10 75 111 109 112 114 101 115 105 106 97 32 105 32 122 97 115 116 105 116 97 32 112 111 100 97 116 97 107 97 32 50 48 50 54 46 10 75 111 109 112 114 101 115 105 106 97 32 105 32 122 97 115 116 105 116 ]: Kod 2274
BAJT [54 46 10 75 111 109 112 114 101 115 105 106 97 32 105 32 122 97 115 116 105 116 97 32 112 111 100 97 116 97 107 97 32 50 48 50 54 46 10 75 111 109 112 114 101 115 105 106 97 32 105 32 122 97 115 116 105 116 97 ]: Kod 2318
BAJT [54 46 10 75 111 109 112 114 101 115 105 106 97 32 105 32 122 97 115 116 105 116 97 32 112 111 100 97 116 97 107 97 32 50 48 50 54 46 10 75 111 109 112 114 101 115 105 106 97 32 105 32 122 97 115 116 105 116 97 32 ]: Kod 2344
BAJT [54 46 10 75 111 109 112 114 101 115 105 106 97 32 105 32 122 97 115 116 105 116 97 32 112 111 100 97 116 97 107 97 32 50 48 50 54 46 10 75 111 109 112 114 101 115 105 106 97 32 105 32 122 97 115 116 105 116 97 32 112 ]: Kod 2414
BAJT [54 46 10 75 111 109 112 114 101 115 105 106 97 32 105 32 122 97 115 116 105 116 97 32 112 111 100 97 116 97 107 97 32 50 48 50 54 46 10 75 111 109 112 114 101 115 105 106 97 32 105 32 122 97 115 116 105 116 97 32 112 111 ]: Kod 2417
BAJT [54 46 10 75 111 109 112 114 101 115 105 106 97 32 105 32 122 97 115 116 105 116 97 32 112 111 100 97 116 97 107 97 32 50 48 50 54 46 10 75 111 109 112 114 101 115 105 106 97 32 105 32 122 97 115 116 105 116 97 32 112 111 100 ]: Kod 2460
BAJT [54 46 10 75 111 109 112 114 101 115 105 106 97 32 105 32 122 97 115 116 105 116 97 32 112 111 100 97 116 97 107 97 32 50 48 50 54 46 10 75 111 109 112 114 101 115 105 106 97 32 105 32 122 97 115 116 105 116 97 32 112 111 100 97 ]: Kod 2510
BAJT [54 46 10 75 111 109 112 114 101 115 105 106 97 32 105 32 122 97 115 116 105 116 97 32 112 111 100 97 116 97 107 97 32 50 48 50 54 46 10 75 111 109 112 114 101 115 105 106 97 32 105 32 122 97 115 116 105 116 97 32 112 111 100 97 116 ]: Kod 2514
BAJT [54 46 10 75 111 109 112 114 101 115 105 106 97 32 105 32 122 97 115 116 105 116 97 32 112 111 100 97 116 97 107 97 32 50 48 50 54 46 10 75 111 109 112 114 101 115 105 106 97 32 105 32 122 97 115 116 105 116 97 32 112 111 100 97 116 97 ]: Kod 2589
BAJT [54 46 10 75 111 109 112 114 101 115 105 106 97 32 105 32 122 97 115 116 105 116 97 32 112 111 100 97 116 97 107 97 32 50 48 50 54 46 10 75 111 109 112 114 101 115 105 106 97 32 105 32 122 97 115 116 105 116 97 32 112 111 100 97 116 97 107 ]: Kod 2618
BAJT [54 46 10 75 111 109 112 114 101 115 105 106 97 32 105 32 122 97 115 116 105 116 97 32 112 111 100 97 116 97 107 97 32 50 48 50 54 46 10 75 111 109 112 114 101 115 105 106 97 32 105 32 122 97 115 116 105 116 97 32 112 111 100 97 116 97 107 97 ]: Kod 2651
BAJT [54 46 10 75 111 109 112 114 101 115 105 106 97 32 105 32 122 97 115 116 105 116 97 32 112 111 100 97 116 97 107 97 32 50 48 50 54 46 10 75 111 109 112 114 101 115 105 106 97 32 105 32 122 97 115 116 105 116 97 32 112 111 100 97 116 97 107 97 32 ]: Kod 2684
BAJT [54 46 10 75 111 109 112 114 101 115 105 106 97 32 105 32 122 97 115 116 105 116 97 32 112 111 100 97 116 97 107 97 32 50 48 50 54 46 10 75 111 109 112 114 101 115 105 106 97 32 105 32 122 97 115 116 105 116 97 32 112 111 100 97 116 97 107 97 32 50 ]: Kod 2702
BAJT [54 46 10 75 111 109 112 114 101 115 105 106 97 32 105 32 122 97 115 116 105 116 97 32 112 111 100 97 116 97 107 97 32 50 48 50 54 46 10 75 111 109 112 114 101 115 105 106 97 32 105 32 122 97 115 116 105 116 97 32 112 111 100 97 116 97 107 97 32 50 48 ]: Kod 2757
BAJT [54 46 10 75 111 109 112 114 101 115 105 106 97 32 105 32 122 97 115 116 105 116 97 32 112 111 100 97 116 97 107 97 32 50 48 50 54 46 10 75 111 109 112 114 101 115 105 106 97 32 105 32 122 97 115 116 105 116 97 32 112 111 100 97 116 97 107 97 32 50 48 50 ]: Kod 2776
BAJT [54 46 10 75 111 109 112 114 101 115 105 106 97 32 105 32 122 97 115 116 105 116 97 32 112 111 100 97 116 97 107 97 32 50 48 50 54 46 10 75 111 109 112 114 101 115 105 106 97 32 105 32 122 97 115 116 105 116 97 32 112 111 100 97 116 97 107 97 32 50 48 50 54 ]: Kod 2872
BAJT [54 46 10 75 111 109 112 114 101 115 105 106 97 32 105 32 122 97 115 116 105 116 97 32 112 111 100 97 116 97 107 97 32 50 48 50 54 46 10 75 111 109 112 114 101 115 105 106 97 32 105 32 122 97 115 116 105 116 97 32 112 111 100 97 116 97 107 97 32 50 48 50 54 46 ]: Kod 2873
BAJT [54 46 10 75 111 109 112 114 101 115 105 106 97 32 105 32 122 97 115 116 105 116 97 32 112 111 100 97 116 97 107 97 32 50 48 50 54 46 10 75 111 109 112 114 101 115 105 106 97 32 105 32 122 97 115 116 105 116 97 32 112 111 100 97 116 97 107 97 32 50 48 50 54 46 10 ]: Kod 2895
BAJT [54 46 10 75 111 109 112 114 101 115 105 106 97 32 105 32 122 97 115 116 105 116 97 32 112 111 100 97 116 97 107 97 32 50 48 50 54 46 10 75 111 109 112 114 101 115 105 106 97 32 105 32 122 97 115 116 105 116 97 32 112 111 100 97 116 97 107 97 32 50 48 50 54 46 10 75 ]: Kod 2928
BAJT [54 46 10 75 111 109 112 114 101 115 105 106 97 32 105 32 122 97 115 116 105 116 97 32 112 111 100 97 116 97 107 97 32 50 48 50 54 46 10 75 111 109 112 114 101 115 105 106 97 32 105 32 122 97 115 116 105 116 97 32 112 111 100 97 116 97 107 97 32 50 48 50 54 46 10 75 111 ]: Kod 2970
BAJT [54 46 10 75 111 109 112 114 101 115 105 106 97 32 105 32 122 97 115 116 105 116 97 32 112 111 100 97 116 97 107 97 32 50 48 50 54 46 10 75 111 109 112 114 101 115 105 106 97 32 105 32 122 97 115 116 105 116 97 32 112 111 100 97 116 97 107 97 32 50 48 50 54 46 10 75 111 109 ]: Kod 2996
BAJT [54 46 10 75 111 109 112 114 101 115 105 106 97 32 105 32 122 97 115 116 105 116 97 32 112 111 100 97 116 97 107 97 32 50 48 50 54 46 10 75 111 109 112 114 101 115 105 106 97 32 105 32 122 97 115 116 105 116 97 32 112 111 100 97 116 97 107 97 32 50 48 50 54 46 10 75 111 109 112 ]: Kod 3048
BAJT [54 46 10 75 111 109 112 114 101 115 105 106 97 32 105 32 122 97 115 116 105 116 97 32 112 111 100 97 116 97 107 97 32 50 48 50 54 46 10 75 111 109 112 114 101 115 105 106 97 32 105 32 122 97 115 116 105 116 97 32 112 111 100 97 116 97 107 97 32 50 48 50 54 46 10 75 111 109 112 114 ]: Kod 3096
BAJT [54 46 10 75 111 109 112 114 101 115 105 106 97 32 105 32 122 97 115 116 105 116 97 32 112 111 100 97 116 97 107 97 32 50 48 50 54 46 10 75 111 109 112 114 101 115 105 106 97 32 105 32 122 97 115 116 105 116 97 32 112 111 100 97 116 97 107 97 32 50 48 50 54 46 10 75 111 109 112 114 101 ]: Kod 3128
BAJT [54 46 10 75 111 109 112 114 101 115 105 106 97 32 105 32 122 97 115 116 105 116 97 32 112 111 100 97 116 97 107 97 32 50 48 50 54 46 10 75 111 109 112 114 101 115 105 106 97 32 105 32 122 97 115 116 105 116 97 32 112 111 100 97 116 97 107 97 32 50 48 50 54 46 10 75 111 109 112 114 101 115 ]: Kod 3168
BAJT [54 46 10 75 111 109 112 114 101 115 105 106 97 32 105 32 122 97 115 116 105 116 97 32 112 111 100 97 116 97 107 97 32 50 48 50 54 46 10 75 111 109 112 114 101 115 105 106 97 32 105 32 122 97 115 116 105 116 97 32 112 111 100 97 116 97 107 97 32 50 48 50 54 46 10 75 111 109 112 114 101 115 105 ]: Kod 3194
BAJT [54 46 10 75 111 109 112 114 101 115 105 106 97 32 105 32 122 97 115 116 105 116 97 32 112 111 100 97 116 97 107 97 32 50 48 50 54 46 10 75 111 109 112 114 101 115 105 106 97 32 105 32 122 97 115 116 105 116 97 32 112 111 100 97 116 97 107 97 32 50 48 50 54 46 10 75 111 109 112 114 101 115 105 106 ]: Kod 3208
BAJT [54 46 10 75 111 109 112 114 101 115 105 106 97 32 105 32 122 97 115 116 105 116 97 32 112 111 100 97 116 97 107 97 32 50 48 50 54 46 10 75 111 109 112 114 101 115 105 106 97 32 105 32 122 97 115 116 105 116 97 32 112 111 100 97 116 97 107 97 32 50 48 50 54 46 10 75 111 109 112 114 101 115 105 106 97 ]: Kod 3276
BAJT [54 46 10 75 111 109 112 114 101 115 105 106 97 32 105 32 122 97 115 116 105 116 97 32 112 111 100 97 116 97 107 97 32 50 48 50 54 46 10 75 111 109 112 114 101 115 105 106 97 32 105 32 122 97 115 116 105 116 97 32 112 111 100 97 116 97 107 97 32 50 48 50 54 46 10 75 111 109 112 114 101 115 105 106 97 32 ]: Kod 3279
BAJT [54 46 10 75 111 109 112 114 101 115 105 106 97 32 105 32 122 97 115 116 105 116 97 32 112 111 100 97 116 97 107 97 32 50 48 50 54 46 10 75 111 109 112 114 101 115 105 106 97 32 105 32 122 97 115 116 105 116 97 32 112 111 100 97 116 97 107 97 32 50 48 50 54 46 10 75 111 109 112 114 101 115 105 106 97 32 105 ]: Kod 3336
BAJT [54 46 10 75 111 109 112 114 101 115 105 106 97 32 105 32 122 97 115 116 105 116 97 32 112 111 100 97 116 97 107 97 32 50 48 50 54 46 10 75 111 109 112 114 101 115 105 106 97 32 105 32 122 97 115 116 105 116 97 32 112 111 100 97 116 97 107 97 32 50 48 50 54 46 10 75 111 109 112 114 101 115 105 106 97 32 105 32 ]: Kod 3356
BAJT [54 46 10 75 111 109 112 114 101 115 105 106 97 32 105 32 122 97 115 116 105 116 97 32 112 111 100 97 116 97 107 97 32 50 48 50 54 46 10 75 111 109 112 114 101 115 105 106 97 32 105 32 122 97 115 116 105 116 97 32 112 111 100 97 116 97 107 97 32 50 48 50 54 46 10 75 111 109 112 114 101 115 105 106 97 32 105 32 122 ]: Kod 3405
BAJT [54 46 10 75 111 109 112 114 101 115 105 106 97 32 105 32 122 97 115 116 105 116 97 32 112 111 100 97 116 97 107 97 32 50 48 50 54 46 10 75 111 109 112 114 101 115 105 106 97 32 105 32 122 97 115 116 105 116 97 32 112 111 100 97 116 97 107 97 32 50 48 50 54 46 10 75 111 109 112 114 101 115 105 106 97 32 105 32 122 97 ]: Kod 3444
BAJT [54 46 10 75 111 109 112 114 101 115 105 106 97 32 105 32 122 97 115 116 105 116 97 32 112 111 100 97 116 97 107 97 32 50 48 50 54 46 10 75 111 109 112 114 101 115 105 106 97 32 105 32 122 97 115 116 105 116 97 32 112 111 100 97 116 97 107 97 32 50 48 50 54 46 10 75 111 109 112 114 101 115 105 106 97 32 105 32 122 97 115 ]: Kod 3504
BAJT [54 46 10 75 111 109 112 114 101 115 105 106 97 32 105 32 122 97 115 116 105 116 97 32 112 111 100 97 116 97 107 97 32 50 48 50 54 46 10 75 111 109 112 114 101 115 105 106 97 32 105 32 122 97 115 116 105 116 97 32 112 111 100 97 116 97 107 97 32 50 48 50 54 46 10 75 111 109 112 114 101 115 105 106 97 32 105 32 122 97 115 116 ]: Kod 3525
BAJT [54 46 10 75 111 109 112 114 101 115 105 106 97 32 105 32 122 97 115 116 105 116 97 32 112 111 100 97 116 97 107 97 32 50 48 50 54 46 10 75 111 109 112 114 101 115 105 106 97 32 105 32 122 97 115 116 105 116 97 32 112 111 100 97 116 97 107 97 32 50 48 50 54 46 10 75 111 109 112 114 101 115 105 106 97 32 105 32 122 97 115 116 105 ]: Kod 3545
BAJT [54 46 10 75 111 109 112 114 101 115 105 106 97 32 105 32 122 97 115 116 105 116 97 32 112 111 100 97 116 97 107 97 32 50 48 50 54 46 10 75 111 109 112 114 101 115 105 106 97 32 105 32 122 97 115 116 105 116 97 32 112 111 100 97 116 97 107 97 32 50 48 50 54 46 10 75 111 109 112 114 101 115 105 106 97 32 105 32 122 97 115 116 105 116 ]: Kod 3570
BAJT [54 46 10 75 111 109 112 114 101 115 105 106 97 32 105 32 122 97 115 116 105 116 97 32 112 111 100 97 116 97 107 97 32 50 48 50 54 46 10 75 111 109 112 114 101 115 105 106 97 32 105 32 122 97 115 116 105 116 97 32 112 111 100 97 116 97 107 97 32 50 48 50 54 46 10 75 111 109 112 114 101 115 105 106 97 32 105 32 122 97 115 116 105 116 97 ]: Kod 3614
BAJT [54 46 10 75 111 109 112 114 101 115 105 106 97 32 105 32 122 97 115 116 105 116 97 32 112 111 100 97 116 97 107 97 32 50 48 50 54 46 10 75 111 109 112 114 101 115 105 106 97 32 105 32 122 97 115 116 105 116 97 32 112 111 100 97 116 97 107 97 32 50 48 50 54 46 10 75 111 109 112 114 101 115 105 106 97 32 105 32 122 97 115 116 105 116 97 32 ]: Kod 3640
BAJT [54 46 10 75 111 109 112 114 101 115 105 106 97 32 105 32 122 97 115 116 105 116 97 32 112 111 100 97 116 97 107 97 32 50 48 50 54 46 10 75 111 109 112 114 101 115 105 106 97 32 105 32 122 97 115 116 105 116 97 32 112 111 100 97 116 97 107 97 32 50 48 50 54 46 10 75 111 109 112 114 101 115 105 106 97 32 105 32 122 97 115 116 105 116 97 32 112 ]: Kod 3710
BAJT [54 46 10 75 111 109 112 114 101 115 105 106 97 32 105 32 122 97 115 116 105 116 97 32 112 111 100 97 116 97 107 97 32 50 48 50 54 46 10 75 111 109 112 114 101 115 105 106 97 32 105 32 122 97 115 116 105 116 97 32 112 111 100 97 116 97 107 97 32 50 48 50 54 46 10 75 111 109 112 114 101 115 105 106 97 32 105 32 122 97 115 116 105 116 97 32 112 111 ]: Kod 3713
BAJT [54 46 10 75 111 109 112 114 101 115 105 106 97 32 105 32 122 97 115 116 105 116 97 32 112 111 100 97 116 97 107 97 32 50 48 50 54 46 10 75 111 109 112 114 101 115 105 106 97 32 105 32 122 97 115 116 105 116 97 32 112 111 100 97 116 97 107 97 32 50 48 50 54 46 10 75 111 109 112 114 101 115 105 106 97 32 105 32 122 97 115 116 105 116 97 32 112 111 100 ]: Kod 3756
BAJT [54 46 10 75 111 109 112 114 101 115 105 106 97 32 105 32 122 97 115 116 105 116 97 32 112 111 100 97 116 97 107 97 32 50 48 50 54 46 10 75 111 109 112 114 101 115 105 106 97 32 105 32 122 97 115 116 105 116 97 32 112 111 100 97 116 97 107 97 32 50 48 50 54 46 10 75 111 109 112 114 101 115 105 106 97 32 105 32 122 97 115 116 105 116 97 32 112 111 100 97 ]: Kod 3806
BAJT [54 46 10 75 111 109 112 114 101 115 105 106 97 32 105 32 122 97 115 116 105 116 97 32 112 111 100 97 116 97 107 97 32 50 48 50 54 46 10 75 111 109 112 114 101 115 105 106 97 32 105 32 122 97 115 116 105 116 97 32 112 111 100 97 116 97 107 97 32 50 48 50 54 46 10 75 111 109 112 114 101 115 105 106 97 32 105 32 122 97 115 116 105 116 97 32 112 111 100 97 116 ]: Kod 3810
BAJT [54 46 10 75 111 109 112 114 101 115 105 106 97 32 105 32 122 97 115 116 105 116 97 32 112 111 100 97 116 97 107 97 32 50 48 50 54 46 10 75 111 109 112 114 101 115 105 106 97 32 105 32 122 97 115 116 105 116 97 32 112 111 100 97 116 97 107 97 32 50 48 50 54 46 10 75 111 109 112 114 101 115 105 106 97 32 105 32 122 97 115 116 105 116 97 32 112 111 100 97 116 97 ]: Kod 3885
BAJT [54 46 10 75 111 109 112 114 101 115 105 106 97 32 105 32 122 97 115 116 105 116 97 32 112 111 100 97 116 97 107 97 32 50 48 50 54 46 10 75 111 109 112 114 101 115 105 106 97 32 105 32 122 97 115 116 105 116 97 32 112 111 100 97 116 97 107 97 32 50 48 50 54 46 10 75 111 109 112 114 101 115 105 106 97 32 105 32 122 97 115 116 105 116 97 32 112 111 100 97 116 97 107 ]: Kod 3914
BAJT [54 46 10 75 111 109 112 114 101 115 105 106 97 32 105 32 122 97 115 116 105 116 97 32 112 111 100 97 116 97 107 97 32 50 48 50 54 46 10 75 111 109 112 114 101 115 105 106 97 32 105 32 122 97 115 116 105 116 97 32 112 111 100 97 116 97 107 97 32 50 48 50 54 46 10 75 111 109 112 114 101 115 105 106 97 32 105 32 122 97 115 116 105 116 97 32 112 111 100 97 116 97 107 97 ]: Kod 3947
BAJT [54 46 10 75 111 109 112 114 101 115 105 106 97 32 105 32 122 97 115 116 105 116 97 32 112 111 100 97 116 97 107 97 32 50 48 50 54 46 10 75 111 109 112 114 101 115 105 106 97 32 105 32 122 97 115 116 105 116 97 32 112 111 100 97 116 97 107 97 32 50 48 50 54 46 10 75 111 109 112 114 101 115 105 106 97 32 105 32 122 97 115 116 105 116 97 32 112 111 100 97 116 97 107 97 32 ]: Kod 3980
BAJT [54 46 10 75 111 109 112 114 101 115 105 106 97 32 105 32 122 97 115 116 105 116 97 32 112 111 100 97 116 97 107 97 32 50 48 50 54 46 10 75 111 109 112 114 101 115 105 106 97 32 105 32 122 97 115 116 105 116 97 32 112 111 100 97 116 97 107 97 32 50 48 50 54 46 10 75 111 109 112 114 101 115 105 106 97 32 105 32 122 97 115 116 105 116 97 32 112 111 100 97 116 97 107 97 32 50 ]: Kod 3998
BAJT [54 46 10 75 111 109 112 114 101 115 105 106 97 32 105 32 122 97 115 116 105 116 97 32 112 111 100 97 116 97 107 97 32 50 48 50 54 46 10 75 111 109 112 114 101 115 105 106 97 32 105 32 122 97 115 116 105 116 97 32 112 111 100 97 116 97 107 97 32 50 48 50 54 46 10 75 111 109 112 114 101 115 105 106 97 32 105 32 122 97 115 116 105 116 97 32 112 111 100 97 116 97 107 97 32 50 48 ]: Kod 4053
BAJT [54 46 10 75 111 109 112 114 101 115 105 106 97 32 105 32 122 97 115 116 105 116 97 32 112 111 100 97 116 97 107 97 32 50 48 50 54 46 10 75 111 109 112 114 101 115 105 106 97 32 105 32 122 97 115 116 105 116 97 32 112 111 100 97 116 97 107 97 32 50 48 50 54 46 10 75 111 109 112 114 101 115 105 106 97 32 105 32 122 97 115 116 105 116 97 32 112 111 100 97 116 97 107 97 32 50 48 50 ]: Kod 4072
BAJT [55 ]: Kod 55
BAJT [56 ]: Kod 56
BAJT [57 ]: Kod 57
BAJT [58 ]: Kod 58
BAJT [59 ]: Kod 59
BAJT [60 ]: Kod 60
BAJT [61 ]: Kod 61
BAJT [62 ]: Kod 62
BAJT [63 ]: Kod 63
BAJT [64 ]: Kod 64
BAJT [65 ]: Kod 65
BAJT [66 ]: Kod 66
BAJT [67 ]: Kod 67
BAJT [68 ]: Kod 68
BAJT [69 ]: Kod 69
BAJT [70 ]: Kod 70
BAJT [71 ]: Kod 71
BAJT [72 ]: Kod 72
BAJT [73 ]: Kod 73
BAJT [74 ]: Kod 74
BAJT [75 ]: Kod 75
BAJT [75 111 ]: Kod 256
BAJT [75 111 109 ]: Kod 289
BAJT [75 111 109 112 ]: Kod 325
BAJT [75 111 109 112 114 ]: Kod 337
BAJT [75 111 109 112 114 101 ]: Kod 397
BAJT [75 111 109 112 114 101 115 ]: Kod 426
BAJT [75 111 109 112 114 101 115 105 ]: Kod 439
BAJT [75 111 109 112 114 101 115 105 106 ]: Kod 474
BAJT [75 111 109 112 114 101 115 105 106 97 ]: Kod 541
BAJT [75 111 109 112 114 101 115 105 106 97 32 ]: Kod 545
BAJT [75 111 109 112 114 101 115 105 106 97 32 105 ]: Kod 613
BAJT [75 111 109 112 114 101 115 105 106 97 32 105 32 ]: Kod 626
BAJT [75 111 109 112 114 101 115 105 106 97 32 105 32 122 ]: Kod 652
BAJT [75 111 109 112 114 101 115 105 106 97 32 105 32 122 97 ]: Kod 696
BAJT [75 111 109 112 114 101 115 105 106 97 32 105 32 122 97 115 ]: Kod 757
BAJT [75 111 109 112 114 101 115 105 106 97 32 105 32 122 97 115 116 ]: Kod 769
BAJT [75 111 109 112 114 101 115 105 106 97 32 105 32 122 97 115 116 105 ]: Kod 829
BAJT [75 111 109 112 114 101 115 105 106 97 32 105 32 122 97 115 116 105 116 ]: Kod 848
BAJT [75 111 109 112 114 101 115 105 106 97 32 105 32 122 97 115 116 105 116 97 ]: Kod 867
BAJT [75 111 109 112 114 101 115 105 106 97 32 105 32 122 97 115 116 105 116 97 32 ]: Kod 920
BAJT [75 111 109 112 114 101 115 105 106 97 32 105 32 122 97 115 116 105 116 97 32 112 ]: Kod 973
BAJT [75 111 109 112 114 101 115 105 106 97 32 105 32 122 97 115 116 105 116 97 32 112 111 ]: Kod 985
BAJT [75 111 109 112 114 101 115 105 106 97 32 105 32 122 97 115 116 105 116 97 32 112 111 100 ]: Kod 1045
BAJT [75 111 109 112 114 101 115 105 106 97 32 105 32 122 97 115 116 105 116 97 32 112 111 100 97 ]: Kod 1056
BAJT [75 111 109 112 114 101 115 105 106 97 32 105 32 122 97 115 116 105 116 97 32 112 111 100 97 116 ]: Kod 1084
BAJT [75 111 109 112 114 101 115 105 106 97 32 105 32 122 97 115 116 105 116 97 32 112 111 100 97 116 97 ]: Kod 1130
BAJT [75 111 109 112 114 101 115 105 106 97 32 105 32 122 97 115 116 105 116 97 32 112 111 100 97 116 97 107 ]: Kod 1189
BAJT [75 111 109 112 114 101 115 105 106 97 32 105 32 122 97 115 116 105 116 97 32 112 111 100 97 116 97 107 97 ]: Kod 1193
BAJT [75 111 109 112 114 101 115 105 106 97 32 105 32 122 97 115 116 105 116 97 32 112 111 100 97 116 97 107 97 32 ]: Kod 1261
BAJT [75 111 109 112 114 101 115 105 106 97 32 105 32 122 97 115 116 105 116 97 32 112 111 100 97 116 97 107 97 32 50 ]: Kod 1266
BAJT [75 111 109 112 114 101 115 105 106 97 32 105 32 122 97 115 116 105 116 97 32 112 111 100 97 116 97 107 97 32 50 48 ]: Kod 1303
BAJT [75 111 109 112 114 101 115 105 106 97 32 105 32 122 97 115 116 105 116 97 32 112 111 100 97 116 97 107 97 32 50 48 50 ]: Kod 1362
BAJT [75 111 109 112 114 101 115 105 106 97 32 105 32 122 97 115 116 105 116 97 32 112 111 100 97 116 97 107 97 32 50 48 50 54 ]: Kod 1405
BAJT [75 111 109 112 114 101 115 105 106 97 32 105 32 122 97 115 116 105 116 97 32 112 111 100 97 116 97 107 97 32 50 48 50 54 46 ]: Kod 1417
BAJT [75 111 109 112 114 101 115 105 106 97 32 105 32 122 97 115 116 105 116 97 32 112 111 100 97 116 97 107 97 32 50 48 50 54 46 10 ]: Kod 1477
BAJT [75 111 109 112 114 101 115 105 106 97 32 105 32 122 97 115 116 105 116 97 32 112 111 100 97 116 97 107 97 32 50 48 50 54 46 10 75 ]: Kod 1510
BAJT [75 111 109 112 114 101 115 105 106 97 32 105 32 122 97 115 116 105 116 97 32 112 111 100 97 116 97 107 97 32 50 48 50 54 46 10 75 111 ]: Kod 1511
BAJT [75 111 109 112 114 101 115 105 106 97 32 105 32 122 97 115 116 105 116 97 32 112 111 100 97 116 97 107 97 32 50 48 50 54 46 10 75 111 109 ]: Kod 1582
BAJT [75 111 109 112 114 101 115 105 106 97 32 105 32 122 97 115 116 105 116 97 32 112 111 100 97 116 97 107 97 32 50 48 50 54 46 10 75 111 109 112 ]: Kod 1621
BAJT [75 111 109 112 114 101 115 105 106 97 32 105 32 122 97 115 116 105 116 97 32 112 111 100 97 116 97 107 97 32 50 48 50 54 46 10 75 111 109 112 114 ]: Kod 1633
BAJT [75 111 109 112 114 101 115 105 106 97 32 105 32 122 97 115 116 105 116 97 32 112 111 100 97 116 97 107 97 32 50 48 50 54 46 10 75 111 109 112 114 101 ]: Kod 1693
BAJT [75 111 109 112 114 101 115 105 106 97 32 105 32 122 97 115 116 105 116 97 32 112 111 100 97 116 97 107 97 32 50 48 50 54 46 10 75 111 109 112 114 101 115 ]: Kod 1722
BAJT [75 111 109 112 114 101 115 105 106 97 32 105 32 122 97 115 116 105 116 97 32 112 111 100 97 116 97 107 97 32 50 48 50 54 46 10 75 111 109 112 114 101 115 105 ]: Kod 1735
BAJT [75 111 109 112 114 101 115 105 106 97 32 105 32 122 97 115 116 105 116 97 32 112 111 100 97 116 97 107 97 32 50 48 50 54 46 10 75 111 109 112 114 101 115 105 106 ]: Kod 1770
BAJT [75 111 109 112 114 101 115 105 106 97 32 105 32 122 97 115 116 105 116 97 32 112 111 100 97 116 97 107 97 32 50 48 50 54 46 10 75 111 109 112 114 101 115 105 106 97 ]: Kod 1837
BAJT [75 111 109 112 114 101 115 105 106 97 32 105 32 122 97 115 116 105 116 97 32 112 111 100 97 116 97 107 97 32 50 48 50 54 46 10 75 111 109 112 114 101 115 105 106 97 32 ]: Kod 1841
BAJT [75 111 109 112 114 101 115 105 106 97 32 105 32 122 97 115 116 105 116 97 32 112 111 100 97 116 97 107 97 32 50 48 50 54 46 10 75 111 109 112 114 101 115 105 106 97 32 105 ]: Kod 1909
BAJT [75 111 109 112 114 101 115 105 106 97 32 105 32 122 97 115 116 105 116 97 32 112 111 100 97 116 97 107 97 32 50 48 50 54 46 10 75 111 109 112 114 101 115 105 106 97 32 105 32 ]: Kod 1922
BAJT [75 111 109 112 114 101 115 105 106 97 32 105 32 122 97 115 116 105 116 97 32 112 111 100 97 116 97 107 97 32 50 48 50 54 46 10 75 111 109 112 114 101 115 105 106 97 32 105 32 122 ]: Kod 1948
BAJT [75 111 109 112 114 101 115 105 106 97 32 105 32 122 97 115 116 105 116 97 32 112 111 100 97 116 97 107 97 32 50 48 50 54 46 10 75 111 109 112 114 101 115 105 106 97 32 105 32 122 97 ]: Kod 1992
BAJT [75 111 109 112 114 101 115 105 106 97 32 105 32 122 97 115 116 105 116 97 32 112 111 100 97 116 97 107 97 32 50 48 50 54 46 10 75 111 109 112 114 101 115 105 106 97 32 105 32 122 97 115 ]: Kod 2053
BAJT [75 111 109 112 114 101 115 105 106 97 32 105 32 122 97 115 116 105 116 97 32 112 111 100 97 116 97 107 97 32 50 48 50 54 46 10 75 111 109 112 114 101 115 105 106 97 32 105 32 122 97 115 116 ]: Kod 2065
BAJT [75 111 109 112 114 101 115 105 106 97 32 105 32 122 97 115 116 105 116 97 32 112 111 100 97 116 97 107 97 32 50 48 50 54 46 10 75 111 109 112 114 101 115 105 106 97 32 105 32 122 97 115 116 105 ]: Kod 2125
BAJT [75 111 109 112 114 101 115 105 106 97 32 105 32 122 97 115 116 105 116 97 32 112 111 100 97 116 97 107 97 32 50 48 50 54 46 10 75 111 109 112 114 101 115 105 106 97 32 105 32 122 97 115 116 105 116 ]: Kod 2144
BAJT [75 111 109 112 114 101 115 105 106 97 32 105 32 122 97 115 116 105 116 97 32 112 111 100 97 116 97 107 97 32 50 48 50 54 46 10 75 111 109 112 114 101 115 105 106 97 32 105 32 122 97 115 116 105 116 97 ]: Kod 2163
BAJT [75 111 109 112 114 101 115 105 106 97 32 105 32 122 97 115 116 105 116 97 32 112 111 100 97 116 97 107 97 32 50 48 50 54 46 10 75 111 109 112 114 101 115 105 106 97 32 105 32 122 97 115 116 105 116 97 32 ]: Kod 2216
BAJT [75 111 109 112 114 101 115 105 106 97 32 105 32 122 97 115 116 105 116 97 32 112 111 100 97 116 97 107 97 32 50 48 50 54 46 10 75 111 109 112 114 101 115 105 106 97 32 105 32 122 97 115 116 105 116 97 32 112 ]: Kod 2269
BAJT [75 111 109 112 114 101 115 105 106 97 32 105 32 122 97 115 116 105 116 97 32 112 111 100 97 116 97 107 97 32 50 48 50 54 46 10 75 111 109 112 114 101 115 105 106 97 32 105 32 122 97 115 116 105 116 97 32 112 111 ]: Kod 2281
BAJT [75 111 109 112 114 101 115 105 106 97 32 105 32 122 97 115 116 105 116 97 32 112 111 100 97 116 97 107 97 32 50 48 50 54 46 10 75 111 109 112 114 101 115 105 106 97 32 105 32 122 97 115 116 105 116 97 32 112 111 100 ]: Kod 2341
BAJT [75 111 109 112 114 101 115 105 106 97 32 105 32 122 97 115 116 105 116 97 32 112 111 100 97 116 97 107 97 32 50 48 50 54 46 10 75 111 109 112 114 101 115 105 106 97 32 105 32 122 97 115 116 105 116 97 32 112 111 100 97 ]: Kod 2352
BAJT [75 111 109 112 114 101 115 105 106 97 32 105 32 122 97 115 116 105 116 97 32 112 111 100 97 116 97 107 97 32 50 48 50 54 46 10 75 111 109 112 114 101 115 105 106 97 32 105 32 122 97 115 116 105 116 97 32 112 111 100 97 116 ]: Kod 2380
BAJT [75 111 109 112 114 101 115 105 106 97 32 105 32 122 97 115 116 105 116 97 32 112 111 100 97 116 97 107 97 32 50 48 50 54 46 10 75 111 109 112 114 101 115 105 106 97 32 105 32 122 97 115 116 105 116 97 32 112 111 100 97 116 97 ]: Kod 2426
BAJT [75 111 109 112 114 101 115 105 106 97 32 105 32 122 97 115 116 105 116 97 32 112 111 100 97 116 97 107 97 32 50 48 50 54 46 10 75 111 109 112 114 101 115 105 106 97 32 105 32 122 97 115 116 105 116 97 32 112 111 100 97 116 97 107 ]: Kod 2485
BAJT [75 111 109 112 114 101 115 105 106 97 32 105 32 122 97 115 116 105 116 97 32 112 111 100 97 116 97 107 97 32 50 48 50 54 46 10 75 111 109 112 114 101 115 105 106 97 32 105 32 122 97 115 116 105 116 97 32 112 111 100 97 116 97 107 97 ]: Kod 2489
BAJT [75 111 109 112 114 101 115 105 106 97 32 105 32 122 97 115 116 105 116 97 32 112 111 100 97 116 97 107 97 32 50 48 50 54 46 10 75 111 109 112 114 101 115 105 106 97 32 105 32 122 97 115 116 105 116 97 32 112 111 100 97 116 97 107 97 32 ]: Kod 2557
BAJT [75 111 109 112 114 101 115 105 106 97 32 105 32 122 97 115 116 105 116 97 32 112 111 100 97 116 97 107 97 32 50 48 50 54 46 10 75 111 109 112 114 101 115 105 106 97 32 105 32 122 97 115 116 105 116 97 32 112 111 100 97 116 97 107 97 32 50 ]: Kod 2562
BAJT [75 111 109 112 114 101 115 105 106 97 32 105 32 122 97 115 116 105 116 97 32 112 111 100 97 116 97 107 97 32 50 48 50 54 46 10 75 111 109 112 114 101 115 105 106 97 32 105 32 122 97 115 116 105 116 97 32 112 111 100 97 116 97 107 97 32 50 48 ]: Kod 2599
BAJT [75 111 109 112 114 101 115 105 106 97 32 105 32 122 97 115 116 105 116 97 32 112 111 100 97 116 97 107 97 32 50 48 50 54 46 10 75 111 109 112 114 101 115 105 106 97 32 105 32 122 97 115 116 105 116 97 32 112 111 100 97 116 97 107 97 32 50 48 50 ]: Kod 2658
BAJT [75 111 109 112 114 101 115 105 106 97 32 105 32 122 97 115 116 105 116 97 32 112 111 100 97 116 97 107 97 32 50 48 50 54 46 10 75 111 109 112 114 101 115 105 106 97 32 105 32 122 97 115 116 105 116 97 32 112 111 100 97 116 97 107 97 32 50 48 50 54 ]: Kod 2701
BAJT [75 111 109 112 114 101 115 105 106 97 32 105 32 122 97 115 116 105 116 97 32 112 111 100 97 116 97 107 97 32 50 48 50 54 46 10 75 111 109 112 114 101 115 105 106 97 32 105 32 122 97 115 116 105 116 97 32 112 111 100 97 116 97 107 97 32 50 48 50 54 46 ]: Kod 2713
BAJT [75 111 109 112 114 101 115 105 106 97 32 105 32 122 97 115 116 105 116 97 32 112 111 100 97 116 97 107 97 32 50 48 50 54 46 10 75 111 109 112 114 101 115 105 106 97 32 105 32 122 97 115 116 105 116 97 32 112 111 100 97 116 97 107 97 32 50 48 50 54 46 10 ]: Kod 2773
BAJT [75 111 109 112 114 101 115 105 106 97 32 105 32 122 97 115 116 105 116 97 32 112 111 100 97 116 97 107 97 32 50 48 50 54 46 10 75 111 109 112 114 101 115 105 106 97 32 105 32 122 97 115 116 105 116 97 32 112 111 100 97 116 97 107 97 32 50 48 50 54 46 10 75 ]: Kod 2806
BAJT [75 111 109 112 114 101 115 105 106 97 32 105 32 122 97 115 116 105 116 97 32 112 111 100 97 116 97 107 97 32 50 48 50 54 46 10 75 111 109 112 114 101 115 105 106 97 32 105 32 122 97 115 116 105 116 97 32 112 111 100 97 116 97 107 97 32 50 48 50 54 46 10 75 111 ]: Kod 2807
BAJT [75 111 109 112 114 101 115 105 106 97 32 105 32 122 97 115 116 105 116 97 32 112 111 100 97 116 97 107 97 32 50 48 50 54 46 10 75 111 109 112 114 101 115 105 106 97 32 105 32 122 97 115 116 105 116 97 32 112 111 100 97 116 97 107 97 32 50 48 50 54 46 10 75 111 109 ]: Kod 2878
BAJT [75 111 109 112 114 101 115 105 106 97 32 105 32 122 97 115 116 105 116 97 32 112 111 100 97 116 97 107 97 32 50 48 50 54 46 10 75 111 109 112 114 101 115 105 106 97 32 105 32 122 97 115 116 105 116 97 32 112 111 100 97 116 97 107 97 32 50 48 50 54 46 10 75 111 109 112 ]: Kod 2917
BAJT [75 111 109 112 114 101 115 105 106 97 32 105 32 122 97 115 116 105 116 97 32 112 111 100 97 116 97 107 97 32 50 48 50 54 46 10 75 111 109 112 114 101 115 105 106 97 32 105 32 122 97 115 116 105 116 97 32 112 111 100 97 116 97 107 97 32 50 48 50 54 46 10 75 111 109 112 114 ]: Kod 2929
BAJT [75 111 109 112 114 101 115 105 106 97 32 105 32 122 97 115 116 105 116 97 32 112 111 100 97 116 97 107 97 32 50 48 50 54 46 10 75 111 109 112 114 101 115 105 106 97 32 105 32 122 97 115 116 105 116 97 32 112 111 100 97 116 97 107 97 32 50 48 50 54 46 10 75 111 109 112 114 101 ]: Kod 2989
BAJT [75 111 109 112 114 101 115 105 106 97 32 105 32 122 97 115 116 105 116 97 32 112 111 100 97 116 97 107 97 32 50 48 50 54 46 10 75 111 109 112 114 101 115 105 106 97 32 105 32 122 97 115 116 105 116 97 32 112 111 100 97 116 97 107 97 32 50 48 50 54 46 10 75 111 109 112 114 101 115 ]: Kod 3018
BAJT [75 111 109 112 114 101 115 105 106 97 32 105 32 122 97 115 116 105 116 97 32 112 111 100 97 116 97 107 97 32 50 48 50 54 46 10 75 111 109 112 114 101 115 105 106 97 32 105 32 122 97 115 116 105 116 97 32 112 111 100 97 116 97 107 97 32 50 48 50 54 46 10 75 111 109 112 114 101 115 105 ]: Kod 3031
BAJT [75 111 109 112 114 101 115 105 106 97 32 105 32 122 97 115 116 105 116 97 32 112 111 100 97 116 97 107 97 32 50 48 50 54 46 10 75 111 109 112 114 101 115 105 106 97 32 105 32 122 97 115 116 105 116 97 32 112 111 100 97 116 97 107 97 32 50 48 50 54 46 10 75 111 109 112 114 101 115 105 106 ]: Kod 3066
BAJT [75 111 109 112 114 101 115 105 106 97 32 105 32 122 97 115 116 105 116 97 32 112 111 100 97 116 97 107 97 32 50 48 50 54 46 10 75 111 109 112 114 101 115 105 106 97 32 105 32 122 97 115 116 105 116 97 32 112 111 100 97 116 97 107 97 32 50 48 50 54 46 10 75 111 109 112 114 101 115 105 106 97 ]: Kod 3133
BAJT [75 111 109 112 114 101 115 105 106 97 32 105 32 122 97 115 116 105 116 97 32 112 111 100 97 116 97 107 97 32 50 48 50 54 46 10 75 111 109 112 114 101 115 105 106 97 32 105 32 122 97 115 116 105 116 97 32 112 111 100 97 116 97 107 97 32 50 48 50 54 46 10 75 111 109 112 114 101 115 105 106 97 32 ]: Kod 3137
BAJT [75 111 109 112 114 101 115 105 106 97 32 105 32 122 97 115 116 105 116 97 32 112 111 100 97 116 97 107 97 32 50 48 50 54 46 10 75 111 109 112 114 101 115 105 106 97 32 105 32 122 97 115 116 105 116 97 32 112 111 100 97 116 97 107 97 32 50 48 50 54 46 10 75 111 109 112 114 101 115 105 106 97 32 105 ]: Kod 3205
BAJT [75 111 109 112 114 101 115 105 106 97 32 105 32 122 97 115 116 105 116 97 32 112 111 100 97 116 97 107 97 32 50 48 50 54 46 10 75 111 109 112 114 101 115 105 106 97 32 105 32 122 97 115 116 105 116 97 32 112 111 100 97 116 97 107 97 32 50 48 50 54 46 10 75 111 109 112 114 101 115 105 106 97 32 105 32 ]: Kod 3218
BAJT [75 111 109 112 114 101 115 105 106 97 32 105 32 122 97 115 116 105 116 97 32 112 111 100 97 116 97 107 97 32 50 48 50 54 46 10 75 111 109 112 114 101 115 105 106 97 32 105 32 122 97 115 116 105 116 97 32 112 111 100 97 116 97 107 97 32 50 48 50 54 46 10 75 111 109 112 114 101 115 105 106 97 32 105 32 122 ]: Kod 3244
BAJT [75 111 109 112 114 101 115 105 106 97 32 105 32 122 97 115 116 105 116 97 32 112 111 100 97 116 97 107 97 32 50 48 50 54 46 10 75 111 109 112 114 101 115 105 106 97 32 105 32 122 97 115 116 105 116 97 32 112 111 100 97 116 97 107 97 32 50 48 50 54 46 10 75 111 109 112 114 101 115 105 106 97 32 105 32 122 97 ]: Kod 3288
BAJT [75 111 109 112 114 101 115 105 106 97 32 105 32 122 97 115 116 105 116 97 32 112 111 100 97 116 97 107 97 32 50 48 50 54 46 10 75 111 109 112 114 101 115 105 106 97 32 105 32 122 97 115 116 105 116 97 32 112 111 100 97 116 97 107 97 32 50 48 50 54 46 10 75 111 109 112 114 101 115 105 106 97 32 105 32 122 97 115 ]: Kod 3349
BAJT [75 111 109 112 114 101 115 105 106 97 32 105 32 122 97 115 116 105 116 97 32 112 111 100 97 116 97 107 97 32 50 48 50 54 46 10 75 111 109 112 114 101 115 105 106 97 32 105 32 122 97 115 116 105 116 97 32 112 111 100 97 116 97 107 97 32 50 48 50 54 46 10 75 111 109 112 114 101 115 105 106 97 32 105 32 122 97 115 116 ]: Kod 3361
BAJT [75 111 109 112 114 101 115 105 106 97 32 105 32 122 97 115 116 105 116 97 32 112 111 100 97 116 97 107 97 32 50 48 50 54 46 10 75 111 109 112 114 101 115 105 106 97 32 105 32 122 97 115 116 105 116 97 32 112 111 100 97 116 97 107 97 32 50 48 50 54 46 10 75 111 109 112 114 101 115 105 106 97 32 105 32 122 97 115 116 105 ]: Kod 3421
BAJT [75 111 109 112 114 101 115 105 106 97 32 105 32 122 97 115 116 105 116 97 32 112 111 100 97 116 97 107 97 32 50 48 50 54 46 10 75 111 109 112 114 101 115 105 106 97 32 105 32 122 97 115 116 105 116 97 32 112 111 100 97 116 97 107 97 32 50 48 50 54 46 10 75 111 109 112 114 101 115 105 106 97 32 105 32 122 97 115 116 105 116 ]: Kod 3440
BAJT [75 111 109 112 114 101 115 105 106 97 32 105 32 122 97 115 116 105 116 97 32 112 111 100 97 116 97 107 97 32 50 48 50 54 46 10 75 111 109 112 114 101 115 105 106 97 32 105 32 122 97 115 116 105 116 97 32 112 111 100 97 116 97 107 97 32 50 48 50 54 46 10 75 111 109 112 114 101 115 105 106 97 32 105 32 122 97 115 116 105 116 97 ]: Kod 3459
BAJT [75 111 109 112 114 101 115 105 106 97 32 105 32 122 97 115 116 105 116 97 32 112 111 100 97 116 97 107 97 32 50 48 50 54 46 10 75 111 109 112 114 101 115 105 106 97 32 105 32 122 97 115 116 105 116 97 32 112 111 100 97 116 97 107 97 32 50 48 50 54 46 10 75 111 109 112 114 101 115 105 106 97 32 105 32 122 97 115 116 105 116 97 32 ]: Kod 3512
BAJT [75 111 109 112 114 101 115 105 106 97 32 105 32 122 97 115 116 105 116 97 32 112 111 100 97 116 97 107 97 32 50 48 50 54 46 10 75 111 109 112 114 101 115 105 106 97 32 105 32 122 97 115 116 105 116 97 32 112 111 100 97 116 97 107 97 32 50 48 50 54 46 10 75 111 109 112 114 101 115 105 106 97 32 105 32 122 97 115 116 105 116 97 32 112 ]: Kod 3565
BAJT [75 111 109 112 114 101 115 105 106 97 32 105 32 122 97 115 116 105 116 97 32 112 111 100 97 116 97 107 97 32 50 48 50 54 46 10 75 111 109 112 114 101 115 105 106 97 32 105 32 122 97 115 116 105 116 97 32 112 111 100 97 116 97 107 97 32 50 48 50 54 46 10 75 111 109 112 114 101 115 105 106 97 32 105 32 122 97 115 116 105 116 97 32 112 111 ]: Kod 3577
BAJT [75 111 109 112 114 101 115 105 106 97 32 105 32 122 97 115 116 105 116 97 32 112 111 100 97 116 97 107 97 32 50 48 50 54 46 10 75 111 109 112 114 101 115 105 106 97 32 105 32 122 97 115 116 105 116 97 32 112 111 100 97 116 97 107 97 32 50 48 50 54 46 10 75 111 109 112 114 101 115 105 106 97 32 105 32 122 97 115 116 105 116 97 32 112 111 100 ]: Kod 3637
BAJT [75 111 109 112 114 101 115 105 106 97 32 105 32 122 97 115 116 105 116 97 32 112 111 100 97 116 97 107 97 32 50 48 50 54 46 10 75 111 109 112 114 101 115 105 106 97 32 105 32 122 97 115 116 105 116 97 32 112 111 100 97 116 97 107 97 32 50 48 50 54 46 10 75 111 109 112 114 101 115 105 106 97 32 105 32 122 97 115 116 105 116 97 32 112 111 100 97 ]: Kod 3648
BAJT [75 111 109 112 114 101 115 105 106 97 32 105 32 122 97 115 116 105 116 97 32 112 111 100 97 116 97 107 97 32 50 48 50 54 46 10 75 111 109 112 114 101 115 105 106 97 32 105 32 122 97 115 116 105 116 97 32 112 111 100 97 116 97 107 97 32 50 48 50 54 46 10 75 111 109 112 114 101 115 105 106 97 32 105 32 122 97 115 116 105 116 97 32 112 111 100 97 116 ]: Kod 3676
BAJT [75 111 109 112 114 101 115 105 106 97 32 105 32 122 97 115 116 105 116 97 32 112 111 100 97 116 97 107 97 32 50 48 50 54 46 10 75 111 109 112 114 101 115 105 106 97 32 105 32 122 97 115 116 105 116 97 32 112 111 100 97 116 97 107 97 32 50 48 50 54 46 10 75 111 109 112 114 101 115 105 106 97 32 105 32 122 97 115 116 105 116 97 32 112 111 100 97 116 97 ]: Kod 3722
BAJT [75 111 109 112 114 101 115 105 106 97 32 105 32 122 97 115 116 105 116 97 32 112 111 100 97 116 97 107 97 32 50 48 50 54 46 10 75 111 109 112 114 101 115 105 106 97 32 105 32 122 97 115 116 105 116 97 32 112 111 100 97 116 97 107 97 32 50 48 50 54 46 10 75 111 109 112 114 101 115 105 106 97 32 105 32 122 97 115 116 105 116 97 32 112 111 100 97 116 97 107 ]: Kod 3781
BAJT [75 111 109 112 114 101 115 105 106 97 32 105 32 122 97 115 116 105 116 97 32 112 111 100 97 116 97 107 97 32 50 48 50 54 46 10 75 111 109 112 114 101 115 105 106 97 32 105 32 122 97 115 116 105 116 97 32 112 111 100 97 116 97 107 97 32 50 48 50 54 46 10 75 111 109 112 114 101 115 105 106 97 32 105 32 122 97 115 116 105 116 97 32 112 111 100 97 116 97 107 97 ]: Kod 3785
BAJT [75 111 109 112 114 101 115 105 106 97 32 105 32 122 97 115 116 105 116 97 32 112 111 100 97 116 97 107 97 32 50 48 50 54 46 10 75 111 109 112 114 101 115 105 106 97 32 105 32 122 97 115 116 105 116 97 32 112 111 100 97 116 97 107 97 32 50 48 50 54 46 10 75 111 109 112 114 101 115 105 106 97 32 105 32 122 97 115 116 105 116 97 32 112 111 100 97 116 97 107 97 32 ]: Kod 3853
BAJT [75 111 109 112 114 101 115 105 106 97 32 105 32 122 97 115 116 105 116 97 32 112 111 100 97 116 97 107 97 32 50 48 50 54 46 10 75 111 109 112 114 101 115 105 106 97 32 105 32 122 97 115 116 105 116 97 32 112 111 100 97 116 97 107 97 32 50 48 50 54 46 10 75 111 109 112 114 101 115 105 106 97 32 105 32 122 97 115 116 105 116 97 32 112 111 100 97 116 97 107 97 32 50 ]: Kod 3858
BAJT [75 111 109 112 114 101 115 105 106 97 32 105 32 122 97 115 116 105 116 97 32 112 111 100 97 116 97 107 97 32 50 48 50 54 46 10 75 111 109 112 114 101 115 105 106 97 32 105 32 122 97 115 116 105 116 97 32 112 111 100 97 116 97 107 97 32 50 48 50 54 46 10 75 111 109 112 114 101 115 105 106 97 32 105 32 122 97 115 116 105 116 97 32 112 111 100 97 116 97 107 97 32 50 48 ]: Kod 3895
BAJT [75 111 109 112 114 101 115 105 106 97 32 105 32 122 97 115 116 105 116 97 32 112 111 100 97 116 97 107 97 32 50 48 50 54 46 10 75 111 109 112 114 101 115 105 106 97 32 105 32 122 97 115 116 105 116 97 32 112 111 100 97 116 97 107 97 32 50 48 50 54 46 10 75 111 109 112 114 101 115 105 106 97 32 105 32 122 97 115 116 105 116 97 32 112 111 100 97 116 97 107 97 32 50 48 50 ]: Kod 3954
BAJT [75 111 109 112 114 101 115 105 106 97 32 105 32 122 97 115 116 105 116 97 32 112 111 100 97 116 97 107 97 32 50 48 50 54 46 10 75 111 109 112 114 101 115 105 106 97 32 105 32 122 97 115 116 105 116 97 32 112 111 100 97 116 97 107 97 32 50 48 50 54 46 10 75 111 109 112 114 101 115 105 106 97 32 105 32 122 97 115 116 105 116 97 32 112 111 100 97 116 97 107 97 32 50 48 50 54 ]: Kod 3997
BAJT [75 111 109 112 114 101 115 105 106 97 32 105 32 122 97 115 116 105 116 97 32 112 111 100 97 116 97 107 97 32 50 48 50 54 46 10 75 111 109 112 114 101 115 105 106 97 32 105 32 122 97 115 116 105 116 97 32 112 111 100 97 116 97 107 97 32 50 48 50 54 46 10 75 111 109 112 114 101 115 105 106 97 32 105 32 122 97 115 116 105 116 97 32 112 111 100 97 116 97 107 97 32 50 48 50 54 46 ]: Kod 4009
BAJT [75 111 109 112 114 101 115 105 106 97 32 105 32 122 97 115 116 105 116 97 32 112 111 100 97 116 97 107 97 32 50 48 50 54 46 10 75 111 109 112 114 101 115 105 106 97 32 105 32 122 97 115 116 105 116 97 32 112 111 100 97 116 97 107 97 32 50 48 50 54 46 10 75 111 109 112 114 101 115 105 106 97 32 105 32 122 97 115 116 105 116 97 32 112 111 100 97 116 97 107 97 32 50 48 50 54 46 10 ]: Kod 4069
BAJT [76 ]: Kod 76
BAJT [77 ]: Kod 77
BAJT [78 ]: Kod 78
BAJT [79 ]: Kod 79
BAJT [80 ]: Kod 80
BAJT [81 ]: Kod 81
BAJT [82 ]: Kod 82
BAJT [83 ]: Kod 83
BAJT [84 ]: Kod 84
BAJT [85 ]: Kod 85
BAJT [86 ]: Kod 86
BAJT [87 ]: Kod 87
BAJT [88 ]: Kod 88
BAJT [89 ]: Kod 89
BAJT [90 ]: Kod 90
BAJT [91 ]: Kod 91
BAJT [92 ]: Kod 92
BAJT [93 ]: Kod 93
BAJT [94 ]: Kod 94
BAJT [95 ]: Kod 95
BAJT [96 ]: Kod 96
BAJT [97 ]: Kod 97
BAJT [97 32 ]: Kod 265
BAJT [97 32 50 ]: Kod 282
BAJT [97 32 50 48 ]: Kod 303
BAJT [97 32 50 48 50 ]: Kod 346
BAJT [97 32 50 48 50 54 ]: Kod 377
BAJT [97 32 50 48 50 54 46 ]: Kod 431
BAJT [97 32 50 48 50 54 46 10 ]: Kod 461
BAJT [97 32 50 48 50 54 46 10 75 ]: Kod 473
BAJT [97 32 50 48 50 54 46 10 75 111 ]: Kod 522
BAJT [97 32 50 48 50 54 46 10 75 111 109 ]: Kod 552
BAJT [97 32 50 48 50 54 46 10 75 111 109 112 ]: Kod 598
BAJT [97 32 50 48 50 54 46 10 75 111 109 112 114 ]: Kod 622
BAJT [97 32 50 48 50 54 46 10 75 111 109 112 114 101 ]: Kod 666
BAJT [97 32 50 48 50 54 46 10 75 111 109 112 114 101 115 ]: Kod 672
BAJT [97 32 50 48 50 54 46 10 75 111 109 112 114 101 115 105 ]: Kod 723
BAJT [97 32 50 48 50 54 46 10 75 111 109 112 114 101 115 105 106 ]: Kod 778
BAJT [97 32 50 48 50 54 46 10 75 111 109 112 114 101 115 105 106 97 ]: Kod 797
BAJT [97 32 50 48 50 54 46 10 75 111 109 112 114 101 115 105 106 97 32 ]: Kod 837
BAJT [97 32 50 48 50 54 46 10 75 111 109 112 114 101 115 105 106 97 32 105 ]: Kod 896
BAJT [97 32 50 48 50 54 46 10 75 111 109 112 114 101 115 105 106 97 32 105 32 ]: Kod 929
BAJT [97 32 50 48 50 54 46 10 75 111 109 112 114 101 115 105 106 97 32 105 32 122 ]: Kod 951
BAJT [97 32 50 48 50 54 46 10 75 111 109 112 114 101 115 105 106 97 32 105 32 122 97 ]: Kod 988
BAJT [97 32 50 48 50 54 46 10 75 111 109 112 114 101 115 105 106 97 32 105 32 122 97 115 ]: Kod 1025
BAJT [97 32 50 48 50 54 46 10 75 111 109 112 114 101 115 105 106 97 32 105 32 122 97 115 116 ]: Kod 1065
BAJT [97 32 50 48 50 54 46 10 75 111 109 112 114 101 115 105 106 97 32 105 32 122 97 115 116 105 ]: Kod 1097
BAJT [97 32 50 48 50 54 46 10 75 111 109 112 114 101 115 105 106 97 32 105 32 122 97 115 116 105 116 ]: Kod 1134
BAJT [97 32 50 48 50 54 46 10 75 111 109 112 114 101 115 105 106 97 32 105 32 122 97 115 116 105 116 97 ]: Kod 1186
BAJT [97 32 50 48 50 54 46 10 75 111 109 112 114 101 115 105 106 97 32 105 32 122 97 115 116 105 116 97 32 ]: Kod 1194
BAJT [97 32 50 48 50 54 46 10 75 111 109 112 114 101 115 105 106 97 32 105 32 122 97 115 116 105 116 97 32 112 ]: Kod 1198
BAJT [97 32 50 48 50 54 46 10 75 111 109 112 114 101 115 105 106 97 32 105 32 122 97 115 116 105 116 97 32 112 111 ]: Kod 1283
BAJT [97 32 50 48 50 54 46 10 75 111 109 112 114 101 115 105 106 97 32 105 32 122 97 115 116 105 116 97 32 112 111 100 ]: Kod 1329
BAJT [97 32 50 48 50 54 46 10 75 111 109 112 114 101 115 105 106 97 32 105 32 122 97 115 116 105 116 97 32 112 111 100 97 ]: Kod 1356
BAJT [97 32 50 48 50 54 46 10 75 111 109 112 114 101 115 105 106 97 32 105 32 122 97 115 116 105 116 97 32 112 111 100 97 116 ]: Kod 1364
BAJT [97 32 50 48 50 54 46 10 75 111 109 112 114 101 115 105 106 97 32 105 32 122 97 115 116 105 116 97 32 112 111 100 97 116 97 ]: Kod 1420
BAJT [97 32 50 48 50 54 46 10 75 111 109 112 114 101 115 105 106 97 32 105 32 122 97 115 116 105 116 97 32 112 111 100 97 116 97 107 ]: Kod 1445
BAJT [97 32 50 48 50 54 46 10 75 111 109 112 114 101 115 105 106 97 32 105 32 122 97 115 116 105 116 97 32 112 111 100 97 116 97 107 97 ]: Kod 1566
BAJT [97 32 50 48 50 54 46 10 75 111 109 112 114 101 115 105 106 97 32 105 32 122 97 115 116 105 116 97 32 112 111 100 97 116 97 107 97 32 ]: Kod 1567
BAJT [97 32 50 48 50 54 46 10 75 111 109 112 114 101 115 105 106 97 32 105 32 122 97 115 116 105 116 97 32 112 111 100 97 116 97 107 97 32 50 ]: Kod 1569
BAJT [97 32 50 48 50 54 46 10 75 111 109 112 114 101 115 105 106 97 32 105 32 122 97 115 116 105 116 97 32 112 111 100 97 116 97 107 97 32 50 48 ]: Kod 1597
BAJT [97 32 50 48 50 54 46 10 75 111 109 112 114 101 115 105 106 97 32 105 32 122 97 115 116 105 116 97 32 112 111 100 97 116 97 107 97 32 50 48 50 ]: Kod 1642
BAJT [97 32 50 48 50 54 46 10 75 111 109 112 114 101 115 105 106 97 32 105 32 122 97 115 116 105 116 97 32 112 111 100 97 116 97 107 97 32 50 48 50 54 ]: Kod 1673
BAJT [97 32 50 48 50 54 46 10 75 111 109 112 114 101 115 105 106 97 32 105 32 122 97 115 116 105 116 97 32 112 111 100 97 116 97 107 97 32 50 48 50 54 46 ]: Kod 1727
BAJT [97 32 50 48 50 54 46 10 75 111 109 112 114 101 115 105 106 97 32 105 32 122 97 115 116 105 116 97 32 112 111 100 97 116 97 107 97 32 50 48 50 54 46 10 ]: Kod 1757
BAJT [97 32 50 48 50 54 46 10 75 111 109 112 114 101 115 105 106 97 32 105 32 122 97 115 116 105 116 97 32 112 111 100 97 116 97 107 97 32 50 48 50 54 46 10 75 ]: Kod 1769
BAJT [97 32 50 48 50 54 46 10 75 111 109 112 114 101 115 105 106 97 32 105 32 122 97 115 116 105 116 97 32 112 111 100 97 116 97 107 97 32 50 48 50 54 46 10 75 111 ]: Kod 1818
BAJT [97 32 50 48 50 54 46 10 75 111 109 112 114 101 115 105 106 97 32 105 32 122 97 115 116 105 116 97 32 112 111 100 97 116 97 107 97 32 50 48 50 54 46 10 75 111 109 ]: Kod 1848
BAJT [97 32 50 48 50 54 46 10 75 111 109 112 114 101 115 105 106 97 32 105 32 122 97 115 116 105 116 97 32 112 111 100 97 116 97 107 97 32 50 48 50 54 46 10 75 111 109 112 ]: Kod 1894
BAJT [97 32 50 48 50 54 46 10 75 111 109 112 114 101 115 105 106 97 32 105 32 122 97 115 116 105 116 97 32 112 111 100 97 116 97 107 97 32 50 48 50 54 46 10 75 111 109 112 114 ]: Kod 1918
BAJT [97 32 50 48 50 54 46 10 75 111 109 112 114 101 115 105 106 97 32 105 32 122 97 115 116 105 116 97 32 112 111 100 97 116 97 107 97 32 50 48 50 54 46 10 75 111 109 112 114 101 ]: Kod 1962
BAJT [97 32 50 48 50 54 46 10 75 111 109 112 114 101 115 105 106 97 32 105 32 122 97 115 116 105 116 97 32 112 111 100 97 116 97 107 97 32 50 48 50 54 46 10 75 111 109 112 114 101 115 ]: Kod 1968
BAJT [97 32 50 48 50 54 46 10 75 111 109 112 114 101 115 105 106 97 32 105 32 122 97 115 116 105 116 97 32 112 111 100 97 116 97 107 97 32 50 48 50 54 46 10 75 111 109 112 114 101 115 105 ]: Kod 2019
BAJT [97 32 50 48 50 54 46 10 75 111 109 112 114 101 115 105 106 97 32 105 32 122 97 115 116 105 116 97 32 112 111 100 97 116 97 107 97 32 50 48 50 54 46 10 75 111 109 112 114 101 115 105 106 ]: Kod 2074
BAJT [97 32 50 48 50 54 46 10 75 111 109 112 114 101 115 105 106 97 32 105 32 122 97 115 116 105 116 97 32 112 111 100 97 116 97 107 97 32 50 48 50 54 46 10 75 111 109 112 114 101 115 105 106 97 ]: Kod 2093
BAJT [97 32 50 48 50 54 46 10 75 111 109 112 114 101 115 105 106 97 32 105 32 122 97 115 116 105 116 97 32 112 111 100 97 116 97 107 97 32 50 48 50 54 46 10 75 111 109 112 114 101 115 105 106 97 32 ]: Kod 2133
BAJT [97 32 50 48 50 54 46 10 75 111 109 112 114 101 115 105 106 97 32 105 32 122 97 115 116 105 116 97 32 112 111 100 97 116 97 107 97 32 50 48 50 54 46 10 75 111 109 112 114 101 115 105 106 97 32 105 ]: Kod 2192
BAJT [97 32 50 48 50 54 46 10 75 111 109 112 114 101 115 105 106 97 32 105 32 122 97 115 116 105 116 97 32 112 111 100 97 116 97 107 97 32 50 48 50 54 46 10 75 111 109 112 114 101 115 105 106 97 32 105 32 ]: Kod 2225
BAJT [97 32 50 48 50 54 46 10 75 111 109 112 114 101 115 105 106 97 32 105 32 122 97 115 116 105 116 97 32 112 111 100 97 116 97 107 97 32 50 48 50 54 46 10 75 111 109 112 114 101 115 105 106 97 32 105 32 122 ]: Kod 2247
BAJT [97 32 50 48 50 54 46 10 75 111 109 112 114 101 115 105 106 97 32 105 32 122 97 115 116 105 116 97 32 112 111 100 97 116 97 107 97 32 50 48 50 54 46 10 75 111 109 112 114 101 115 105 106 97 32 105 32 122 97 ]: Kod 2284
BAJT [97 32 50 48 50 54 46 10 75 111 109 112 114 101 115 105 106 97 32 105 32 122 97 115 116 105 116 97 32 112 111 100 97 116 97 107 97 32 50 48 50 54 46 10 75 111 109 112 114 101 115 105 106 97 32 105 32 122 97 115 ]: Kod 2321
BAJT [97 32 50 48 50 54 46 10 75 111 109 112 114 101 115 105 106 97 32 105 32 122 97 115 116 105 116 97 32 112 111 100 97 116 97 107 97 32 50 48 50 54 46 10 75 111 109 112 114 101 115 105 106 97 32 105 32 122 97 115 116 ]: Kod 2361
BAJT [97 32 50 48 50 54 46 10 75 111 109 112 114 101 115 105 106 97 32 105 32 122 97 115 116 105 116 97 32 112 111 100 97 116 97 107 97 32 50 48 50 54 46 10 75 111 109 112 114 101 115 105 106 97 32 105 32 122 97 115 116 105 ]: Kod 2393
BAJT [97 32 50 48 50 54 46 10 75 111 109 112 114 101 115 105 106 97 32 105 32 122 97 115 116 105 116 97 32 112 111 100 97 116 97 107 97 32 50 48 50 54 46 10 75 111 109 112 114 101 115 105 106 97 32 105 32 122 97 115 116 105 116 ]: Kod 2430
BAJT [97 32 50 48 50 54 46 10 75 111 109 112 114 101 115 105 106 97 32 105 32 122 97 115 116 105 116 97 32 112 111 100 97 116 97 107 97 32 50 48 50 54 46 10 75 111 109 112 114 101 115 105 106 97 32 105 32 122 97 115 116 105 116 97 ]: Kod 2482
BAJT [97 32 50 48 50 54 46 10 75 111 109 112 114 101 115 105 106 97 32 105 32 122 97 115 116 105 116 97 32 112 111 100 97 116 97 107 97 32 50 48 50 54 46 10 75 111 109 112 114 101 115 105 106 97 32 105 32 122 97 115 116 105 116 97 32 ]: Kod 2490
BAJT [97 32 50 48 50 54 46 10 75 111 109 112 114 101 115 105 106 97 32 105 32 122 97 115 116 105 116 97 32 112 111 100 97 116 97 107 97 32 50 48 50 54 46 10 75 111 109 112 114 101 115 105 106 97 32 105 32 122 97 115 116 105 116 97 32 112 ]: Kod 2494
BAJT [97 32 50 48 50 54 46 10 75 111 109 112 114 101 115 105 106 97 32 105 32 122 97 115 116 105 116 97 32 112 111 100 97 116 97 107 97 32 50 48 50 54 46 10 75 111 109 112 114 101 115 105 106 97 32 105 32 122 97 115 116 105 116 97 32 112 111 ]: Kod 2579
BAJT [97 32 50 48 50 54 46 10 75 111 109 112 114 101 115 105 106 97 32 105 32 122 97 115 116 105 116 97 32 112 111 100 97 116 97 107 97 32 50 48 50 54 46 10 75 111 109 112 114 101 115 105 106 97 32 105 32 122 97 115 116 105 116 97 32 112 111 100 ]: Kod 2625
BAJT [97 32 50 48 50 54 46 10 75 111 109 112 114 101 115 105 106 97 32 105 32 122 97 115 116 105 116 97 32 112 111 100 97 116 97 107 97 32 50 48 50 54 46 10 75 111 109 112 114 101 115 105 106 97 32 105 32 122 97 115 116 105 116 97 32 112 111 100 97 ]: Kod 2652
BAJT [97 32 50 48 50 54 46 10 75 111 109 112 114 101 115 105 106 97 32 105 32 122 97 115 116 105 116 97 32 112 111 100 97 116 97 107 97 32 50 48 50 54 46 10 75 111 109 112 114 101 115 105 106 97 32 105 32 122 97 115 116 105 116 97 32 112 111 100 97 116 ]: Kod 2660
BAJT [97 32 50 48 50 54 46 10 75 111 109 112 114 101 115 105 106 97 32 105 32 122 97 115 116 105 116 97 32 112 111 100 97 116 97 107 97 32 50 48 50 54 46 10 75 111 109 112 114 101 115 105 106 97 32 105 32 122 97 115 116 105 116 97 32 112 111 100 97 116 97 ]: Kod 2716
BAJT [97 32 50 48 50 54 46 10 75 111 109 112 114 101 115 105 106 97 32 105 32 122 97 115 116 105 116 97 32 112 111 100 97 116 97 107 97 32 50 48 50 54 46 10 75 111 109 112 114 101 115 105 106 97 32 105 32 122 97 115 116 105 116 97 32 112 111 100 97 116 97 107 ]: Kod 2741
BAJT [97 32 50 48 50 54 46 10 75 111 109 112 114 101 115 105 106 97 32 105 32 122 97 115 116 105 116 97 32 112 111 100 97 116 97 107 97 32 50 48 50 54 46 10 75 111 109 112 114 101 115 105 106 97 32 105 32 122 97 115 116 105 116 97 32 112 111 100 97 116 97 107 97 ]: Kod 2862
BAJT [97 32 50 48 50 54 46 10 75 111 109 112 114 101 115 105 106 97 32 105 32 122 97 115 116 105 116 97 32 112 111 100 97 116 97 107 97 32 50 48 50 54 46 10 75 111 109 112 114 101 115 105 106 97 32 105 32 122 97 115 116 105 116 97 32 112 111 100 97 116 97 107 97 32 ]: Kod 2863
BAJT [97 32 50 48 50 54 46 10 75 111 109 112 114 101 115 105 106 97 32 105 32 122 97 115 116 105 116 97 32 112 111 100 97 116 97 107 97 32 50 48 50 54 46 10 75 111 109 112 114 101 115 105 106 97 32 105 32 122 97 115 116 105 116 97 32 112 111 100 97 116 97 107 97 32 50 ]: Kod 2865
BAJT [97 32 50 48 50 54 46 10 75 111 109 112 114 101 115 105 106 97 32 105 32 122 97 115 116 105 116 97 32 112 111 100 97 116 97 107 97 32 50 48 50 54 46 10 75 111 109 112 114 101 115 105 106 97 32 105 32 122 97 115 116 105 116 97 32 112 111 100 97 116 97 107 97 32 50 48 ]: Kod 2893
BAJT [97 32 50 48 50 54 46 10 75 111 109 112 114 101 115 105 106 97 32 105 32 122 97 115 116 105 116 97 32 112 111 100 97 116 97 107 97 32 50 48 50 54 46 10 75 111 109 112 114 101 115 105 106 97 32 105 32 122 97 115 116 105 116 97 32 112 111 100 97 116 97 107 97 32 50 48 50 ]: Kod 2938
BAJT [97 32 50 48 50 54 46 10 75 111 109 112 114 101 115 105 106 97 32 105 32 122 97 115 116 105 116 97 32 112 111 100 97 116 97 107 97 32 50 48 50 54 46 10 75 111 109 112 114 101 115 105 106 97 32 105 32 122 97 115 116 105 116 97 32 112 111 100 97 116 97 107 97 32 50 48 50 54 ]: Kod 2969
BAJT [97 32 50 48 50 54 46 10 75 111 109 112 114 101 115 105 106 97 32 105 32 122 97 115 116 105 116 97 32 112 111 100 97 116 97 107 97 32 50 48 50 54 46 10 75 111 109 112 114 101 115 105 106 97 32 105 32 122 97 115 116 105 116 97 32 112 111 100 97 116 97 107 97 32 50 48 50 54 46 ]: Kod 3023
BAJT [97 32 50 48 50 54 46 10 75 111 109 112 114 101 115 105 106 97 32 105 32 122 97 115 116 105 116 97 32 112 111 100 97 116 97 107 97 32 50 48 50 54 46 10 75 111 109 112 114 101 115 105 106 97 32 105 32 122 97 115 116 105 116 97 32 112 111 100 97 116 97 107 97 32 50 48 50 54 46 10 ]: Kod 3053
BAJT [97 32 50 48 50 54 46 10 75 111 109 112 114 101 115 105 106 97 32 105 32 122 97 115 116 105 116 97 32 112 111 100 97 116 97 107 97 32 50 48 50 54 46 10 75 111 109 112 114 101 115 105 106 97 32 105 32 122 97 115 116 105 116 97 32 112 111 100 97 116 97 107 97 32 50 48 50 54 46 10 75 ]: Kod 3065
BAJT [97 32 50 48 50 54 46 10 75 111 109 112 114 101 115 105 106 97 32 105 32 122 97 115 116 105 116 97 32 112 111 100 97 116 97 107 97 32 50 48 50 54 46 10 75 111 109 112 114 101 115 105 106 97 32 105 32 122 97 115 116 105 116 97 32 112 111 100 97 116 97 107 97 32 50 48 50 54 46 10 75 111 ]: Kod 3114
BAJT [97 32 50 48 50 54 46 10 75 111 109 112 114 101 115 105 106 97 32 105 32 122 97 115 116 105 116 97 32 112 111 100 97 116 97 107 97 32 50 48 50 54 46 10 75 111 109 112 114 101 115 105 106 97 32 105 32 122 97 115 116 105 116 97 32 112 111 100 97 116 97 107 97 32 50 48 50 54 46 10 75 111 109 ]: Kod 3144
BAJT [97 32 50 48 50 54 46 10 75 111 109 112 114 101 115 105 106 97 32 105 32 122 97 115 116 105 116 97 32 112 111 100 97 116 97 107 97 32 50 48 50 54 46 10 75 111 109 112 114 101 115 105 106 97 32 105 32 122 97 115 116 105 116 97 32 112 111 100 97 116 97 107 97 32 50 48 50 54 46 10 75 111 109 112 ]: Kod 3190
BAJT [97 32 50 48 50 54 46 10 75 111 109 112 114 101 115 105 106 97 32 105 32 122 97 115 116 105 116 97 32 112 111 100 97 116 97 107 97 32 50 48 50 54 46 10 75 111 109 112 114 101 115 105 106 97 32 105 32 122 97 115 116 105 116 97 32 112 111 100 97 116 97 107 97 32 50 48 50 54 46 10 75 111 109 112 114 ]: Kod 3214
BAJT [97 32 50 48 50 54 46 10 75 111 109 112 114 101 115 105 106 97 32 105 32 122 97 115 116 105 116 97 32 112 111 100 97 116 97 107 97 32 50 48 50 54 46 10 75 111 109 112 114 101 115 105 106 97 32 105 32 122 97 115 116 105 116 97 32 112 111 100 97 116 97 107 97 32 50 48 50 54 46 10 75 111 109 112 114 101 ]: Kod 3258
BAJT [97 32 50 48 50 54 46 10 75 111 109 112 114 101 115 105 106 97 32 105 32 122 97 115 116 105 116 97 32 112 111 100 97 116 97 107 97 32 50 48 50 54 46 10 75 111 109 112 114 101 115 105 106 97 32 105 32 122 97 115 116 105 116 97 32 112 111 100 97 116 97 107 97 32 50 48 50 54 46 10 75 111 109 112 114 101 115 ]: Kod 3264
BAJT [97 32 50 48 50 54 46 10 75 111 109 112 114 101 115 105 106 97 32 105 32 122 97 115 116 105 116 97 32 112 111 100 97 116 97 107 97 32 50 48 50 54 46 10 75 111 109 112 114 101 115 105 106 97 32 105 32 122 97 115 116 105 116 97 32 112 111 100 97 116 97 107 97 32 50 48 50 54 46 10 75 111 109 112 114 101 115 105 ]: Kod 3315
BAJT [97 32 50 48 50 54 46 10 75 111 109 112 114 101 115 105 106 97 32 105 32 122 97 115 116 105 116 97 32 112 111 100 97 116 97 107 97 32 50 48 50 54 46 10 75 111 109 112 114 101 115 105 106 97 32 105 32 122 97 115 116 105 116 97 32 112 111 100 97 116 97 107 97 32 50 48 50 54 46 10 75 111 109 112 114 101 115 105 106 ]: Kod 3370
BAJT [97 32 50 48 50 54 46 10 75 111 109 112 114 101 115 105 106 97 32 105 32 122 97 115 116 105 116 97 32 112 111 100 97 116 97 107 97 32 50 48 50 54 46 10 75 111 109 112 114 101 115 105 106 97 32 105 32 122 97 115 116 105 116 97 32 112 111 100 97 116 97 107 97 32 50 48 50 54 46 10 75 111 109 112 114 101 115 105 106 97 ]: Kod 3389
BAJT [97 32 50 48 50 54 46 10 75 111 109 112 114 101 115 105 106 97 32 105 32 122 97 115 116 105 116 97 32 112 111 100 97 116 97 107 97 32 50 48 50 54 46 10 75 111 109 112 114 101 115 105 106 97 32 105 32 122 97 115 116 105 116 97 32 112 111 100 97 116 97 107 97 32 50 48 50 54 46 10 75 111 109 112 114 101 115 105 106 97 32 ]: Kod 3429
BAJT [97 32 50 48 50 54 46 10 75 111 109 112 114 101 115 105 106 97 32 105 32 122 97 115 116 105 116 97 32 112 111 100 97 116 97 107 97 32 50 48 50 54 46 10 75 111 109 112 114 101 115 105 106 97 32 105 32 122 97 115 116 105 116 97 32 112 111 100 97 116 97 107 97 32 50 48 50 54 46 10 75 111 109 112 114 101 115 105 106 97 32 105 ]: Kod 3488
BAJT [97 32 50 48 50 54 46 10 75 111 109 112 114 101 115 105 106 97 32 105 32 122 97 115 116 105 116 97 32 112 111 100 97 116 97 107 97 32 50 48 50 54 46 10 75 111 109 112 114 101 115 105 106 97 32 105 32 122 97 115 116 105 116 97 32 112 111 100 97 116 97 107 97 32 50 48 50 54 46 10 75 111 109 112 114 101 115 105 106 97 32 105 32 ]: Kod 3521
BAJT [97 32 50 48 50 54 46 10 75 111 109 112 114 101 115 105 106 97 32 105 32 122 97 115 116 105 116 97 32 112 111 100 97 116 97 107 97 32 50 48 50 54 46 10 75 111 109 112 114 101 115 105 106 97 32 105 32 122 97 115 116 105 116 97 32 112 111 100 97 116 97 107 97 32 50 48 50 54 46 10 75 111 109 112 114 101 115 105 106 97 32 105 32 122 ]: Kod 3543
BAJT [97 32 50 48 50 54 46 10 75 111 109 112 114 101 115 105 106 97 32 105 32 122 97 115 116 105 116 97 32 112 111 100 97 116 97 107 97 32 50 48 50 54 46 10 75 111 109 112 114 101 115 105 106 97 32 105 32 122 97 115 116 105 116 97 32 112 111 100 97 116 97 107 97 32 50 48 50 54 46 10 75 111 109 112 114 101 115 105 106 97 32 105 32 122 97 ]: Kod 3580
BAJT [97 32 50 48 50 54 46 10 75 111 109 112 114 101 115 105 106 97 32 105 32 122 97 115 116 105 116 97 32 112 111 100 97 116 97 107 97 32 50 48 50 54 46 10 75 111 109 112 114 101 115 105 106 97 32 105 32 122 97 115 116 105 116 97 32 112 111 100 97 116 97 107 97 32 50 48 50 54 46 10 75 111 109 112 114 101 115 105 106 97 32 105 32 122 97 115 ]: Kod 3617
BAJT [97 32 50 48 50 54 46 10 75 111 109 112 114 101 115 105 106 97 32 105 32 122 97 115 116 105 116 97 32 112 111 100 97 116 97 107 97 32 50 48 50 54 46 10 75 111 109 112 114 101 115 105 106 97 32 105 32 122 97 115 116 105 116 97 32 112 111 100 97 116 97 107 97 32 50 48 50 54 46 10 75 111 109 112 114 101 115 105 106 97 32 105 32 122 97 115 116 ]: Kod 3657
BAJT [97 32 50 48 50 54 46 10 75 111 109 112 114 101 115 105 106 97 32 105 32 122 97 115 116 105 116 97 32 112 111 100 97 116 97 107 97 32 50 48 50 54 46 10 75 111 109 112 114 101 115 105 106 97 32 105 32 122 97 115 116 105 116 97 32 112 111 100 97 116 97 107 97 32 50 48 50 54 46 10 75 111 109 112 114 101 115 105 106 97 32 105 32 122 97 115 116 105 ]: Kod 3689
BAJT [97 32 50 48 50 54 46 10 75 111 109 112 114 101 115 105 106 97 32 105 32 122 97 115 116 105 116 97 32 112 111 100 97 116 97 107 97 32 50 48 50 54 46 10 75 111 109 112 114 101 115 105 106 97 32 105 32 122 97 115 116 105 116 97 32 112 111 100 97 116 97 107 97 32 50 48 50 54 46 10 75 111 109 112 114 101 115 105 106 97 32 105 32 122 97 115 116 105 116 ]: Kod 3726
BAJT [97 32 50 48 50 54 46 10 75 111 109 112 114 101 115 105 106 97 32 105 32 122 97 115 116 105 116 97 32 112 111 100 97 116 97 107 97 32 50 48 50 54 46 10 75 111 109 112 114 101 115 105 106 97 32 105 32 122 97 115 116 105 116 97 32 112 111 100 97 116 97 107 97 32 50 48 50 54 46 10 75 111 109 112 114 101 115 105 106 97 32 105 32 122 97 115 116 105 116 97 ]: Kod 3778
BAJT [97 32 50 48 50 54 46 10 75 111 109 112 114 101 115 105 106 97 32 105 32 122 97 115 116 105 116 97 32 112 111 100 97 116 97 107 97 32 50 48 50 54 46 10 75 111 109 112 114 101 115 105 106 97 32 105 32 122 97 115 116 105 116 97 32 112 111 100 97 116 97 107 97 32 50 48 50 54 46 10 75 111 109 112 114 101 115 105 106 97 32 105 32 122 97 115 116 105 116 97 32 ]: Kod 3786
BAJT [97 32 50 48 50 54 46 10 75 111 109 112 114 101 115 105 106 97 32 105 32 122 97 115 116 105 116 97 32 112 111 100 97 116 97 107 97 32 50 48 50 54 46 10 75 111 109 112 114 101 115 105 106 97 32 105 32 122 97 115 116 105 116 97 32 112 111 100 97 116 97 107 97 32 50 48 50 54 46 10 75 111 109 112 114 101 115 105 106 97 32 105 32 122 97 115 116 105 116 97 32 112 ]: Kod 3790
BAJT [97 32 50 48 50 54 46 10 75 111 109 112 114 101 115 105 106 97 32 105 32 122 97 115 116 105 116 97 32 112 111 100 97 116 97 107 97 32 50 48 50 54 46 10 75 111 109 112 114 101 115 105 106 97 32 105 32 122 97 115 116 105 116 97 32 112 111 100 97 116 97 107 97 32 50 48 50 54 46 10 75 111 109 112 114 101 115 105 106 97 32 105 32 122 97 115 116 105 116 97 32 112 111 ]: Kod 3875
BAJT [97 32 50 48 50 54 46 10 75 111 109 112 114 101 115 105 106 97 32 105 32 122 97 115 116 105 116 97 32 112 111 100 97 116 97 107 97 32 50 48 50 54 46 10 75 111 109 112 114 101 115 105 106 97 32 105 32 122 97 115 116 105 116 97 32 112 111 100 97 116 97 107 97 32 50 48 50 54 46 10 75 111 109 112 114 101 115 105 106 97 32 105 32 122 97 115 116 105 116 97 32 112 111 100 ]: Kod 3921
BAJT [97 32 50 48 50 54 46 10 75 111 109 112 114 101 115 105 106 97 32 105 32 122 97 115 116 105 116 97 32 112 111 100 97 116 97 107 97 32 50 48 50 54 46 10 75 111 109 112 114 101 115 105 106 97 32 105 32 122 97 115 116 105 116 97 32 112 111 100 97 116 97 107 97 32 50 48 50 54 46 10 75 111 109 112 114 101 115 105 106 97 32 105 32 122 97 115 116 105 116 97 32 112 111 100 97 ]: Kod 3948
BAJT [97 32 50 48 50 54 46 10 75 111 109 112 114 101 115 105 106 97 32 105 32 122 97 115 116 105 116 97 32 112 111 100 97 116 97 107 97 32 50 48 50 54 46 10 75 111 109 112 114 101 115 105 106 97 32 105 32 122 97 115 116 105 116 97 32 112 111 100 97 116 97 107 97 32 50 48 50 54 46 10 75 111 109 112 114 101 115 105 106 97 32 105 32 122 97 115 116 105 116 97 32 112 111 100 97 116 ]: Kod 3956
BAJT [97 32 50 48 50 54 46 10 75 111 109 112 114 101 115 105 106 97 32 105 32 122 97 115 116 105 116 97 32 112 111 100 97 116 97 107 97 32 50 48 50 54 46 10 75 111 109 112 114 101 115 105 106 97 32 105 32 122 97 115 116 105 116 97 32 112 111 100 97 116 97 107 97 32 50 48 50 54 46 10 75 111 109 112 114 101 115 105 106 97 32 105 32 122 97 115 116 105 116 97 32 112 111 100 97 116 97 ]: Kod 4012
BAJT [97 32 50 48 50 54 46 10 75 111 109 112 114 101 115 105 106 97 32 105 32 122 97 115 116 105 116 97 32 112 111 100 97 116 97 107 97 32 50 48 50 54 46 10 75 111 109 112 114 101 115 105 106 97 32 105 32 122 97 115 116 105 116 97 32 112 111 100 97 116 97 107 97 32 50 48 50 54 46 10 75 111 109 112 114 101 115 105 106 97 32 105 32 122 97 115 116 105 116 97 32 112 111 100 97 116 97 107 ]: Kod 4037
BAJT [97 32 105 ]: Kod 311
BAJT [97 32 105 32 ]: Kod 328
BAJT [97 32 105 32 122 ]: Kod 381
BAJT [97 32 105 32 122 97 ]: Kod 421
BAJT [97 32 105 32 122 97 115 ]: Kod 458
BAJT [97 32 105 32 122 97 115 116 ]: Kod 491
BAJT [97 32 105 32 122 97 115 116 105 ]: Kod 524
BAJT [97 32 105 32 122 97 115 116 105 116 ]: Kod 542
BAJT [97 32 105 32 122 97 115 116 105 116 97 ]: Kod 589
BAJT [97 32 105 32 122 97 115 116 105 116 97 32 ]: Kod 630
BAJT [97 32 105 32 122 97 115 116 105 116 97 32 112 ]: Kod 685
BAJT [97 32 105 32 122 97 115 116 105 116 97 32 112 111 ]: Kod 705
BAJT [97 32 105 32 122 97 115 116 105 116 97 32 112 111 100 ]: Kod 737
BAJT [97 32 105 32 122 97 115 116 105 116 97 32 112 111 100 97 ]: Kod 760
BAJT [97 32 105 32 122 97 115 116 105 116 97 32 112 111 100 97 116 ]: Kod 798
BAJT [97 32 105 32 122 97 115 116 105 116 97 32 112 111 100 97 116 97 ]: Kod 857
BAJT [97 32 105 32 122 97 115 116 105 116 97 32 112 111 100 97 116 97 107 ]: Kod 893
BAJT [97 32 105 32 122 97 115 116 105 116 97 32 112 111 100 97 116 97 107 97 ]: Kod 928
BAJT [97 32 105 32 122 97 115 116 105 116 97 32 112 111 100 97 116 97 107 97 32 ]: Kod 968
BAJT [97 32 105 32 122 97 115 116 105 116 97 32 112 111 100 97 116 97 107 97 32 50 ]: Kod 982
BAJT [97 32 105 32 122 97 115 116 105 116 97 32 112 111 100 97 116 97 107 97 32 50 48 ]: Kod 1029
BAJT [97 32 105 32 122 97 115 116 105 116 97 32 112 111 100 97 116 97 107 97 32 50 48 50 ]: Kod 1072
BAJT [97 32 105 32 122 97 115 116 105 116 97 32 112 111 100 97 116 97 107 97 32 50 48 50 54 ]: Kod 1120
BAJT [97 32 105 32 122 97 115 116 105 116 97 32 112 111 100 97 116 97 107 97 32 50 48 50 54 46 ]: Kod 1149
BAJT [97 32 105 32 122 97 115 116 105 116 97 32 112 111 100 97 116 97 107 97 32 50 48 50 54 46 10 ]: Kod 1177
BAJT [97 32 105 32 122 97 115 116 105 116 97 32 112 111 100 97 116 97 107 97 32 50 48 50 54 46 10 75 ]: Kod 1192
BAJT [97 32 105 32 122 97 115 116 105 116 97 32 112 111 100 97 116 97 107 97 32 50 48 50 54 46 10 75 111 ]: Kod 1242
BAJT [97 32 105 32 122 97 115 116 105 116 97 32 112 111 100 97 116 97 107 97 32 50 48 50 54 46 10 75 111 109 ]: Kod 1270
BAJT [97 32 105 32 122 97 115 116 105 116 97 32 112 111 100 97 116 97 107 97 32 50 48 50 54 46 10 75 111 109 112 ]: Kod 1320
BAJT [97 32 105 32 122 97 115 116 105 116 97 32 112 111 100 97 116 97 107 97 32 50 48 50 54 46 10 75 111 109 112 114 ]: Kod 1326
BAJT [97 32 105 32 122 97 115 116 105 116 97 32 112 111 100 97 116 97 107 97 32 50 48 50 54 46 10 75 111 109 112 114 101 ]: Kod 1385
BAJT [97 32 105 32 122 97 115 116 105 116 97 32 112 111 100 97 116 97 107 97 32 50 48 50 54 46 10 75 111 109 112 114 101 115 ]: Kod 1414
BAJT [97 32 105 32 122 97 115 116 105 116 97 32 112 111 100 97 116 97 107 97 32 50 48 50 54 46 10 75 111 109 112 114 101 115 105 ]: Kod 1455
BAJT [97 32 105 32 122 97 115 116 105 116 97 32 112 111 100 97 116 97 107 97 32 50 48 50 54 46 10 75 111 109 112 114 101 115 105 106 ]: Kod 1501
BAJT [97 32 105 32 122 97 115 116 105 116 97 32 112 111 100 97 116 97 107 97 32 50 48 50 54 46 10 75 111 109 112 114 101 115 105 106 97 ]: Kod 1528
BAJT [97 32 105 32 122 97 115 116 105 116 97 32 112 111 100 97 116 97 107 97 32 50 48 50 54 46 10 75 111 109 112 114 101 115 105 106 97 32 ]: Kod 1529
BAJT [97 32 105 32 122 97 115 116 105 116 97 32 112 111 100 97 116 97 107 97 32 50 48 50 54 46 10 75 111 109 112 114 101 115 105 106 97 32 105 ]: Kod 1605
BAJT [97 32 105 32 122 97 115 116 105 116 97 32 112 111 100 97 116 97 107 97 32 50 48 50 54 46 10 75 111 109 112 114 101 115 105 106 97 32 105 32 ]: Kod 1624
BAJT [97 32 105 32 122 97 115 116 105 116 97 32 112 111 100 97 116 97 107 97 32 50 48 50 54 46 10 75 111 109 112 114 101 115 105 106 97 32 105 32 122 ]: Kod 1677
BAJT [97 32 105 32 122 97 115 116 105 116 97 32 112 111 100 97 116 97 107 97 32 50 48 50 54 46 10 75 111 109 112 114 101 115 105 106 97 32 105 32 122 97 ]: Kod 1717
BAJT [97 32 105 32 122 97 115 116 105 116 97 32 112 111 100 97 116 97 107 97 32 50 48 50 54 46 10 75 111 109 112 114 101 115 105 106 97 32 105 32 122 97 115 ]: Kod 1754
BAJT [97 32 105 32 122 97 115 116 105 116 97 32 112 111 100 97 116 97 107 97 32 50 48 50 54 46 10 75 111 109 112 114 101 115 105 106 97 32 105 32 122 97 115 116 ]: Kod 1787
BAJT [97 32 105 32 122 97 115 116 105 116 97 32 112 111 100 97 116 97 107 97 32 50 48 50 54 46 10 75 111 109 112 114 101 115 105 106 97 32 105 32 122 97 115 116 105 ]: Kod 1820
BAJT [97 32 105 32 122 97 115 116 105 116 97 32 112 111 100 97 116 97 107 97 32 50 48 50 54 46 10 75 111 109 112 114 101 115 105 106 97 32 105 32 122 97 115 116 105 116 ]: Kod 1838
BAJT [97 32 105 32 122 97 115 116 105 116 97 32 112 111 100 97 116 97 107 97 32 50 48 50 54 46 10 75 111 109 112 114 101 115 105 106 97 32 105 32 122 97 115 116 105 116 97 ]: Kod 1885
BAJT [97 32 105 32 122 97 115 116 105 116 97 32 112 111 100 97 116 97 107 97 32 50 48 50 54 46 10 75 111 109 112 114 101 115 105 106 97 32 105 32 122 97 115 116 105 116 97 32 ]: Kod 1926
BAJT [97 32 105 32 122 97 115 116 105 116 97 32 112 111 100 97 116 97 107 97 32 50 48 50 54 46 10 75 111 109 112 114 101 115 105 106 97 32 105 32 122 97 115 116 105 116 97 32 112 ]: Kod 1981
BAJT [97 32 105 32 122 97 115 116 105 116 97 32 112 111 100 97 116 97 107 97 32 50 48 50 54 46 10 75 111 109 112 114 101 115 105 106 97 32 105 32 122 97 115 116 105 116 97 32 112 111 ]: Kod 2001
BAJT [97 32 105 32 122 97 115 116 105 116 97 32 112 111 100 97 116 97 107 97 32 50 48 50 54 46 10 75 111 109 112 114 101 115 105 106 97 32 105 32 122 97 115 116 105 116 97 32 112 111 100 ]: Kod 2033
BAJT [97 32 105 32 122 97 115 116 105 116 97 32 112 111 100 97 116 97 107 97 32 50 48 50 54 46 10 75 111 109 112 114 101 115 105 106 97 32 105 32 122 97 115 116 105 116 97 32 112 111 100 97 ]: Kod 2056
BAJT [97 32 105 32 122 97 115 116 105 116 97 32 112 111 100 97 116 97 107 97 32 50 48 50 54 46 10 75 111 109 112 114 101 115 105 106 97 32 105 32 122 97 115 116 105 116 97 32 112 111 100 97 116 ]: Kod 2094
BAJT [97 32 105 32 122 97 115 116 105 116 97 32 112 111 100 97 116 97 107 97 32 50 48 50 54 46 10 75 111 109 112 114 101 115 105 106 97 32 105 32 122 97 115 116 105 116 97 32 112 111 100 97 116 97 ]: Kod 2153
BAJT [97 32 105 32 122 97 115 116 105 116 97 32 112 111 100 97 116 97 107 97 32 50 48 50 54 46 10 75 111 109 112 114 101 115 105 106 97 32 105 32 122 97 115 116 105 116 97 32 112 111 100 97 116 97 107 ]: Kod 2189
BAJT [97 32 105 32 122 97 115 116 105 116 97 32 112 111 100 97 116 97 107 97 32 50 48 50 54 46 10 75 111 109 112 114 101 115 105 106 97 32 105 32 122 97 115 116 105 116 97 32 112 111 100 97 116 97 107 97 ]: Kod 2224
BAJT [97 32 105 32 122 97 115 116 105 116 97 32 112 111 100 97 116 97 107 97 32 50 48 50 54 46 10 75 111 109 112 114 101 115 105 106 97 32 105 32 122 97 115 116 105 116 97 32 112 111 100 97 116 97 107 97 32 ]: Kod 2264
BAJT [97 32 105 32 122 97 115 116 105 116 97 32 112 111 100 97 116 97 107 97 32 50 48 50 54 46 10 75 111 109 112 114 101 115 105 106 97 32 105 32 122 97 115 116 105 116 97 32 112 111 100 97 116 97 107 97 32 50 ]: Kod 2278
BAJT [97 32 105 32 122 97 115 116 105 116 97 32 112 111 100 97 116 97 107 97 32 50 48 50 54 46 10 75 111 109 112 114 101 115 105 106 97 32 105 32 122 97 115 116 105 116 97 32 112 111 100 97 116 97 107 97 32 50 48 ]: Kod 2325
BAJT [97 32 105 32 122 97 115 116 105 116 97 32 112 111 100 97 116 97 107 97 32 50 48 50 54 46 10 75 111 109 112 114 101 115 105 106 97 32 105 32 122 97 115 116 105 116 97 32 112 111 100 97 116 97 107 97 32 50 48 50 ]: Kod 2368
BAJT [97 32 105 32 122 97 115 116 105 116 97 32 112 111 100 97 116 97 107 97 32 50 48 50 54 46 10 75 111 109 112 114 101 115 105 106 97 32 105 32 122 97 115 116 105 116 97 32 112 111 100 97 116 97 107 97 32 50 48 50 54 ]: Kod 2416
BAJT [97 32 105 32 122 97 115 116 105 116 97 32 112 111 100 97 116 97 107 97 32 50 48 50 54 46 10 75 111 109 112 114 101 115 105 106 97 32 105 32 122 97 115 116 105 116 97 32 112 111 100 97 116 97 107 97 32 50 48 50 54 46 ]: Kod 2445
BAJT [97 32 105 32 122 97 115 116 105 116 97 32 112 111 100 97 116 97 107 97 32 50 48 50 54 46 10 75 111 109 112 114 101 115 105 106 97 32 105 32 122 97 115 116 105 116 97 32 112 111 100 97 116 97 107 97 32 50 48 50 54 46 10 ]: Kod 2473
BAJT [97 32 105 32 122 97 115 116 105 116 97 32 112 111 100 97 116 97 107 97 32 50 48 50 54 46 10 75 111 109 112 114 101 115 105 106 97 32 105 32 122 97 115 116 105 116 97 32 112 111 100 97 116 97 107 97 32 50 48 50 54 46 10 75 ]: Kod 2488
BAJT [97 32 105 32 122 97 115 116 105 116 97 32 112 111 100 97 116 97 107 97 32 50 48 50 54 46 10 75 111 109 112 114 101 115 105 106 97 32 105 32 122 97 115 116 105 116 97 32 112 111 100 97 116 97 107 97 32 50 48 50 54 46 10 75 111 ]: Kod 2538
BAJT [97 32 105 32 122 97 115 116 105 116 97 32 112 111 100 97 116 97 107 97 32 50 48 50 54 46 10 75 111 109 112 114 101 115 105 106 97 32 105 32 122 97 115 116 105 116 97 32 112 111 100 97 116 97 107 97 32 50 48 50 54 46 10 75 111 109 ]: Kod 2566
BAJT [97 32 105 32 122 97 115 116 105 116 97 32 112 111 100 97 116 97 107 97 32 50 48 50 54 46 10 75 111 109 112 114 101 115 105 106 97 32 105 32 122 97 115 116 105 116 97 32 112 111 100 97 116 97 107 97 32 50 48 50 54 46 10 75 111 109 112 ]: Kod 2616
BAJT [97 32 105 32 122 97 115 116 105 116 97 32 112 111 100 97 116 97 107 97 32 50 48 50 54 46 10 75 111 109 112 114 101 115 105 106 97 32 105 32 122 97 115 116 105 116 97 32 112 111 100 97 116 97 107 97 32 50 48 50 54 46 10 75 111 109 112 114 ]: Kod 2622
BAJT [97 32 105 32 122 97 115 116 105 116 97 32 112 111 100 97 116 97 107 97 32 50 48 50 54 46 10 75 111 109 112 114 101 115 105 106 97 32 105 32 122 97 115 116 105 116 97 32 112 111 100 97 116 97 107 97 32 50 48 50 54 46 10 75 111 109 112 114 101 ]: Kod 2681
BAJT [97 32 105 32 122 97 115 116 105 116 97 32 112 111 100 97 116 97 107 97 32 50 48 50 54 46 10 75 111 109 112 114 101 115 105 106 97 32 105 32 122 97 115 116 105 116 97 32 112 111 100 97 116 97 107 97 32 50 48 50 54 46 10 75 111 109 112 114 101 115 ]: Kod 2710
BAJT [97 32 105 32 122 97 115 116 105 116 97 32 112 111 100 97 116 97 107 97 32 50 48 50 54 46 10 75 111 109 112 114 101 115 105 106 97 32 105 32 122 97 115 116 105 116 97 32 112 111 100 97 116 97 107 97 32 50 48 50 54 46 10 75 111 109 112 114 101 115 105 ]: Kod 2751
BAJT [97 32 105 32 122 97 115 116 105 116 97 32 112 111 100 97 116 97 107 97 32 50 48 50 54 46 10 75 111 109 112 114 101 115 105 106 97 32 105 32 122 97 115 116 105 116 97 32 112 111 100 97 116 97 107 97 32 50 48 50 54 46 10 75 111 109 112 114 101 115 105 106 ]: Kod 2797
BAJT [97 32 105 32 122 97 115 116 105 116 97 32 112 111 100 97 116 97 107 97 32 50 48 50 54 46 10 75 111 109 112 114 101 115 105 106 97 32 105 32 122 97 115 116 105 116 97 32 112 111 100 97 116 97 107 97 32 50 48 50 54 46 10 75 111 109 112 114 101 115 105 106 97 ]: Kod 2824
BAJT [97 32 105 32 122 97 115 116 105 116 97 32 112 111 100 97 116 97 107 97 32 50 48 50 54 46 10 75 111 109 112 114 101 115 105 106 97 32 105 32 122 97 115 116 105 116 97 32 112 111 100 97 116 97 107 97 32 50 48 50 54 46 10 75 111 109 112 114 101 115 105 106 97 32 ]: Kod 2825
BAJT [97 32 105 32 122 97 115 116 105 116 97 32 112 111 100 97 116 97 107 97 32 50 48 50 54 46 10 75 111 109 112 114 101 115 105 106 97 32 105 32 122 97 115 116 105 116 97 32 112 111 100 97 116 97 107 97 32 50 48 50 54 46 10 75 111 109 112 114 101 115 105 106 97 32 105 ]: Kod 2901
BAJT [97 32 105 32 122 97 115 116 105 116 97 32 112 111 100 97 116 97 107 97 32 50 48 50 54 46 10 75 111 109 112 114 101 115 105 106 97 32 105 32 122 97 115 116 105 116 97 32 112 111 100 97 116 97 107 97 32 50 48 50 54 46 10 75 111 109 112 114 101 115 105 106 97 32 105 32 ]: Kod 2920
BAJT [97 32 105 32 122 97 115 116 105 116 97 32 112 111 100 97 116 97 107 97 32 50 48 50 54 46 10 75 111 109 112 114 101 115 105 106 97 32 105 32 122 97 115 116 105 116 97 32 112 111 100 97 116 97 107 97 32 50 48 50 54 46 10 75 111 109 112 114 101 115 105 106 97 32 105 32 122 ]: Kod 2973
BAJT [97 32 105 32 122 97 115 116 105 116 97 32 112 111 100 97 116 97 107 97 32 50 48 50 54 46 10 75 111 109 112 114 101 115 105 106 97 32 105 32 122 97 115 116 105 116 97 32 112 111 100 97 116 97 107 97 32 50 48 50 54 46 10 75 111 109 112 114 101 115 105 106 97 32 105 32 122 97 ]: Kod 3013
BAJT [97 32 105 32 122 97 115 116 105 116 97 32 112 111 100 97 116 97 107 97 32 50 48 50 54 46 10 75 111 109 112 114 101 115 105 106 97 32 105 32 122 97 115 116 105 116 97 32 112 111 100 97 116 97 107 97 32 50 48 50 54 46 10 75 111 109 112 114 101 115 105 106 97 32 105 32 122 97 115 ]: Kod 3050
BAJT [97 32 105 32 122 97 115 116 105 116 97 32 112 111 100 97 116 97 107 97 32 50 48 50 54 46 10 75 111 109 112 114 101 115 105 106 97 32 105 32 122 97 115 116 105 116 97 32 112 111 100 97 116 97 107 97 32 50 48 50 54 46 10 75 111 109 112 114 101 115 105 106 97 32 105 32 122 97 115 116 ]: Kod 3083
BAJT [97 32 105 32 122 97 115 116 105 116 97 32 112 111 100 97 116 97 107 97 32 50 48 50 54 46 10 75 111 109 112 114 101 115 105 106 97 32 105 32 122 97 115 116 105 116 97 32 112 111 100 97 116 97 107 97 32 50 48 50 54 46 10 75 111 109 112 114 101 115 105 106 97 32 105 32 122 97 115 116 105 ]: Kod 3116
BAJT [97 32 105 32 122 97 115 116 105 116 97 32 112 111 100 97 116 97 107 97 32 50 48 50 54 46 10 75 111 109 112 114 101 115 105 106 97 32 105 32 122 97 115 116 105 116 97 32 112 111 100 97 116 97 107 97 32 50 48 50 54 46 10 75 111 109 112 114 101 115 105 106 97 32 105 32 122 97 115 116 105 116 ]: Kod 3134
BAJT [97 32 105 32 122 97 115 116 105 116 97 32 112 111 100 97 116 97 107 97 32 50 48 50 54 46 10 75 111 109 112 114 101 115 105 106 97 32 105 32 122 97 115 116 105 116 97 32 112 111 100 97 116 97 107 97 32 50 48 50 54 46 10 75 111 109 112 114 101 115 105 106 97 32 105 32 122 97 115 116 105 116 97 ]: Kod 3181
BAJT [97 32 105 32 122 97 115 116 105 116 97 32 112 111 100 97 116 97 107 97 32 50 48 50 54 46 10 75 111 109 112 114 101 115 105 106 97 32 105 32 122 97 115 116 105 116 97 32 112 111 100 97 116 97 107 97 32 50 48 50 54 46 10 75 111 109 112 114 101 115 105 106 97 32 105 32 122 97 115 116 105 116 97 32 ]: Kod 3222
BAJT [97 32 105 32 122 97 115 116 105 116 97 32 112 111 100 97 116 97 107 97 32 50 48 50 54 46 10 75 111 109 112 114 101 115 105 106 97 32 105 32 122 97 115 116 105 116 97 32 112 111 100 97 116 97 107 97 32 50 48 50 54 46 10 75 111 109 112 114 101 115 105 106 97 32 105 32 122 97 115 116 105 116 97 32 112 ]: Kod 3277
BAJT [97 32 105 32 122 97 115 116 105 116 97 32 112 111 100 97 116 97 107 97 32 50 48 50 54 46 10 75 111 109 112 114 101 115 105 106 97 32 105 32 122 97 115 116 105 116 97 32 112 111 100 97 116 97 107 97 32 50 48 50 54 46 10 75 111 109 112 114 101 115 105 106 97 32 105 32 122 97 115 116 105 116 97 32 112 111 ]: Kod 3297
BAJT [97 32 105 32 122 97 115 116 105 116 97 32 112 111 100 97 116 97 107 97 32 50 48 50 54 46 10 75 111 109 112 114 101 115 105 106 97 32 105 32 122 97 115 116 105 116 97 32 112 111 100 97 116 97 107 97 32 50 48 50 54 46 10 75 111 109 112 114 101 115 105 106 97 32 105 32 122 97 115 116 105 116 97 32 112 111 100 ]: Kod 3329
BAJT [97 32 105 32 122 97 115 116 105 116 97 32 112 111 100 97 116 97 107 97 32 50 48 50 54 46 10 75 111 109 112 114 101 115 105 106 97 32 105 32 122 97 115 116 105 116 97 32 112 111 100 97 116 97 107 97 32 50 48 50 54 46 10 75 111 109 112 114 101 115 105 106 97 32 105 32 122 97 115 116 105 116 97 32 112 111 100 97 ]: Kod 3352
BAJT [97 32 105 32 122 97 115 116 105 116 97 32 112 111 100 97 116 97 107 97 32 50 48 50 54 46 10 75 111 109 112 114 101 115 105 106 97 32 105 32 122 97 115 116 105 116 97 32 112 111 100 97 116 97 107 97 32 50 48 50 54 46 10 75 111 109 112 114 101 115 105 106 97 32 105 32 122 97 115 116 105 116 97 32 112 111 100 97 116 ]: Kod 3390
BAJT [97 32 105 32 122 97 115 116 105 116 97 32 112 111 100 97 116 97 107 97 32 50 48 50 54 46 10 75 111 109 112 114 101 115 105 106 97 32 105 32 122 97 115 116 105 116 97 32 112 111 100 97 116 97 107 97 32 50 48 50 54 46 10 75 111 109 112 114 101 115 105 106 97 32 105 32 122 97 115 116 105 116 97 32 112 111 100 97 116 97 ]: Kod 3449
BAJT [97 32 105 32 122 97 115 116 105 116 97 32 112 111 100 97 116 97 107 97 32 50 48 50 54 46 10 75 111 109 112 114 101 115 105 106 97 32 105 32 122 97 115 116 105 116 97 32 112 111 100 97 116 97 107 97 32 50 48 50 54 46 10 75 111 109 112 114 101 115 105 106 97 32 105 32 122 97 115 116 105 116 97 32 112 111 100 97 116 97 107 ]: Kod 3485
BAJT [97 32 105 32 122 97 115 116 105 116 97 32 112 111 100 97 116 97 107 97 32 50 48 50 54 46 10 75 111 109 112 114 101 115 105 106 97 32 105 32 122 97 115 116 105 116 97 32 112 111 100 97 116 97 107 97 32 50 48 50 54 46 10 75 111 109 112 114 101 115 105 106 97 32 105 32 122 97 115 116 105 116 97 32 112 111 100 97 116 97 107 97 ]: Kod 3520
BAJT [97 32 105 32 122 97 115 116 105 116 97 32 112 111 100 97 116 97 107 97 32 50 48 50 54 46 10 75 111 109 112 114 101 115 105 106 97 32 105 32 122 97 115 116 105 116 97 32 112 111 100 97 116 97 107 97 32 50 48 50 54 46 10 75 111 109 112 114 101 115 105 106 97 32 105 32 122 97 115 116 105 116 97 32 112 111 100 97 116 97 107 97 32 ]: Kod 3560
BAJT [97 32 105 32 122 97 115 116 105 116 97 32 112 111 100 97 116 97 107 97 32 50 48 50 54 46 10 75 111 109 112 114 101 115 105 106 97 32 105 32 122 97 115 116 105 116 97 32 112 111 100 97 116 97 107 97 32 50 48 50 54 46 10 75 111 109 112 114 101 115 105 106 97 32 105 32 122 97 115 116 105 116 97 32 112 111 100 97 116 97 107 97 32 50 ]: Kod 3574
BAJT [97 32 105 32 122 97 115 116 105 116 97 32 112 111 100 97 116 97 107 97 32 50 48 50 54 46 10 75 111 109 112 114 101 115 105 106 97 32 105 32 122 97 115 116 105 116 97 32 112 111 100 97 116 97 107 97 32 50 48 50 54 46 10 75 111 109 112 114 101 115 105 106 97 32 105 32 122 97 115 116 105 116 97 32 112 111 100 97 116 97 107 97 32 50 48 ]: Kod 3621
BAJT [97 32 105 32 122 97 115 116 105 116 97 32 112 111 100 97 116 97 107 97 32 50 48 50 54 46 10 75 111 109 112 114 101 115 105 106 97 32 105 32 122 97 115 116 105 116 97 32 112 111 100 97 116 97 107 97 32 50 48 50 54 46 10 75 111 109 112 114 101 115 105 106 97 32 105 32 122 97 115 116 105 116 97 32 112 111 100 97 116 97 107 97 32 50 48 50 ]: Kod 3664
BAJT [97 32 105 32 122 97 115 116 105 116 97 32 112 111 100 97 116 97 107 97 32 50 48 50 54 46 10 75 111 109 112 114 101 115 105 106 97 32 105 32 122 97 115 116 105 116 97 32 112 111 100 97 116 97 107 97 32 50 48 50 54 46 10 75 111 109 112 114 101 115 105 106 97 32 105 32 122 97 115 116 105 116 97 32 112 111 100 97 116 97 107 97 32 50 48 50 54 ]: Kod 3712
BAJT [97 32 105 32 122 97 115 116 105 116 97 32 112 111 100 97 116 97 107 97 32 50 48 50 54 46 10 75 111 109 112 114 101 115 105 106 97 32 105 32 122 97 115 116 105 116 97 32 112 111 100 97 116 97 107 97 32 50 48 50 54 46 10 75 111 109 112 114 101 115 105 106 97 32 105 32 122 97 115 116 105 116 97 32 112 111 100 97 116 97 107 97 32 50 48 50 54 46 ]: Kod 3741
BAJT [97 32 105 32 122 97 115 116 105 116 97 32 112 111 100 97 116 97 107 97 32 50 48 50 54 46 10 75 111 109 112 114 101 115 105 106 97 32 105 32 122 97 115 116 105 116 97 32 112 111 100 97 116 97 107 97 32 50 48 50 54 46 10 75 111 109 112 114 101 115 105 106 97 32 105 32 122 97 115 116 105 116 97 32 112 111 100 97 116 97 107 97 32 50 48 50 54 46 10 ]: Kod 3769
BAJT [97 32 105 32 122 97 115 116 105 116 97 32 112 111 100 97 116 97 107 97 32 50 48 50 54 46 10 75 111 109 112 114 101 115 105 106 97 32 105 32 122 97 115 116 105 116 97 32 112 111 100 97 116 97 107 97 32 50 48 50 54 46 10 75 111 109 112 114 101 115 105 106 97 32 105 32 122 97 115 116 105 116 97 32 112 111 100 97 116 97 107 97 32 50 48 50 54 46 10 75 ]: Kod 3784
BAJT [97 32 105 32 122 97 115 116 105 116 97 32 112 111 100 97 116 97 107 97 32 50 48 50 54 46 10 75 111 109 112 114 101 115 105 106 97 32 105 32 122 97 115 116 105 116 97 32 112 111 100 97 116 97 107 97 32 50 48 50 54 46 10 75 111 109 112 114 101 115 105 106 97 32 105 32 122 97 115 116 105 116 97 32 112 111 100 97 116 97 107 97 32 50 48 50 54 46 10 75 111 ]: Kod 3834
BAJT [97 32 105 32 122 97 115 116 105 116 97 32 112 111 100 97 116 97 107 97 32 50 48 50 54 46 10 75 111 109 112 114 101 115 105 106 97 32 105 32 122 97 115 116 105 116 97 32 112 111 100 97 116 97 107 97 32 50 48 50 54 46 10 75 111 109 112 114 101 115 105 106 97 32 105 32 122 97 115 116 105 116 97 32 112 111 100 97 116 97 107 97 32 50 48 50 54 46 10 75 111 109 ]: Kod 3862
BAJT [97 32 105 32 122 97 115 116 105 116 97 32 112 111 100 97 116 97 107 97 32 50 48 50 54 46 10 75 111 109 112 114 101 115 105 106 97 32 105 32 122 97 115 116 105 116 97 32 112 111 100 97 116 97 107 97 32 50 48 50 54 46 10 75 111 109 112 114 101 115 105 106 97 32 105 32 122 97 115 116 105 116 97 32 112 111 100 97 116 97 107 97 32 50 48 50 54 46 10 75 111 109 112 ]: Kod 3912
BAJT [97 32 105 32 122 97 115 116 105 116 97 32 112 111 100 97 116 97 107 97 32 50 48 50 54 46 10 75 111 109 112 114 101 115 105 106 97 32 105 32 122 97 115 116 105 116 97 32 112 111 100 97 116 97 107 97 32 50 48 50 54 46 10 75 111 109 112 114 101 115 105 106 97 32 105 32 122 97 115 116 105 116 97 32 112 111 100 97 116 97 107 97 32 50 48 50 54 46 10 75 111 109 112 114 ]: Kod 3918
BAJT [97 32 105 32 122 97 115 116 105 116 97 32 112 111 100 97 116 97 107 97 32 50 48 50 54 46 10 75 111 109 112 114 101 115 105 106 97 32 105 32 122 97 115 116 105 116 97 32 112 111 100 97 116 97 107 97 32 50 48 50 54 46 10 75 111 109 112 114 101 115 105 106 97 32 105 32 122 97 115 116 105 116 97 32 112 111 100 97 116 97 107 97 32 50 48 50 54 46 10 75 111 109 112 114 101 ]: Kod 3977
BAJT [97 32 105 32 122 97 115 116 105 116 97 32 112 111 100 97 116 97 107 97 32 50 48 50 54 46 10 75 111 109 112 114 101 115 105 106 97 32 105 32 122 97 115 116 105 116 97 32 112 111 100 97 116 97 107 97 32 50 48 50 54 46 10 75 111 109 112 114 101 115 105 106 97 32 105 32 122 97 115 116 105 116 97 32 112 111 100 97 116 97 107 97 32 50 48 50 54 46 10 75 111 109 112 114 101 115 ]: Kod 4006
BAJT [97 32 105 32 122 97 115 116 105 116 97 32 112 111 100 97 116 97 107 97 32 50 48 50 54 46 10 75 111 109 112 114 101 115 105 106 97 32 105 32 122 97 115 116 105 116 97 32 112 111 100 97 116 97 107 97 32 50 48 50 54 46 10 75 111 109 112 114 101 115 105 106 97 32 105 32 122 97 115 116 105 116 97 32 112 111 100 97 116 97 107 97 32 50 48 50 54 46 10 75 111 109 112 114 101 115 105 ]: Kod 4047
BAJT [97 32 105 32 122 97 115 116 105 116 97 32 112 111 100 97 116 97 107 97 32 50 48 50 54 46 10 75 111 109 112 114 101 115 105 106 97 32 105 32 122 97 115 116 105 116 97 32 112 111 100 97 116 97 107 97 32 50 48 50 54 46 10 75 111 109 112 114 101 115 105 106 97 32 105 32 122 97 115 116 105 116 97 32 112 111 100 97 116 97 107 97 32 50 48 50 54 46 10 75 111 109 112 114 101 115 105 106 ]: Kod 4093
BAJT [97 32 112 ]: Kod 275
BAJT [97 32 112 111 ]: Kod 316
BAJT [97 32 112 111 100 ]: Kod 343
BAJT [97 32 112 111 100 97 ]: Kod 375
BAJT [97 32 112 111 100 97 116 ]: Kod 423
BAJT [97 32 112 111 100 97 116 97 ]: Kod 442
BAJT [97 32 112 111 100 97 116 97 107 ]: Kod 507
BAJT [97 32 112 111 100 97 116 97 107 97 ]: Kod 521
BAJT [97 32 112 111 100 97 116 97 107 97 32 ]: Kod 547
BAJT [97 32 112 111 100 97 116 97 107 97 32 50 ]: Kod 590
BAJT [97 32 112 111 100 97 116 97 107 97 32 50 48 ]: Kod 618
BAJT [97 32 112 111 100 97 116 97 107 97 32 50 48 50 ]: Kod 677
BAJT [97 32 112 111 100 97 116 97 107 97 32 50 48 50 54 ]: Kod 683
BAJT [97 32 112 111 100 97 116 97 107 97 32 50 48 50 54 46 ]: Kod 730
BAJT [97 32 112 111 100 97 116 97 107 97 32 50 48 50 54 46 10 ]: Kod 787
BAJT [97 32 112 111 100 97 116 97 107 97 32 50 48 50 54 46 10 75 ]: Kod 828
BAJT [97 32 112 111 100 97 116 97 107 97 32 50 48 50 54 46 10 75 111 ]: Kod 864
BAJT [97 32 112 111 100 97 116 97 107 97 32 50 48 50 54 46 10 75 111 109 ]: Kod 868
BAJT [97 32 112 111 100 97 116 97 107 97 32 50 48 50 54 46 10 75 111 109 112 ]: Kod 872
BAJT [97 32 112 111 100 97 116 97 107 97 32 50 48 50 54 46 10 75 111 109 112 114 ]: Kod 947
BAJT [97 32 112 111 100 97 116 97 107 97 32 50 48 50 54 46 10 75 111 109 112 114 101 ]: Kod 1003
BAJT [97 32 112 111 100 97 116 97 107 97 32 50 48 50 54 46 10 75 111 109 112 114 101 115 ]: Kod 1023
BAJT [97 32 112 111 100 97 116 97 107 97 32 50 48 50 54 46 10 75 111 109 112 114 101 115 105 ]: Kod 1074
BAJT [97 32 112 111 100 97 116 97 107 97 32 50 48 50 54 46 10 75 111 109 112 114 101 115 105 106 ]: Kod 1110
BAJT [97 32 112 111 100 97 116 97 107 97 32 50 48 50 54 46 10 75 111 109 112 114 101 115 105 106 97 ]: Kod 1148
BAJT [97 32 112 111 100 97 116 97 107 97 32 50 48 50 54 46 10 75 111 109 112 114 101 115 105 106 97 32 ]: Kod 1187
BAJT [97 32 112 111 100 97 116 97 107 97 32 50 48 50 54 46 10 75 111 109 112 114 101 115 105 106 97 32 105 ]: Kod 1232
BAJT [97 32 112 111 100 97 116 97 107 97 32 50 48 50 54 46 10 75 111 109 112 114 101 115 105 106 97 32 105 32 ]: Kod 1254
BAJT [97 32 112 111 100 97 116 97 107 97 32 50 48 50 54 46 10 75 111 109 112 114 101 115 105 106 97 32 105 32 122 ]: Kod 1279
BAJT [97 32 112 111 100 97 116 97 107 97 32 50 48 50 54 46 10 75 111 109 112 114 101 115 105 106 97 32 105 32 122 97 ]: Kod 1312
BAJT [97 32 112 111 100 97 116 97 107 97 32 50 48 50 54 46 10 75 111 109 112 114 101 115 105 106 97 32 105 32 122 97 115 ]: Kod 1358
BAJT [97 32 112 111 100 97 116 97 107 97 32 50 48 50 54 46 10 75 111 109 112 114 101 115 105 106 97 32 105 32 122 97 115 116 ]: Kod 1400
BAJT [97 32 112 111 100 97 116 97 107 97 32 50 48 50 54 46 10 75 111 109 112 114 101 115 105 106 97 32 105 32 122 97 115 116 105 ]: Kod 1423
BAJT [97 32 112 111 100 97 116 97 107 97 32 50 48 50 54 46 10 75 111 109 112 114 101 115 105 106 97 32 105 32 122 97 115 116 105 116 ]: Kod 1467
BAJT [97 32 112 111 100 97 116 97 107 97 32 50 48 50 54 46 10 75 111 109 112 114 101 115 105 106 97 32 105 32 122 97 115 116 105 116 97 ]: Kod 1548
BAJT [97 32 112 111 100 97 116 97 107 97 32 50 48 50 54 46 10 75 111 109 112 114 101 115 105 106 97 32 105 32 122 97 115 116 105 116 97 32 ]: Kod 1549
BAJT [97 32 112 111 100 97 116 97 107 97 32 50 48 50 54 46 10 75 111 109 112 114 101 115 105 106 97 32 105 32 122 97 115 116 105 116 97 32 112 ]: Kod 1551
BAJT [97 32 112 111 100 97 116 97 107 97 32 50 48 50 54 46 10 75 111 109 112 114 101 115 105 106 97 32 105 32 122 97 115 116 105 116 97 32 112 111 ]: Kod 1610
BAJT [97 32 112 111 100 97 116 97 107 97 32 50 48 50 54 46 10 75 111 109 112 114 101 115 105 106 97 32 105 32 122 97 115 116 105 116 97 32 112 111 100 ]: Kod 1639
BAJT [97 32 112 111 100 97 116 97 107 97 32 50 48 50 54 46 10 75 111 109 112 114 101 115 105 106 97 32 105 32 122 97 115 116 105 116 97 32 112 111 100 97 ]: Kod 1671
BAJT [97 32 112 111 100 97 116 97 107 97 32 50 48 50 54 46 10 75 111 109 112 114 101 115 105 106 97 32 105 32 122 97 115 116 105 116 97 32 112 111 100 97 116 ]: Kod 1719
BAJT [97 32 112 111 100 97 116 97 107 97 32 50 48 50 54 46 10 75 111 109 112 114 101 115 105 106 97 32 105 32 122 97 115 116 105 116 97 32 112 111 100 97 116 97 ]: Kod 1738
BAJT [97 32 112 111 100 97 116 97 107 97 32 50 48 50 54 46 10 75 111 109 112 114 101 115 105 106 97 32 105 32 122 97 115 116 105 116 97 32 112 111 100 97 116 97 107 ]: Kod 1803
BAJT [97 32 112 111 100 97 116 97 107 97 32 50 48 50 54 46 10 75 111 109 112 114 101 115 105 106 97 32 105 32 122 97 115 116 105 116 97 32 112 111 100 97 116 97 107 97 ]: Kod 1817
BAJT [97 32 112 111 100 97 116 97 107 97 32 50 48 50 54 46 10 75 111 109 112 114 101 115 105 106 97 32 105 32 122 97 115 116 105 116 97 32 112 111 100 97 116 97 107 97 32 ]: Kod 1843
BAJT [97 32 112 111 100 97 116 97 107 97 32 50 48 50 54 46 10 75 111 109 112 114 101 115 105 106 97 32 105 32 122 97 115 116 105 116 97 32 112 111 100 97 116 97 107 97 32 50 ]: Kod 1886
BAJT [97 32 112 111 100 97 116 97 107 97 32 50 48 50 54 46 10 75 111 109 112 114 101 115 105 106 97 32 105 32 122 97 115 116 105 116 97 32 112 111 100 97 116 97 107 97 32 50 48 ]: Kod 1914
BAJT [97 32 112 111 100 97 116 97 107 97 32 50 48 50 54 46 10 75 111 109 112 114 101 115 105 106 97 32 105 32 122 97 115 116 105 116 97 32 112 111 100 97 116 97 107 97 32 50 48 50 ]: Kod 1973
BAJT [97 32 112 111 100 97 116 97 107 97 32 50 48 50 54 46 10 75 111 109 112 114 101 115 105 106 97 32 105 32 122 97 115 116 105 116 97 32 112 111 100 97 116 97 107 97 32 50 48 50 54 ]: Kod 1979
BAJT [97 32 112 111 100 97 116 97 107 97 32 50 48 50 54 46 10 75 111 109 112 114 101 115 105 106 97 32 105 32 122 97 115 116 105 116 97 32 112 111 100 97 116 97 107 97 32 50 48 50 54 46 ]: Kod 2026
BAJT [97 32 112 111 100 97 116 97 107 97 32 50 48 50 54 46 10 75 111 109 112 114 101 115 105 106 97 32 105 32 122 97 115 116 105 116 97 32 112 111 100 97 116 97 107 97 32 50 48 50 54 46 10 ]: Kod 2083
BAJT [97 32 112 111 100 97 116 97 107 97 32 50 48 50 54 46 10 75 111 109 112 114 101 115 105 106 97 32 105 32 122 97 115 116 105 116 97 32 112 111 100 97 116 97 107 97 32 50 48 50 54 46 10 75 ]: Kod 2124
BAJT [97 32 112 111 100 97 116 97 107 97 32 50 48 50 54 46 10 75 111 109 112 114 101 115 105 106 97 32 105 32 122 97 115 116 105 116 97 32 112 111 100 97 116 97 107 97 32 50 48 50 54 46 10 75 111 ]: Kod 2160
BAJT [97 32 112 111 100 97 116 97 107 97 32 50 48 50 54 46 10 75 111 109 112 114 101 115 105 106 97 32 105 32 122 97 115 116 105 116 97 32 112 111 100 97 116 97 107 97 32 50 48 50 54 46 10 75 111 109 ]: Kod 2164
BAJT [97 32 112 111 100 97 116 97 107 97 32 50 48 50 54 46 10 75 111 109 112 114 101 115 105 106 97 32 105 32 122 97 115 116 105 116 97 32 112 111 100 97 116 97 107 97 32 50 48 50 54 46 10 75 111 109 112 ]: Kod 2168
BAJT [97 32 112 111 100 97 116 97 107 97 32 50 48 50 54 46 10 75 111 109 112 114 101 115 105 106 97 32 105 32 122 97 115 116 105 116 97 32 112 111 100 97 116 97 107 97 32 50 48 50 54 46 10 75 111 109 112 114 ]: Kod 2243
BAJT [97 32 112 111 100 97 116 97 107 97 32 50 48 50 54 46 10 75 111 109 112 114 101 115 105 106 97 32 105 32 122 97 115 116 105 116 97 32 112 111 100 97 116 97 107 97 32 50 48 50 54 46 10 75 111 109 112 114 101 ]: Kod 2299
BAJT [97 32 112 111 100 97 116 97 107 97 32 50 48 50 54 46 10 75 111 109 112 114 101 115 105 106 97 32 105 32 122 97 115 116 105 116 97 32 112 111 100 97 116 97 107 97 32 50 48 50 54 46 10 75 111 109 112 114 101 115 ]: Kod 2319
BAJT [97 32 112 111 100 97 116 97 107 97 32 50 48 50 54 46 10 75 111 109 112 114 101 115 105 106 97 32 105 32 122 97 115 116 105 116 97 32 112 111 100 97 116 97 107 97 32 50 48 50 54 46 10 75 111 109 112 114 101 115 105 ]: Kod 2370
BAJT [97 32 112 111 100 97 116 97 107 97 32 50 48 50 54 46 10 75 111 109 112 114 101 115 105 106 97 32 105 32 122 97 115 116 105 116 97 32 112 111 100 97 116 97 107 97 32 50 48 50 54 46 10 75 111 109 112 114 101 115 105 106 ]: Kod 2406
BAJT [97 32 112 111 100 97 116 97 107 97 32 50 48 50 54 46 10 75 111 109 112 114 101 115 105 106 97 32 105 32 122 97 115 116 105 116 97 32 112 111 100 97 116 97 107 97 32 50 48 50 54 46 10 75 111 109 112 114 101 115 105 106 97 ]: Kod 2444
BAJT [97 32 112 111 100 97 116 97 107 97 32 50 48 50 54 46 10 75 111 109 112 114 101 115 105 106 97 32 105 32 122 97 115 116 105 116 97 32 112 111 100 97 116 97 107 97 32 50 48 50 54 46 10 75 111 109 112 114 101 115 105 106 97 32 ]: Kod 2483
BAJT [97 32 112 111 100 97 116 97 107 97 32 50 48 50 54 46 10 75 111 109 112 114 101 115 105 106 97 32 105 32 122 97 115 116 105 116 97 32 112 111 100 97 116 97 107 97 32 50 48 50 54 46 10 75 111 109 112 114 101 115 105 106 97 32 105 ]: Kod 2528
BAJT [97 32 112 111 100 97 116 97 107 97 32 50 48 50 54 46 10 75 111 109 112 114 101 115 105 106 97 32 105 32 122 97 115 116 105 116 97 32 112 111 100 97 116 97 107 97 32 50 48 50 54 46 10 75 111 109 112 114 101 115 105 106 97 32 105 32 ]: Kod 2550
BAJT [97 32 112 111 100 97 116 97 107 97 32 50 48 50 54 46 10 75 111 109 112 114 101 115 105 106 97 32 105 32 122 97 115 116 105 116 97 32 112 111 100 97 116 97 107 97 32 50 48 50 54 46 10 75 111 109 112 114 101 115 105 106 97 32 105 32 122 ]: Kod 2575
BAJT [97 32 112 111 100 97 116 97 107 97 32 50 48 50 54 46 10 75 111 109 112 114 101 115 105 106 97 32 105 32 122 97 115 116 105 116 97 32 112 111 100 97 116 97 107 97 32 50 48 50 54 46 10 75 111 109 112 114 101 115 105 106 97 32 105 32 122 97 ]: Kod 2608
BAJT [97 32 112 111 100 97 116 97 107 97 32 50 48 50 54 46 10 75 111 109 112 114 101 115 105 106 97 32 105 32 122 97 115 116 105 116 97 32 112 111 100 97 116 97 107 97 32 50 48 50 54 46 10 75 111 109 112 114 101 115 105 106 97 32 105 32 122 97 115 ]: Kod 2654
BAJT [97 32 112 111 100 97 116 97 107 97 32 50 48 50 54 46 10 75 111 109 112 114 101 115 105 106 97 32 105 32 122 97 115 116 105 116 97 32 112 111 100 97 116 97 107 97 32 50 48 50 54 46 10 75 111 109 112 114 101 115 105 106 97 32 105 32 122 97 115 116 ]: Kod 2696
BAJT [97 32 112 111 100 97 116 97 107 97 32 50 48 50 54 46 10 75 111 109 112 114 101 115 105 106 97 32 105 32 122 97 115 116 105 116 97 32 112 111 100 97 116 97 107 97 32 50 48 50 54 46 10 75 111 109 112 114 101 115 105 106 97 32 105 32 122 97 115 116 105 ]: Kod 2719
BAJT [97 32 112 111 100 97 116 97 107 97 32 50 48 50 54 46 10 75 111 109 112 114 101 115 105 106 97 32 105 32 122 97 115 116 105 116 97 32 112 111 100 97 116 97 107 97 32 50 48 50 54 46 10 75 111 109 112 114 101 115 105 106 97 32 105 32 122 97 115 116 105 116 ]: Kod 2763
BAJT [97 32 112 111 100 97 116 97 107 97 32 50 48 50 54 46 10 75 111 109 112 114 101 115 105 106 97 32 105 32 122 97 115 116 105 116 97 32 112 111 100 97 116 97 107 97 32 50 48 50 54 46 10 75 111 109 112 114 101 115 105 106 97 32 105 32 122 97 115 116 105 116 97 ]: Kod 2844
BAJT [97 32 112 111 100 97 116 97 107 97 32 50 48 50 54 46 10 75 111 109 112 114 101 115 105 106 97 32 105 32 122 97 115 116 105 116 97 32 112 111 100 97 116 97 107 97 32 50 48 50 54 46 10 75 111 109 112 114 101 115 105 106 97 32 105 32 122 97 115 116 105 116 97 32 ]: Kod 2845
BAJT [97 32 112 111 100 97 116 97 107 97 32 50 48 50 54 46 10 75 111 109 112 114 101 115 105 106 97 32 105 32 122 97 115 116 105 116 97 32 112 111 100 97 116 97 107 97 32 50 48 50 54 46 10 75 111 109 112 114 101 115 105 106 97 32 105 32 122 97 115 116 105 116 97 32 112 ]: Kod 2847
BAJT [97 32 112 111 100 97 116 97 107 97 32 50 48 50 54 46 10 75 111 109 112 114 101 115 105 106 97 32 105 32 122 97 115 116 105 116 97 32 112 111 100 97 116 97 107 97 32 50 48 50 54 46 10 75 111 109 112 114 101 115 105 106 97 32 105 32 122 97 115 116 105 116 97 32 112 111 ]: Kod 2906
BAJT [97 32 112 111 100 97 116 97 107 97 32 50 48 50 54 46 10 75 111 109 112 114 101 115 105 106 97 32 105 32 122 97 115 116 105 116 97 32 112 111 100 97 116 97 107 97 32 50 48 50 54 46 10 75 111 109 112 114 101 115 105 106 97 32 105 32 122 97 115 116 105 116 97 32 112 111 100 ]: Kod 2935
BAJT [97 32 112 111 100 97 116 97 107 97 32 50 48 50 54 46 10 75 111 109 112 114 101 115 105 106 97 32 105 32 122 97 115 116 105 116 97 32 112 111 100 97 116 97 107 97 32 50 48 50 54 46 10 75 111 109 112 114 101 115 105 106 97 32 105 32 122 97 115 116 105 116 97 32 112 111 100 97 ]: Kod 2967
BAJT [97 32 112 111 100 97 116 97 107 97 32 50 48 50 54 46 10 75 111 109 112 114 101 115 105 106 97 32 105 32 122 97 115 116 105 116 97 32 112 111 100 97 116 97 107 97 32 50 48 50 54 46 10 75 111 109 112 114 101 115 105 106 97 32 105 32 122 97 115 116 105 116 97 32 112 111 100 97 116 ]: Kod 3015
BAJT [97 32 112 111 100 97 116 97 107 97 32 50 48 50 54 46 10 75 111 109 112 114 101 115 105 106 97 32 105 32 122 97 115 116 105 116 97 32 112 111 100 97 116 97 107 97 32 50 48 50 54 46 10 75 111 109 112 114 101 115 105 106 97 32 105 32 122 97 115 116 105 116 97 32 112 111 100 97 116 97 ]: Kod 3034
BAJT [97 32 112 111 100 97 116 97 107 97 32 50 48 50 54 46 10 75 111 109 112 114 101 115 105 106 97 32 105 32 122 97 115 116 105 116 97 32 112 111 100 97 116 97 107 97 32 50 48 50 54 46 10 75 111 109 112 114 101 115 105 106 97 32 105 32 122 97 115 116 105 116 97 32 112 111 100 97 116 97 107 ]: Kod 3099
BAJT [97 32 112 111 100 97 116 97 107 97 32 50 48 50 54 46 10 75 111 109 112 114 101 115 105 106 97 32 105 32 122 97 115 116 105 116 97 32 112 111 100 97 116 97 107 97 32 50 48 50 54 46 10 75 111 109 112 114 101 115 105 106 97 32 105 32 122 97 115 116 105 116 97 32 112 111 100 97 116 97 107 97 ]: Kod 3113
BAJT [97 32 112 111 100 97 116 97 107 97 32 50 48 50 54 46 10 75 111 109 112 114 101 115 105 106 97 32 105 32 122 97 115 116 105 116 97 32 112 111 100 97 116 97 107 97 32 50 48 50 54 46 10 75 111 109 112 114 101 115 105 106 97 32 105 32 122 97 115 116 105 116 97 32 112 111 100 97 116 97 107 97 32 ]: Kod 3139
BAJT [97 32 112 111 100 97 116 97 107 97 32 50 48 50 54 46 10 75 111 109 112 114 101 115 105 106 97 32 105 32 122 97 115 116 105 116 97 32 112 111 100 97 116 97 107 97 32 50 48 50 54 46 10 75 111 109 112 114 101 115 105 106 97 32 105 32 122 97 115 116 105 116 97 32 112 111 100 97 116 97 107 97 32 50 ]: Kod 3182
BAJT [97 32 112 111 100 97 116 97 107 97 32 50 48 50 54 46 10 75 111 109 112 114 101 115 105 106 97 32 105 32 122 97 115 116 105 116 97 32 112 111 100 97 116 97 107 97 32 50 48 50 54 46 10 75 111 109 112 114 101 115 105 106 97 32 105 32 122 97 115 116 105 116 97 32 112 111 100 97 116 97 107 97 32 50 48 ]: Kod 3210
BAJT [97 32 112 111 100 97 116 97 107 97 32 50 48 50 54 46 10 75 111 109 112 114 101 115 105 106 97 32 105 32 122 97 115 116 105 116 97 32 112 111 100 97 116 97 107 97 32 50 48 50 54 46 10 75 111 109 112 114 101 115 105 106 97 32 105 32 122 97 115 116 105 116 97 32 112 111 100 97 116 97 107 97 32 50 48 50 ]: Kod 3269
BAJT [97 32 112 111 100 97 116 97 107 97 32 50 48 50 54 46 10 75 111 109 112 114 101 115 105 106 97 32 105 32 122 97 115 116 105 116 97 32 112 111 100 97 116 97 107 97 32 50 48 50 54 46 10 75 111 109 112 114 101 115 105 106 97 32 105 32 122 97 115 116 105 116 97 32 112 111 100 97 116 97 107 97 32 50 48 50 54 ]: Kod 3275
BAJT [97 32 112 111 100 97 116 97 107 97 32 50 48 50 54 46 10 75 111 109 112 114 101 115 105 106 97 32 105 32 122 97 115 116 105 116 97 32 112 111 100 97 116 97 107 97 32 50 48 50 54 46 10 75 111 109 112 114 101 115 105 106 97 32 105 32 122 97 115 116 105 116 97 32 112 111 100 97 116 97 107 97 32 50 48 50 54 46 ]: Kod 3322
BAJT [97 32 112 111 100 97 116 97 107 97 32 50 48 50 54 46 10 75 111 109 112 114 101 115 105 106 97 32 105 32 122 97 115 116 105 116 97 32 112 111 100 97 116 97 107 97 32 50 48 50 54 46 10 75 111 109 112 114 101 115 105 106 97 32 105 32 122 97 115 116 105 116 97 32 112 111 100 97 116 97 107 97 32 50 48 50 54 46 10 ]: Kod 3379
BAJT [97 32 112 111 100 97 116 97 107 97 32 50 48 50 54 46 10 75 111 109 112 114 101 115 105 106 97 32 105 32 122 97 115 116 105 116 97 32 112 111 100 97 116 97 107 97 32 50 48 50 54 46 10 75 111 109 112 114 101 115 105 106 97 32 105 32 122 97 115 116 105 116 97 32 112 111 100 97 116 97 107 97 32 50 48 50 54 46 10 75 ]: Kod 3420
BAJT [97 32 112 111 100 97 116 97 107 97 32 50 48 50 54 46 10 75 111 109 112 114 101 115 105 106 97 32 105 32 122 97 115 116 105 116 97 32 112 111 100 97 116 97 107 97 32 50 48 50 54 46 10 75 111 109 112 114 101 115 105 106 97 32 105 32 122 97 115 116 105 116 97 32 112 111 100 97 116 97 107 97 32 50 48 50 54 46 10 75 111 ]: Kod 3456
BAJT [97 32 112 111 100 97 116 97 107 97 32 50 48 50 54 46 10 75 111 109 112 114 101 115 105 106 97 32 105 32 122 97 115 116 105 116 97 32 112 111 100 97 116 97 107 97 32 50 48 50 54 46 10 75 111 109 112 114 101 115 105 106 97 32 105 32 122 97 115 116 105 116 97 32 112 111 100 97 116 97 107 97 32 50 48 50 54 46 10 75 111 109 ]: Kod 3460
BAJT [97 32 112 111 100 97 116 97 107 97 32 50 48 50 54 46 10 75 111 109 112 114 101 115 105 106 97 32 105 32 122 97 115 116 105 116 97 32 112 111 100 97 116 97 107 97 32 50 48 50 54 46 10 75 111 109 112 114 101 115 105 106 97 32 105 32 122 97 115 116 105 116 97 32 112 111 100 97 116 97 107 97 32 50 48 50 54 46 10 75 111 109 112 ]: Kod 3464
BAJT [97 32 112 111 100 97 116 97 107 97 32 50 48 50 54 46 10 75 111 109 112 114 101 115 105 106 97 32 105 32 122 97 115 116 105 116 97 32 112 111 100 97 116 97 107 97 32 50 48 50 54 46 10 75 111 109 112 114 101 115 105 106 97 32 105 32 122 97 115 116 105 116 97 32 112 111 100 97 116 97 107 97 32 50 48 50 54 46 10 75 111 109 112 114 ]: Kod 3539
BAJT [97 32 112 111 100 97 116 97 107 97 32 50 48 50 54 46 10 75 111 109 112 114 101 115 105 106 97 32 105 32 122 97 115 116 105 116 97 32 112 111 100 97 116 97 107 97 32 50 48 50 54 46 10 75 111 109 112 114 101 115 105 106 97 32 105 32 122 97 115 116 105 116 97 32 112 111 100 97 116 97 107 97 32 50 48 50 54 46 10 75 111 109 112 114 101 ]: Kod 3595
BAJT [97 32 112 111 100 97 116 97 107 97 32 50 48 50 54 46 10 75 111 109 112 114 101 115 105 106 97 32 105 32 122 97 115 116 105 116 97 32 112 111 100 97 116 97 107 97 32 50 48 50 54 46 10 75 111 109 112 114 101 115 105 106 97 32 105 32 122 97 115 116 105 116 97 32 112 111 100 97 116 97 107 97 32 50 48 50 54 46 10 75 111 109 112 114 101 115 ]: Kod 3615
BAJT [97 32 112 111 100 97 116 97 107 97 32 50 48 50 54 46 10 75 111 109 112 114 101 115 105 106 97 32 105 32 122 97 115 116 105 116 97 32 112 111 100 97 116 97 107 97 32 50 48 50 54 46 10 75 111 109 112 114 101 115 105 106 97 32 105 32 122 97 115 116 105 116 97 32 112 111 100 97 116 97 107 97 32 50 48 50 54 46 10 75 111 109 112 114 101 115 105 ]: Kod 3666
BAJT [97 32 112 111 100 97 116 97 107 97 32 50 48 50 54 46 10 75 111 109 112 114 101 115 105 106 97 32 105 32 122 97 115 116 105 116 97 32 112 111 100 97 116 97 107 97 32 50 48 50 54 46 10 75 111 109 112 114 101 115 105 106 97 32 105 32 122 97 115 116 105 116 97 32 112 111 100 97 116 97 107 97 32 50 48 50 54 46 10 75 111 109 112 114 101 115 105 106 ]: Kod 3702
BAJT [97 32 112 111 100 97 116 97 107 97 32 50 48 50 54 46 10 75 111 109 112 114 101 115 105 106 97 32 105 32 122 97 115 116 105 116 97 32 112 111 100 97 116 97 107 97 32 50 48 50 54 46 10 75 111 109 112 114 101 115 105 106 97 32 105 32 122 97 115 116 105 116 97 32 112 111 100 97 116 97 107 97 32 50 48 50 54 46 10 75 111 109 112 114 101 115 105 106 97 ]: Kod 3740
BAJT [97 32 112 111 100 97 116 97 107 97 32 50 48 50 54 46 10 75 111 109 112 114 101 115 105 106 97 32 105 32 122 97 115 116 105 116 97 32 112 111 100 97 116 97 107 97 32 50 48 50 54 46 10 75 111 109 112 114 101 115 105 106 97 32 105 32 122 97 115 116 105 116 97 32 112 111 100 97 116 97 107 97 32 50 48 50 54 46 10 75 111 109 112 114 101 115 105 106 97 32 ]: Kod 3779
BAJT [97 32 112 111 100 97 116 97 107 97 32 50 48 50 54 46 10 75 111 109 112 114 101 115 105 106 97 32 105 32 122 97 115 116 105 116 97 32 112 111 100 97 116 97 107 97 32 50 48 50 54 46 10 75 111 109 112 114 101 115 105 106 97 32 105 32 122 97 115 116 105 116 97 32 112 111 100 97 116 97 107 97 32 50 48 50 54 46 10 75 111 109 112 114 101 115 105 106 97 32 105 ]: Kod 3824
BAJT [97 32 112 111 100 97 116 97 107 97 32 50 48 50 54 46 10 75 111 109 112 114 101 115 105 106 97 32 105 32 122 97 115 116 105 116 97 32 112 111 100 97 116 97 107 97 32 50 48 50 54 46 10 75 111 109 112 114 101 115 105 106 97 32 105 32 122 97 115 116 105 116 97 32 112 111 100 97 116 97 107 97 32 50 48 50 54 46 10 75 111 109 112 114 101 115 105 106 97 32 105 32 ]: Kod 3846
BAJT [97 32 112 111 100 97 116 97 107 97 32 50 48 50 54 46 10 75 111 109 112 114 101 115 105 106 97 32 105 32 122 97 115 116 105 116 97 32 112 111 100 97 116 97 107 97 32 50 48 50 54 46 10 75 111 109 112 114 101 115 105 106 97 32 105 32 122 97 115 116 105 116 97 32 112 111 100 97 116 97 107 97 32 50 48 50 54 46 10 75 111 109 112 114 101 115 105 106 97 32 105 32 122 ]: Kod 3871
BAJT [97 32 112 111 100 97 116 97 107 97 32 50 48 50 54 46 10 75 111 109 112 114 101 115 105 106 97 32 105 32 122 97 115 116 105 116 97 32 112 111 100 97 116 97 107 97 32 50 48 50 54 46 10 75 111 109 112 114 101 115 105 106 97 32 105 32 122 97 115 116 105 116 97 32 112 111 100 97 116 97 107 97 32 50 48 50 54 46 10 75 111 109 112 114 101 115 105 106 97 32 105 32 122 97 ]: Kod 3904
BAJT [97 32 112 111 100 97 116 97 107 97 32 50 48 50 54 46 10 75 111 109 112 114 101 115 105 106 97 32 105 32 122 97 115 116 105 116 97 32 112 111 100 97 116 97 107 97 32 50 48 50 54 46 10 75 111 109 112 114 101 115 105 106 97 32 105 32 122 97 115 116 105 116 97 32 112 111 100 97 116 97 107 97 32 50 48 50 54 46 10 75 111 109 112 114 101 115 105 106 97 32 105 32 122 97 115 ]: Kod 3950
BAJT [97 32 112 111 100 97 116 97 107 97 32 50 48 50 54 46 10 75 111 109 112 114 101 115 105 106 97 32 105 32 122 97 115 116 105 116 97 32 112 111 100 97 116 97 107 97 32 50 48 50 54 46 10 75 111 109 112 114 101 115 105 106 97 32 105 32 122 97 115 116 105 116 97 32 112 111 100 97 116 97 107 97 32 50 48 50 54 46 10 75 111 109 112 114 101 115 105 106 97 32 105 32 122 97 115 116 ]: Kod 3992
BAJT [97 32 112 111 100 97 116 97 107 97 32 50 48 50 54 46 10 75 111 109 112 114 101 115 105 106 97 32 105 32 122 97 115 116 105 116 97 32 112 111 100 97 116 97 107 97 32 50 48 50 54 46 10 75 111 109 112 114 101 115 105 106 97 32 105 32 122 97 115 116 105 116 97 32 112 111 100 97 116 97 107 97 32 50 48 50 54 46 10 75 111 109 112 114 101 115 105 106 97 32 105 32 122 97 115 116 105 ]: Kod 4015
BAJT [97 32 112 111 100 97 116 97 107 97 32 50 48 50 54 46 10 75 111 109 112 114 101 115 105 106 97 32 105 32 122 97 115 116 105 116 97 32 112 111 100 97 116 97 107 97 32 50 48 50 54 46 10 75 111 109 112 114 101 115 105 106 97 32 105 32 122 97 115 116 105 116 97 32 112 111 100 97 116 97 107 97 32 50 48 50 54 46 10 75 111 109 112 114 101 115 105 106 97 32 105 32 122 97 115 116 105 116 ]: Kod 4059
BAJT [97 107 ]: Kod 319
BAJT [97 107 97 ]: Kod 345
BAJT [97 107 97 32 ]: Kod 394
BAJT [97 107 97 32 50 ]: Kod 417
BAJT [97 107 97 32 50 48 ]: Kod 443
BAJT [97 107 97 32 50 48 50 ]: Kod 483
BAJT [97 107 97 32 50 48 50 54 ]: Kod 535
BAJT [97 107 97 32 50 48 50 54 46 ]: Kod 583
BAJT [97 107 97 32 50 48 50 54 46 10 ]: Kod 587
BAJT [97 107 97 32 50 48 50 54 46 10 75 ]: Kod 625
BAJT [97 107 97 32 50 48 50 54 46 10 75 111 ]: Kod 657
BAJT [97 107 97 32 50 48 50 54 46 10 75 111 109 ]: Kod 660
BAJT [97 107 97 32 50 48 50 54 46 10 75 111 109 112 ]: Kod 733
BAJT [97 107 97 32 50 48 50 54 46 10 75 111 109 112 114 ]: Kod 785
BAJT [97 107 97 32 50 48 50 54 46 10 75 111 109 112 114 101 ]: Kod 808
BAJT [97 107 97 32 50 48 50 54 46 10 75 111 109 112 114 101 115 ]: Kod 858
BAJT [97 107 97 32 50 48 50 54 46 10 75 111 109 112 114 101 115 105 ]: Kod 888
BAJT [97 107 97 32 50 48 50 54 46 10 75 111 109 112 114 101 115 105 106 ]: Kod 890
BAJT [97 107 97 32 50 48 50 54 46 10 75 111 109 112 114 101 115 105 106 97 ]: Kod 967
BAJT [97 107 97 32 50 48 50 54 46 10 75 111 109 112 114 101 115 105 106 97 32 ]: Kod 1005
BAJT [97 107 97 32 50 48 50 54 46 10 75 111 109 112 114 101 115 105 106 97 32 105 ]: Kod 1020
BAJT [97 107 97 32 50 48 50 54 46 10 75 111 109 112 114 101 115 105 106 97 32 105 32 ]: Kod 1068
BAJT [97 107 97 32 50 48 50 54 46 10 75 111 109 112 114 101 115 105 106 97 32 105 32 122 ]: Kod 1088
BAJT [97 107 97 32 50 48 50 54 46 10 75 111 109 112 114 101 115 105 106 97 32 105 32 122 97 ]: Kod 1131
BAJT [97 107 97 32 50 48 50 54 46 10 75 111 109 112 114 101 115 105 106 97 32 105 32 122 97 115 ]: Kod 1154
BAJT [97 107 97 32 50 48 50 54 46 10 75 111 109 112 114 101 115 105 106 97 32 105 32 122 97 115 116 ]: Kod 1223
BAJT [97 107 97 32 50 48 50 54 46 10 75 111 109 112 114 101 115 105 106 97 32 105 32 122 97 115 116 105 ]: Kod 1240
BAJT [97 107 97 32 50 48 50 54 46 10 75 111 109 112 114 101 115 105 106 97 32 105 32 122 97 115 116 105 116 ]: Kod 1294
BAJT [97 107 97 32 50 48 50 54 46 10 75 111 109 112 114 101 115 105 106 97 32 105 32 122 97 115 116 105 116 97 ]: Kod 1311
BAJT [97 107 97 32 50 48 50 54 46 10 75 111 109 112 114 101 115 105 106 97 32 105 32 122 97 115 116 105 116 97 32 ]: Kod 1317
BAJT [97 107 97 32 50 48 50 54 46 10 75 111 109 112 114 101 115 105 106 97 32 105 32 122 97 115 116 105 116 97 32 112 ]: Kod 1381
BAJT [97 107 97 32 50 48 50 54 46 10 75 111 109 112 114 101 115 105 106 97 32 105 32 122 97 115 116 105 116 97 32 112 111 ]: Kod 1421
BAJT [97 107 97 32 50 48 50 54 46 10 75 111 109 112 114 101 115 105 106 97 32 105 32 122 97 115 116 105 116 97 32 112 111 100 ]: Kod 1464
BAJT [97 107 97 32 50 48 50 54 46 10 75 111 109 112 114 101 115 105 106 97 32 105 32 122 97 115 116 105 116 97 32 112 111 100 97 ]: Kod 1486
BAJT [97 107 97 32 50 48 50 54 46 10 75 111 109 112 114 101 115 105 106 97 32 105 32 122 97 115 116 105 116 97 32 112 111 100 97 116 ]: Kod 1562
BAJT [97 107 97 32 50 48 50 54 46 10 75 111 109 112 114 101 115 105 106 97 32 105 32 122 97 115 116 105 116 97 32 112 111 100 97 116 97 ]: Kod 1613
BAJT [97 107 97 32 50 48 50 54 46 10 75 111 109 112 114 101 115 105 106 97 32 105 32 122 97 115 116 105 116 97 32 112 111 100 97 116 97 107 ]: Kod 1614
BAJT [97 107 97 32 50 48 50 54 46 10 75 111 109 112 114 101 115 105 106 97 32 105 32 122 97 115 116 105 116 97 32 112 111 100 97 116 97 107 97 ]: Kod 1641
BAJT [97 107 97 32 50 48 50 54 46 10 75 111 109 112 114 101 115 105 106 97 32 105 32 122 97 115 116 105 116 97 32 112 111 100 97 116 97 107 97 32 ]: Kod 1690
BAJT [97 107 97 32 50 48 50 54 46 10 75 111 109 112 114 101 115 105 106 97 32 105 32 122 97 115 116 105 116 97 32 112 111 100 97 116 97 107 97 32 50 ]: Kod 1713
BAJT [97 107 97 32 50 48 50 54 46 10 75 111 109 112 114 101 115 105 106 97 32 105 32 122 97 115 116 105 116 97 32 112 111 100 97 116 97 107 97 32 50 48 ]: Kod 1739
BAJT [97 107 97 32 50 48 50 54 46 10 75 111 109 112 114 101 115 105 106 97 32 105 32 122 97 115 116 105 116 97 32 112 111 100 97 116 97 107 97 32 50 48 50 ]: Kod 1779
BAJT [97 107 97 32 50 48 50 54 46 10 75 111 109 112 114 101 115 105 106 97 32 105 32 122 97 115 116 105 116 97 32 112 111 100 97 116 97 107 97 32 50 48 50 54 ]: Kod 1831
BAJT [97 107 97 32 50 48 50 54 46 10 75 111 109 112 114 101 115 105 106 97 32 105 32 122 97 115 116 105 116 97 32 112 111 100 97 116 97 107 97 32 50 48 50 54 46 ]: Kod 1879
BAJT [97 107 97 32 50 48 50 54 46 10 75 111 109 112 114 101 115 105 106 97 32 105 32 122 97 115 116 105 116 97 32 112 111 100 97 116 97 107 97 32 50 48 50 54 46 10 ]: Kod 1883
BAJT [97 107 97 32 50 48 50 54 46 10 75 111 109 112 114 101 115 105 106 97 32 105 32 122 97 115 116 105 116 97 32 112 111 100 97 116 97 107 97 32 50 48 50 54 46 10 75 ]: Kod 1921
BAJT [97 107 97 32 50 48 50 54 46 10 75 111 109 112 114 101 115 105 106 97 32 105 32 122 97 115 116 105 116 97 32 112 111 100 97 116 97 107 97 32 50 48 50 54 46 10 75 111 ]: Kod 1953
BAJT [97 107 97 32 50 48 50 54 46 10 75 111 109 112 114 101 115 105 106 97 32 105 32 122 97 115 116 105 116 97 32 112 111 100 97 116 97 107 97 32 50 48 50 54 46 10 75 111 109 ]: Kod 1956
BAJT [97 107 97 32 50 48 50 54 46 10 75 111 109 112 114 101 115 105 106 97 32 105 32 122 97 115 116 105 116 97 32 112 111 100 97 116 97 107 97 32 50 48 50 54 46 10 75 111 109 112 ]: Kod 2029
BAJT [97 107 97 32 50 48 50 54 46 10 75 111 109 112 114 101 115 105 106 97 32 105 32 122 97 115 116 105 116 97 32 112 111 100 97 116 97 107 97 32 50 48 50 54 46 10 75 111 109 112 114 ]: Kod 2081
BAJT [97 107 97 32 50 48 50 54 46 10 75 111 109 112 114 101 115 105 106 97 32 105 32 122 97 115 116 105 116 97 32 112 111 100 97 116 97 107 97 32 50 48 50 54 46 10 75 111 109 112 114 101 ]: Kod 2104
BAJT [97 107 97 32 50 48 50 54 46 10 75 111 109 112 114 101 115 105 106 97 32 105 32 122 97 115 116 105 116 97 32 112 111 100 97 116 97 107 97 32 50 48 50 54 46 10 75 111 109 112 114 101 115 ]: Kod 2154
BAJT [97 107 97 32 50 48 50 54 46 10 75 111 109 112 114 101 115 105 106 97 32 105 32 122 97 115 116 105 116 97 32 112 111 100 97 116 97 107 97 32 50 48 50 54 46 10 75 111 109 112 114 101 115 105 ]: Kod 2184
BAJT [97 107 97 32 50 48 50 54 46 10 75 111 109 112 114 101 115 105 106 97 32 105 32 122 97 115 116 105 116 97 32 112 111 100 97 116 97 107 97 32 50 48 50 54 46 10 75 111 109 112 114 101 115 105 106 ]: Kod 2186
BAJT [97 107 97 32 50 48 50 54 46 10 75 111 109 112 114 101 115 105 106 97 32 105 32 122 97 115 116 105 116 97 32 112 111 100 97 116 97 107 97 32 50 48 50 54 46 10 75 111 109 112 114 101 115 105 106 97 ]: Kod 2263
BAJT [97 107 97 32 50 48 50 54 46 10 75 111 109 112 114 101 115 105 106 97 32 105 32 122 97 115 116 105 116 97 32 112 111 100 97 116 97 107 97 32 50 48 50 54 46 10 75 111 109 112 114 101 115 105 106 97 32 ]: Kod 2301
BAJT [97 107 97 32 50 48 50 54 46 10 75 111 109 112 114 101 115 105 106 97 32 105 32 122 97 115 116 105 116 97 32 112 111 100 97 116 97 107 97 32 50 48 50 54 46 10 75 111 109 112 114 101 115 105 106 97 32 105 ]: Kod 2316
BAJT [97 107 97 32 50 48 50 54 46 10 75 111 109 112 114 101 115 105 106 97 32 105 32 122 97 115 116 105 116 97 32 112 111 100 97 116 97 107 97 32 50 48 50 54 46 10 75 111 109 112 114 101 115 105 106 97 32 105 32 ]: Kod 2364
BAJT [97 107 97 32 50 48 50 54 46 10 75 111 109 112 114 101 115 105 106 97 32 105 32 122 97 115 116 105 116 97 32 112 111 100 97 116 97 107 97 32 50 48 50 54 46 10 75 111 109 112 114 101 115 105 106 97 32 105 32 122 ]: Kod 2384
BAJT [97 107 97 32 50 48 50 54 46 10 75 111 109 112 114 101 115 105 106 97 32 105 32 122 97 115 116 105 116 97 32 112 111 100 97 116 97 107 97 32 50 48 50 54 46 10 75 111 109 112 114 101 115 105 106 97 32 105 32 122 97 ]: Kod 2427
BAJT [97 107 97 32 50 48 50 54 46 10 75 111 109 112 114 101 115 105 106 97 32 105 32 122 97 115 116 105 116 97 32 112 111 100 97 116 97 107 97 32 50 48 50 54 46 10 75 111 109 112 114 101 115 105 106 97 32 105 32 122 97 115 ]: Kod 2450
BAJT [97 107 97 32 50 48 50 54 46 10 75 111 109 112 114 101 115 105 106 97 32 105 32 122 97 115 116 105 116 97 32 112 111 100 97 116 97 107 97 32 50 48 50 54 46 10 75 111 109 112 114 101 115 105 106 97 32 105 32 122 97 115 116 ]: Kod 2519
BAJT [97 107 97 32 50 48 50 54 46 10 75 111 109 112 114 101 115 105 106 97 32 105 32 122 97 115 116 105 116 97 32 112 111 100 97 116 97 107 97 32 50 48 50 54 46 10 75 111 109 112 114 101 115 105 106 97 32 105 32 122 97 115 116 105 ]: Kod 2536
BAJT [97 107 97 32 50 48 50 54 46 10 75 111 109 112 114 101 115 105 106 97 32 105 32 122 97 115 116 105 116 97 32 112 111 100 97 116 97 107 97 32 50 48 50 54 46 10 75 111 109 112 114 101 115 105 106 97 32 105 32 122 97 115 116 105 116 ]: Kod 2590
BAJT [97 107 97 32 50 48 50 54 46 10 75 111 109 112 114 101 115 105 106 97 32 105 32 122 97 115 116 105 116 97 32 112 111 100 97 116 97 107 97 32 50 48 50 54 46 10 75 111 109 112 114 101 115 105 106 97 32 105 32 122 97 115 116 105 116 97 ]: Kod 2607
BAJT [97 107 97 32 50 48 50 54 46 10 75 111 109 112 114 101 115 105 106 97 32 105 32 122 97 115 116 105 116 97 32 112 111 100 97 116 97 107 97 32 50 48 50 54 46 10 75 111 109 112 114 101 115 105 106 97 32 105 32 122 97 115 116 105 116 97 32 ]: Kod 2613
BAJT [97 107 97 32 50 48 50 54 46 10 75 111 109 112 114 101 115 105 106 97 32 105 32 122 97 115 116 105 116 97 32 112 111 100 97 116 97 107 97 32 50 48 50 54 46 10 75 111 109 112 114 101 115 105 106 97 32 105 32 122 97 115 116 105 116 97 32 112 ]: Kod 2677
BAJT [97 107 97 32 50 48 50 54 46 10 75 111 109 112 114 101 115 105 106 97 32 105 32 122 97 115 116 105 116 97 32 112 111 100 97 116 97 107 97 32 50 48 50 54 46 10 75 111 109 112 114 101 115 105 106 97 32 105 32 122 97 115 116 105 116 97 32 112 111 ]: Kod 2717
BAJT [97 107 97 32 50 48 50 54 46 10 75 111 109 112 114 101 115 105 106 97 32 105 32 122 97 115 116 105 116 97 32 112 111 100 97 116 97 107 97 32 50 48 50 54 46 10 75 111 109 112 114 101 115 105 106 97 32 105 32 122 97 115 116 105 116 97 32 112 111 100 ]: Kod 2760
BAJT [97 107 97 32 50 48 50 54 46 10 75 111 109 112 114 101 115 105 106 97 32 105 32 122 97 115 116 105 116 97 32 112 111 100 97 116 97 107 97 32 50 48 50 54 46 10 75 111 109 112 114 101 115 105 106 97 32 105 32 122 97 115 116 105 116 97 32 112 111 100 97 ]: Kod 2782
BAJT [97 107 97 32 50 48 50 54 46 10 75 111 109 112 114 101 115 105 106 97 32 105 32 122 97 115 116 105 116 97 32 112 111 100 97 116 97 107 97 32 50 48 50 54 46 10 75 111 109 112 114 101 115 105 106 97 32 105 32 122 97 115 116 105 116 97 32 112 111 100 97 116 ]: Kod 2858
BAJT [97 107 97 32 50 48 50 54 46 10 75 111 109 112 114 101 115 105 106 97 32 105 32 122 97 115 116 105 116 97 32 112 111 100 97 116 97 107 97 32 50 48 50 54 46 10 75 111 109 112 114 101 115 105 106 97 32 105 32 122 97 115 116 105 116 97 32 112 111 100 97 116 97 ]: Kod 2909
BAJT [97 107 97 32 50 48 50 54 46 10 75 111 109 112 114 101 115 105 106 97 32 105 32 122 97 115 116 105 116 97 32 112 111 100 97 116 97 107 97 32 50 48 50 54 46 10 75 111 109 112 114 101 115 105 106 97 32 105 32 122 97 115 116 105 116 97 32 112 111 100 97 116 97 107 ]: Kod 2910
BAJT [97 107 97 32 50 48 50 54 46 10 75 111 109 112 114 101 115 105 106 97 32 105 32 122 97 115 116 105 116 97 32 112 111 100 97 116 97 107 97 32 50 48 50 54 46 10 75 111 109 112 114 101 115 105 106 97 32 105 32 122 97 115 116 105 116 97 32 112 111 100 97 116 97 107 97 ]: Kod 2937
BAJT [97 107 97 32 50 48 50 54 46 10 75 111 109 112 114 101 115 105 106 97 32 105 32 122 97 115 116 105 116 97 32 112 111 100 97 116 97 107 97 32 50 48 50 54 46 10 75 111 109 112 114 101 115 105 106 97 32 105 32 122 97 115 116 105 116 97 32 112 111 100 97 116 97 107 97 32 ]: Kod 2986
BAJT [97 107 97 32 50 48 50 54 46 10 75 111 109 112 114 101 115 105 106 97 32 105 32 122 97 115 116 105 116 97 32 112 111 100 97 116 97 107 97 32 50 48 50 54 46 10 75 111 109 112 114 101 115 105 106 97 32 105 32 122 97 115 116 105 116 97 32 112 111 100 97 116 97 107 97 32 50 ]: Kod 3009
BAJT [97 107 97 32 50 48 50 54 46 10 75 111 109 112 114 101 115 105 106 97 32 105 32 122 97 115 116 105 116 97 32 112 111 100 97 116 97 107 97 32 50 48 50 54 46 10 75 111 109 112 114 101 115 105 106 97 32 105 32 122 97 115 116 105 116 97 32 112 111 100 97 116 97 107 97 32 50 48 ]: Kod 3035
BAJT [97 107 97 32 50 48 50 54 46 10 75 111 109 112 114 101 115 105 106 97 32 105 32 122 97 115 116 105 116 97 32 112 111 100 97 116 97 107 97 32 50 48 50 54 46 10 75 111 109 112 114 101 115 105 106 97 32 105 32 122 97 115 116 105 116 97 32 112 111 100 97 116 97 107 97 32 50 48 50 ]: Kod 3075
BAJT [97 107 97 32 50 48 50 54 46 10 75 111 109 112 114 101 115 105 106 97 32 105 32 122 97 115 116 105 116 97 32 112 111 100 97 116 97 107 97 32 50 48 50 54 46 10 75 111 109 112 114 101 115 105 106 97 32 105 32 122 97 115 116 105 116 97 32 112 111 100 97 116 97 107 97 32 50 48 50 54 ]: Kod 3127
BAJT [97 107 97 32 50 48 50 54 46 10 75 111 109 112 114 101 115 105 106 97 32 105 32 122 97 115 116 105 116 97 32 112 111 100 97 116 97 107 97 32 50 48 50 54 46 10 75 111 109 112 114 101 115 105 106 97 32 105 32 122 97 115 116 105 116 97 32 112 111 100 97 116 97 107 97 32 50 48 50 54 46 ]: Kod 3175
BAJT [97 107 97 32 50 48 50 54 46 10 75 111 109 112 114 101 115 105 106 97 32 105 32 122 97 115 116 105 116 97 32 112 111 100 97 116 97 107 97 32 50 48 50 54 46 10 75 111 109 112 114 101 115 105 106 97 32 105 32 122 97 115 116 105 116 97 32 112 111 100 97 116 97 107 97 32 50 48 50 54 46 10 ]: Kod 3179
BAJT [97 107 97 32 50 48 50 54 46 10 75 111 109 112 114 101 115 105 106 97 32 105 32 122 97 115 116 105 116 97 32 112 111 100 97 116 97 107 97 32 50 48 50 54 46 10 75 111 109 112 114 101 115 105 106 97 32 105 32 122 97 115 116 105 116 97 32 112 111 100 97 116 97 107 97 32 50 48 50 54 46 10 75 ]: Kod 3217
BAJT [97 107 97 32 50 48 50 54 46 10 75 111 109 112 114 101 115 105 106 97 32 105 32 122 97 115 116 105 116 97 32 112 111 100 97 116 97 107 97 32 50 48 50 54 46 10 75 111 109 112 114 101 115 105 106 97 32 105 32 122 97 115 116 105 116 97 32 112 111 100 97 116 97 107 97 32 50 48 50 54 46 10 75 111 ]: Kod 3249
BAJT [97 107 97 32 50 48 50 54 46 10 75 111 109 112 114 101 115 105 106 97 32 105 32 122 97 115 116 105 116 97 32 112 111 100 97 116 97 107 97 32 50 48 50 54 46 10 75 111 109 112 114 101 115 105 106 97 32 105 32 122 97 115 116 105 116 97 32 112 111 100 97 116 97 107 97 32 50 48 50 54 46 10 75 111 109 ]: Kod 3252
BAJT [97 107 97 32 50 48 50 54 46 10 75 111 109 112 114 101 115 105 106 97 32 105 32 122 97 115 116 105 116 97 32 112 111 100 97 116 97 107 97 32 50 48 50 54 46 10 75 111 109 112 114 101 115 105 106 97 32 105 32 122 97 115 116 105 116 97 32 112 111 100 97 116 97 107 97 32 50 48 50 54 46 10 75 111 109 112 ]: Kod 3325
BAJT [97 107 97 32 50 48 50 54 46 10 75 111 109 112 114 101 115 105 106 97 32 105 32 122 97 115 116 105 116 97 32 112 111 100 97 116 97 107 97 32 50 48 50 54 46 10 75 111 109 112 114 101 115 105 106 97 32 105 32 122 97 115 116 105 116 97 32 112 111 100 97 116 97 107 97 32 50 48 50 54 46 10 75 111 109 112 114 ]: Kod 3377
BAJT [97 107 97 32 50 48 50 54 46 10 75 111 109 112 114 101 115 105 106 97 32 105 32 122 97 115 116 105 116 97 32 112 111 100 97 116 97 107 97 32 50 48 50 54 46 10 75 111 109 112 114 101 115 105 106 97 32 105 32 122 97 115 116 105 116 97 32 112 111 100 97 116 97 107 97 32 50 48 50 54 46 10 75 111 109 112 114 101 ]: Kod 3400
BAJT [97 107 97 32 50 48 50 54 46 10 75 111 109 112 114 101 115 105 106 97 32 105 32 122 97 115 116 105 116 97 32 112 111 100 97 116 97 107 97 32 50 48 50 54 46 10 75 111 109 112 114 101 115 105 106 97 32 105 32 122 97 115 116 105 116 97 32 112 111 100 97 116 97 107 97 32 50 48 50 54 46 10 75 111 109 112 114 101 115 ]: Kod 3450
BAJT [97 107 97 32 50 48 50 54 46 10 75 111 109 112 114 101 115 105 106 97 32 105 32 122 97 115 116 105 116 97 32 112 111 100 97 116 97 107 97 32 50 48 50 54 46 10 75 111 109 112 114 101 115 105 106 97 32 105 32 122 97 115 116 105 116 97 32 112 111 100 97 116 97 107 97 32 50 48 50 54 46 10 75 111 109 112 114 101 115 105 ]: Kod 3480
BAJT [97 107 97 32 50 48 50 54 46 10 75 111 109 112 114 101 115 105 106 97 32 105 32 122 97 115 116 105 116 97 32 112 111 100 97 116 97 107 97 32 50 48 50 54 46 10 75 111 109 112 114 101 115 105 106 97 32 105 32 122 97 115 116 105 116 97 32 112 111 100 97 116 97 107 97 32 50 48 50 54 46 10 75 111 109 112 114 101 115 105 106 ]: Kod 3482
BAJT [97 107 97 32 50 48 50 54 46 10 75 111 109 112 114 101 115 105 106 97 32 105 32 122 97 115 116 105 116 97 32 112 111 100 97 116 97 107 97 32 50 48 50 54 46 10 75 111 109 112 114 101 115 105 106 97 32 105 32 122 97 115 116 105 116 97 32 112 111 100 97 116 97 107 97 32 50 48 50 54 46 10 75 111 109 112 114 101 115 105 106 97 ]: Kod 3559
BAJT [97 107 97 32 50 48 50 54 46 10 75 111 109 112 114 101 115 105 106 97 32 105 32 122 97 115 116 105 116 97 32 112 111 100 97 116 97 107 97 32 50 48 50 54 46 10 75 111 109 112 114 101 115 105 106 97 32 105 32 122 97 115 116 105 116 97 32 112 111 100 97 116 97 107 97 32 50 48 50 54 46 10 75 111 109 112 114 101 115 105 106 97 32 ]: Kod 3597
BAJT [97 107 97 32 50 48 50 54 46 10 75 111 109 112 114 101 115 105 106 97 32 105 32 122 97 115 116 105 116 97 32 112 111 100 97 116 97 107 97 32 50 48 50 54 46 10 75 111 109 112 114 101 115 105 106 97 32 105 32 122 97 115 116 105 116 97 32 112 111 100 97 116 97 107 97 32 50 48 50 54 46 10 75 111 109 112 114 101 115 105 106 97 32 105 ]: Kod 3612
BAJT [97 107 97 32 50 48 50 54 46 10 75 111 109 112 114 101 115 105 106 97 32 105 32 122 97 115 116 105 116 97 32 112 111 100 97 116 97 107 97 32 50 48 50 54 46 10 75 111 109 112 114 101 115 105 106 97 32 105 32 122 97 115 116 105 116 97 32 112 111 100 97 116 97 107 97 32 50 48 50 54 46 10 75 111 109 112 114 101 115 105 106 97 32 105 32 ]: Kod 3660
BAJT [97 107 97 32 50 48 50 54 46 10 75 111 109 112 114 101 115 105 106 97 32 105 32 122 97 115 116 105 116 97 32 112 111 100 97 116 97 107 97 32 50 48 50 54 46 10 75 111 109 112 114 101 115 105 106 97 32 105 32 122 97 115 116 105 116 97 32 112 111 100 97 116 97 107 97 32 50 48 50 54 46 10 75 111 109 112 114 101 115 105 106 97 32 105 32 122 ]: Kod 3680
BAJT [97 107 97 32 50 48 50 54 46 10 75 111 109 112 114 101 115 105 106 97 32 105 32 122 97 115 116 105 116 97 32 112 111 100 97 116 97 107 97 32 50 48 50 54 46 10 75 111 109 112 114 101 115 105 106 97 32 105 32 122 97 115 116 105 116 97 32 112 111 100 97 116 97 107 97 32 50 48 50 54 46 10 75 111 109 112 114 101 115 105 106 97 32 105 32 122 97 ]: Kod 3723
BAJT [97 107 97 32 50 48 50 54 46 10 75 111 109 112 114 101 115 105 106 97 32 105 32 122 97 115 116 105 116 97 32 112 111 100 97 116 97 107 97 32 50 48 50 54 46 10 75 111 109 112 114 101 115 105 106 97 32 105 32 122 97 115 116 105 116 97 32 112 111 100 97 116 97 107 97 32 50 48 50 54 46 10 75 111 109 112 114 101 115 105 106 97 32 105 32 122 97 115 ]: Kod 3746
BAJT [97 107 97 32 50 48 50 54 46 10 75 111 109 112 114 101 115 105 106 97 32 105 32 122 97 115 116 105 116 97 32 112 111 100 97 116 97 107 97 32 50 48 50 54 46 10 75 111 109 112 114 101 115 105 106 97 32 105 32 122 97 115 116 105 116 97 32 112 111 100 97 116 97 107 97 32 50 48 50 54 46 10 75 111 109 112 114 101 115 105 106 97 32 105 32 122 97 115 116 ]: Kod 3815
BAJT [97 107 97 32 50 48 50 54 46 10 75 111 109 112 114 101 115 105 106 97 32 105 32 122 97 115 116 105 116 97 32 112 111 100 97 116 97 107 97 32 50 48 50 54 46 10 75 111 109 112 114 101 115 105 106 97 32 105 32 122 97 115 116 105 116 97 32 112 111 100 97 116 97 107 97 32 50 48 50 54 46 10 75 111 109 112 114 101 115 105 106 97 32 105 32 122 97 115 116 105 ]: Kod 3832
BAJT [97 107 97 32 50 48 50 54 46 10 75 111 109 112 114 101 115 105 106 97 32 105 32 122 97 115 116 105 116 97 32 112 111 100 97 116 97 107 97 32 50 48 50 54 46 10 75 111 109 112 114 101 115 105 106 97 32 105 32 122 97 115 116 105 116 97 32 112 111 100 97 116 97 107 97 32 50 48 50 54 46 10 75 111 109 112 114 101 115 105 106 97 32 105 32 122 97 115 116 105 116 ]: Kod 3886
BAJT [97 107 97 32 50 48 50 54 46 10 75 111 109 112 114 101 115 105 106 97 32 105 32 122 97 115 116 105 116 97 32 112 111 100 97 116 97 107 97 32 50 48 50 54 46 10 75 111 109 112 114 101 115 105 106 97 32 105 32 122 97 115 116 105 116 97 32 112 111 100 97 116 97 107 97 32 50 48 50 54 46 10 75 111 109 112 114 101 115 105 106 97 32 105 32 122 97 115 116 105 116 97 ]: Kod 3903
BAJT [97 107 97 32 50 48 50 54 46 10 75 111 109 112 114 101 115 105 106 97 32 105 32 122 97 115 116 105 116 97 32 112 111 100 97 116 97 107 97 32 50 48 50 54 46 10 75 111 109 112 114 101 115 105 106 97 32 105 32 122 97 115 116 105 116 97 32 112 111 100 97 116 97 107 97 32 50 48 50 54 46 10 75 111 109 112 114 101 115 105 106 97 32 105 32 122 97 115 116 105 116 97 32 ]: Kod 3909
BAJT [97 107 97 32 50 48 50 54 46 10 75 111 109 112 114 101 115 105 106 97 32 105 32 122 97 115 116 105 116 97 32 112 111 100 97 116 97 107 97 32 50 48 50 54 46 10 75 111 109 112 114 101 115 105 106 97 32 105 32 122 97 115 116 105 116 97 32 112 111 100 97 116 97 107 97 32 50 48 50 54 46 10 75 111 109 112 114 101 115 105 106 97 32 105 32 122 97 115 116 105 116 97 32 112 ]: Kod 3973
BAJT [97 107 97 32 50 48 50 54 46 10 75 111 109 112 114 101 115 105 106 97 32 105 32 122 97 115 116 105 116 97 32 112 111 100 97 116 97 107 97 32 50 48 50 54 46 10 75 111 109 112 114 101 115 105 106 97 32 105 32 122 97 115 116 105 116 97 32 112 111 100 97 116 97 107 97 32 50 48 50 54 46 10 75 111 109 112 114 101 115 105 106 97 32 105 32 122 97 115 116 105 116 97 32 112 111 ]: Kod 4013
BAJT [97 107 97 32 50 48 50 54 46 10 75 111 109 112 114 101 115 105 106 97 32 105 32 122 97 115 116 105 116 97 32 112 111 100 97 116 97 107 97 32 50 48 50 54 46 10 75 111 109 112 114 101 115 105 106 97 32 105 32 122 97 115 116 105 116 97 32 112 111 100 97 116 97 107 97 32 50 48 50 54 46 10 75 111 109 112 114 101 115 105 106 97 32 105 32 122 97 115 116 105 116 97 32 112 111 100 ]: Kod 4056
BAJT [97 107 97 32 50 48 50 54 46 10 75 111 109 112 114 101 115 105 106 97 32 105 32 122 97 115 116 105 116 97 32 112 111 100 97 116 97 107 97 32 50 48 50 54 46 10 75 111 109 112 114 101 115 105 106 97 32 105 32 122 97 115 116 105 116 97 32 112 111 100 97 116 97 107 97 32 50 48 50 54 46 10 75 111 109 112 114 101 115 105 106 97 32 105 32 122 97 115 116 105 116 97 32 112 111 100 97 ]: Kod 4078
BAJT [97 115 ]: Kod 270
BAJT [97 115 116 ]: Kod 296
BAJT [97 115 116 105 ]: Kod 353
BAJT [97 115 116 105 116 ]: Kod 391
BAJT [97 115 116 105 116 97 ]: Kod 422
BAJT [97 115 116 105 116 97 32 ]: Kod 447
BAJT [97 115 116 105 116 97 32 112 ]: Kod 453
BAJT [97 115 116 105 116 97 32 112 111 ]: Kod 529
BAJT [97 115 116 105 116 97 32 112 111 100 ]: Kod 570
BAJT [97 115 116 105 116 97 32 112 111 100 97 ]: Kod 593
BAJT [97 115 116 105 116 97 32 112 111 100 97 116 ]: Kod 647
BAJT [97 115 116 105 116 97 32 112 111 100 97 116 97 ]: Kod 656
BAJT [97 115 116 105 116 97 32 112 111 100 97 116 97 107 ]: Kod 697
BAJT [97 115 116 105 116 97 32 112 111 100 97 116 97 107 97 ]: Kod 722
BAJT [97 115 116 105 116 97 32 112 111 100 97 116 97 107 97 32 ]: Kod 789
BAJT [97 115 116 105 116 97 32 112 111 100 97 116 97 107 97 32 50 ]: Kod 805
BAJT [97 115 116 105 116 97 32 112 111 100 97 116 97 107 97 32 50 48 ]: Kod 853
BAJT [97 115 116 105 116 97 32 112 111 100 97 116 97 107 97 32 50 48 50 ]: Kod 909
BAJT [97 115 116 105 116 97 32 112 111 100 97 116 97 107 97 32 50 48 50 54 ]: Kod 932
BAJT [97 115 116 105 116 97 32 112 111 100 97 116 97 107 97 32 50 48 50 54 46 ]: Kod 961
BAJT [97 115 116 105 116 97 32 112 111 100 97 116 97 107 97 32 50 48 50 54 46 10 ]: Kod 989
BAJT [97 115 116 105 116 97 32 112 111 100 97 116 97 107 97 32 50 48 50 54 46 10 75 ]: Kod 1044
BAJT [97 115 116 105 116 97 32 112 111 100 97 116 97 107 97 32 50 48 50 54 46 10 75 111 ]: Kod 1080
BAJT [97 115 116 105 116 97 32 112 111 100 97 116 97 107 97 32 50 48 50 54 46 10 75 111 109 ]: Kod 1086
BAJT [97 115 116 105 116 97 32 112 111 100 97 116 97 107 97 32 50 48 50 54 46 10 75 111 109 112 ]: Kod 1132
BAJT [97 115 116 105 116 97 32 112 111 100 97 116 97 107 97 32 50 48 50 54 46 10 75 111 109 112 114 ]: Kod 1173
BAJT [97 115 116 105 116 97 32 112 111 100 97 116 97 107 97 32 50 48 50 54 46 10 75 111 109 112 114 101 ]: Kod 1212
BAJT [97 115 116 105 116 97 32 112 111 100 97 116 97 107 97 32 50 48 50 54 46 10 75 111 109 112 114 101 115 ]: Kod 1237
BAJT [97 115 116 105 116 97 32 112 111 100 97 116 97 107 97 32 50 48 50 54 46 10 75 111 109 112 114 101 115 105 ]: Kod 1264
BAJT [97 115 116 105 116 97 32 112 111 100 97 116 97 107 97 32 50 48 50 54 46 10 75 111 109 112 114 101 115 105 106 ]: Kod 1313
BAJT [97 115 116 105 116 97 32 112 111 100 97 116 97 107 97 32 50 48 50 54 46 10 75 111 109 112 114 101 115 105 106 97 ]: Kod 1319
BAJT [97 115 116 105 116 97 32 112 111 100 97 116 97 107 97 32 50 48 50 54 46 10 75 111 109 112 114 101 115 105 106 97 32 ]: Kod 1375
BAJT [97 115 116 105 116 97 32 112 111 100 97 116 97 107 97 32 50 48 50 54 46 10 75 111 109 112 114 101 115 105 106 97 32 105 ]: Kod 1425
BAJT [97 115 116 105 116 97 32 112 111 100 97 116 97 107 97 32 50 48 50 54 46 10 75 111 109 112 114 101 115 105 106 97 32 105 32 ]: Kod 1470
BAJT [97 115 116 105 116 97 32 112 111 100 97 116 97 107 97 32 50 48 50 54 46 10 75 111 109 112 114 101 115 105 106 97 32 105 32 122 ]: Kod 1496
BAJT [97 115 116 105 116 97 32 112 111 100 97 116 97 107 97 32 50 48 50 54 46 10 75 111 109 112 114 101 115 105 106 97 32 105 32 122 97 ]: Kod 1538
BAJT [97 115 116 105 116 97 32 112 111 100 97 116 97 107 97 32 50 48 50 54 46 10 75 111 109 112 114 101 115 105 106 97 32 105 32 122 97 115 ]: Kod 1539
BAJT [97 115 116 105 116 97 32 112 111 100 97 116 97 107 97 32 50 48 50 54 46 10 75 111 109 112 114 101 115 105 106 97 32 105 32 122 97 115 116 ]: Kod 1589
BAJT [97 115 116 105 116 97 32 112 111 100 97 116 97 107 97 32 50 48 50 54 46 10 75 111 109 112 114 101 115 105 106 97 32 105 32 122 97 115 116 105 ]: Kod 1649
BAJT [97 115 116 105 116 97 32 112 111 100 97 116 97 107 97 32 50 48 50 54 46 10 75 111 109 112 114 101 115 105 106 97 32 105 32 122 97 115 116 105 116 ]: Kod 1687
BAJT [97 115 116 105 116 97 32 112 111 100 97 116 97 107 97 32 50 48 50 54 46 10 75 111 109 112 114 101 115 105 106 97 32 105 32 122 97 115 116 105 116 97 ]: Kod 1718
BAJT [97 115 116 105 116 97 32 112 111 100 97 116 97 107 97 32 50 48 50 54 46 10 75 111 109 112 114 101 115 105 106 97 32 105 32 122 97 115 116 105 116 97 32 ]: Kod 1743
BAJT [97 115 116 105 116 97 32 112 111 100 97 116 97 107 97 32 50 48 50 54 46 10 75 111 109 112 114 101 115 105 106 97 32 105 32 122 97 115 116 105 116 97 32 112 ]: Kod 1749
BAJT [97 115 116 105 116 97 32 112 111 100 97 116 97 107 97 32 50 48 50 54 46 10 75 111 109 112 114 101 115 105 106 97 32 105 32 122 97 115 116 105 116 97 32 112 111 ]: Kod 1825
BAJT [97 115 116 105 116 97 32 112 111 100 97 116 97 107 97 32 50 48 50 54 46 10 75 111 109 112 114 101 115 105 106 97 32 105 32 122 97 115 116 105 116 97 32 112 111 100 ]: Kod 1866
BAJT [97 115 116 105 116 97 32 112 111 100 97 116 97 107 97 32 50 48 50 54 46 10 75 111 109 112 114 101 115 105 106 97 32 105 32 122 97 115 116 105 116 97 32 112 111 100 97 ]: Kod 1889
BAJT [97 115 116 105 116 97 32 112 111 100 97 116 97 107 97 32 50 48 50 54 46 10 75 111 109 112 114 101 115 105 106 97 32 105 32 122 97 115 116 105 116 97 32 112 111 100 97 116 ]: Kod 1943
BAJT [97 115 116 105 116 97 32 112 111 100 97 116 97 107 97 32 50 48 50 54 46 10 75 111 109 112 114 101 115 105 106 97 32 105 32 122 97 115 116 105 116 97 32 112 111 100 97 116 97 ]: Kod 1952
BAJT [97 115 116 105 116 97 32 112 111 100 97 116 97 107 97 32 50 48 50 54 46 10 75 111 109 112 114 101 115 105 106 97 32 105 32 122 97 115 116 105 116 97 32 112 111 100 97 116 97 107 ]: Kod 1993
BAJT [97 115 116 105 116 97 32 112 111 100 97 116 97 107 97 32 50 48 50 54 46 10 75 111 109 112 114 101 115 105 106 97 32 105 32 122 97 115 116 105 116 97 32 112 111 100 97 116 97 107 97 ]: Kod 2018
BAJT [97 115 116 105 116 97 32 112 111 100 97 116 97 107 97 32 50 48 50 54 46 10 75 111 109 112 114 101 115 105 106 97 32 105 32 122 97 115 116 105 116 97 32 112 111 100 97 116 97 107 97 32 ]: Kod 2085
BAJT [97 115 116 105 116 97 32 112 111 100 97 116 97 107 97 32 50 48 50 54 46 10 75 111 109 112 114 101 115 105 106 97 32 105 32 122 97 115 116 105 116 97 32 112 111 100 97 116 97 107 97 32 50 ]: Kod 2101
BAJT [97 115 116 105 116 97 32 112 111 100 97 116 97 107 97 32 50 48 50 54 46 10 75 111 109 112 114 101 115 105 106 97 32 105 32 122 97 115 116 105 116 97 32 112 111 100 97 116 97 107 97 32 50 48 ]: Kod 2149
BAJT [97 115 116 105 116 97 32 112 111 100 97 116 97 107 97 32 50 48 50 54 46 10 75 111 109 112 114 101 115 105 106 97 32 105 32 122 97 115 116 105 116 97 32 112 111 100 97 116 97 107 97 32 50 48 50 ]: Kod 2205
BAJT [97 115 116 105 116 97 32 112 111 100 97 116 97 107 97 32 50 48 50 54 46 10 75 111 109 112 114 101 115 105 106 97 32 105 32 122 97 115 116 105 116 97 32 112 111 100 97 116 97 107 97 32 50 48 50 54 ]: Kod 2228
BAJT [97 115 116 105 116 97 32 112 111 100 97 116 97 107 97 32 50 48 50 54 46 10 75 111 109 112 114 101 115 105 106 97 32 105 32 122 97 115 116 105 116 97 32 112 111 100 97 116 97 107 97 32 50 48 50 54 46 ]: Kod 2257
BAJT [97 115 116 105 116 97 32 112 111 100 97 116 97 107 97 32 50 48 50 54 46 10 75 111 109 112 114 101 115 105 106 97 32 105 32 122 97 115 116 105 116 97 32 112 111 100 97 116 97 107 97 32 50 48 50 54 46 10 ]: Kod 2285
BAJT [97 115 116 105 116 97 32 112 111 100 97 116 97 107 97 32 50 48 50 54 46 10 75 111 109 112 114 101 115 105 106 97 32 105 32 122 97 115 116 105 116 97 32 112 111 100 97 116 97 107 97 32 50 48 50 54 46 10 75 ]: Kod 2340
BAJT [97 115 116 105 116 97 32 112 111 100 97 116 97 107 97 32 50 48 50 54 46 10 75 111 109 112 114 101 115 105 106 97 32 105 32 122 97 115 116 105 116 97 32 112 111 100 97 116 97 107 97 32 50 48 50 54 46 10 75 111 ]: Kod 2376
BAJT [97 115 116 105 116 97 32 112 111 100 97 116 97 107 97 32 50 48 50 54 46 10 75 111 109 112 114 101 115 105 106 97 32 105 32 122 97 115 116 105 116 97 32 112 111 100 97 116 97 107 97 32 50 48 50 54 46 10 75 111 109 ]: Kod 2382
BAJT [97 115 116 105 116 97 32 112 111 100 97 116 97 107 97 32 50 48 50 54 46 10 75 111 109 112 114 101 115 105 106 97 32 105 32 122 97 115 116 105 116 97 32 112 111 100 97 116 97 107 97 32 50 48 50 54 46 10 75 111 109 112 ]: Kod 2428
BAJT [97 115 116 105 116 97 32 112 111 100 97 116 97 107 97 32 50 48 50 54 46 10 75 111 109 112 114 101 115 105 106 97 32 105 32 122 97 115 116 105 116 97 32 112 111 100 97 116 97 107 97 32 50 48 50 54 46 10 75 111 109 112 114 ]: Kod 2469
BAJT [97 115 116 105 116 97 32 112 111 100 97 116 97 107 97 32 50 48 50 54 46 10 75 111 109 112 114 101 115 105 106 97 32 105 32 122 97 115 116 105 116 97 32 112 111 100 97 116 97 107 97 32 50 48 50 54 46 10 75 111 109 112 114 101 ]: Kod 2508
BAJT [97 115 116 105 116 97 32 112 111 100 97 116 97 107 97 32 50 48 50 54 46 10 75 111 109 112 114 101 115 105 106 97 32 105 32 122 97 115 116 105 116 97 32 112 111 100 97 116 97 107 97 32 50 48 50 54 46 10 75 111 109 112 114 101 115 ]: Kod 2533
BAJT [97 115 116 105 116 97 32 112 111 100 97 116 97 107 97 32 50 48 50 54 46 10 75 111 109 112 114 101 115 105 106 97 32 105 32 122 97 115 116 105 116 97 32 112 111 100 97 116 97 107 97 32 50 48 50 54 46 10 75 111 109 112 114 101 115 105 ]: Kod 2560
BAJT [97 115 116 105 116 97 32 112 111 100 97 116 97 107 97 32 50 48 50 54 46 10 75 111 109 112 114 101 115 105 106 97 32 105 32 122 97 115 116 105 116 97 32 112 111 100 97 116 97 107 97 32 50 48 50 54 46 10 75 111 109 112 114 101 115 105 106 ]: Kod 2609
BAJT [97 115 116 105 116 97 32 112 111 100 97 116 97 107 97 32 50 48 50 54 46 10 75 111 109 112 114 101 115 105 106 97 32 105 32 122 97 115 116 105 116 97 32 112 111 100 97 116 97 107 97 32 50 48 50 54 46 10 75 111 109 112 114 101 115 105 106 97 ]: Kod 2615
BAJT [97 115 116 105 116 97 32 112 111 100 97 116 97 107 97 32 50 48 50 54 46 10 75 111 109 112 114 101 115 105 106 97 32 105 32 122 97 115 116 105 116 97 32 112 111 100 97 116 97 107 97 32 50 48 50 54 46 10 75 111 109 112 114 101 115 105 106 97 32 ]: Kod 2671
BAJT [97 115 116 105 116 97 32 112 111 100 97 116 97 107 97 32 50 48 50 54 46 10 75 111 109 112 114 101 115 105 106 97 32 105 32 122 97 115 116 105 116 97 32 112 111 100 97 116 97 107 97 32 50 48 50 54 46 10 75 111 109 112 114 101 115 105 106 97 32 105 ]: Kod 2721
BAJT [97 115 116 105 116 97 32 112 111 100 97 116 97 107 97 32 50 48 50 54 46 10 75 111 109 112 114 101 115 105 106 97 32 105 32 122 97 115 116 105 116 97 32 112 111 100 97 116 97 107 97 32 50 48 50 54 46 10 75 111 109 112 114 101 115 105 106 97 32 105 32 ]: Kod 2766
BAJT [97 115 116 105 116 97 32 112 111 100 97 116 97 107 97 32 50 48 50 54 46 10 75 111 109 112 114 101 115 105 106 97 32 105 32 122 97 115 116 105 116 97 32 112 111 100 97 116 97 107 97 32 50 48 50 54 46 10 75 111 109 112 114 101 115 105 106 97 32 105 32 122 ]: Kod 2792
BAJT [97 115 116 105 116 97 32 112 111 100 97 116 97 107 97 32 50 48 50 54 46 10 75 111 109 112 114 101 115 105 106 97 32 105 32 122 97 115 116 105 116 97 32 112 111 100 97 116 97 107 97 32 50 48 50 54 46 10 75 111 109 112 114 101 115 105 106 97 32 105 32 122 97 ]: Kod 2834
BAJT [97 115 116 105 116 97 32 112 111 100 97 116 97 107 97 32 50 48 50 54 46 10 75 111 109 112 114 101 115 105 106 97 32 105 32 122 97 115 116 105 116 97 32 112 111 100 97 116 97 107 97 32 50 48 50 54 46 10 75 111 109 112 114 101 115 105 106 97 32 105 32 122 97 115 ]: Kod 2835
BAJT [97 115 116 105 116 97 32 112 111 100 97 116 97 107 97 32 50 48 50 54 46 10 75 111 109 112 114 101 115 105 106 97 32 105 32 122 97 115 116 105 116 97 32 112 111 100 97 116 97 107 97 32 50 48 50 54 46 10 75 111 109 112 114 101 115 105 106 97 32 105 32 122 97 115 116 ]: Kod 2885
BAJT [97 115 116 105 116 97 32 112 111 100 97 116 97 107 97 32 50 48 50 54 46 10 75 111 109 112 114 101 115 105 106 97 32 105 32 122 97 115 116 105 116 97 32 112 111 100 97 116 97 107 97 32 50 48 50 54 46 10 75 111 109 112 114 101 115 105 106 97 32 105 32 122 97 115 116 105 ]: Kod 2945
BAJT [97 115 116 105 116 97 32 112 111 100 97 116 97 107 97 32 50 48 50 54 46 10 75 111 109 112 114 101 115 105 106 97 32 105 32 122 97 115 116 105 116 97 32 112 111 100 97 116 97 107 97 32 50 48 50 54 46 10 75 111 109 112 114 101 115 105 106 97 32 105 32 122 97 115 116 105 116 ]: Kod 2983
BAJT [97 115 116 105 116 97 32 112 111 100 97 116 97 107 97 32 50 48 50 54 46 10 75 111 109 112 114 101 115 105 106 97 32 105 32 122 97 115 116 105 116 97 32 112 111 100 97 116 97 107 97 32 50 48 50 54 46 10 75 111 109 112 114 101 115 105 106 97 32 105 32 122 97 115 116 105 116 97 ]: Kod 3014
BAJT [97 115 116 105 116 97 32 112 111 100 97 116 97 107 97 32 50 48 50 54 46 10 75 111 109 112 114 101 115 105 106 97 32 105 32 122 97 115 116 105 116 97 32 112 111 100 97 116 97 107 97 32 50 48 50 54 46 10 75 111 109 112 114 101 115 105 106 97 32 105 32 122 97 115 116 105 116 97 32 ]: Kod 3039
BAJT [97 115 116 105 116 97 32 112 111 100 97 116 97 107 97 32 50 48 50 54 46 10 75 111 109 112 114 101 115 105 106 97 32 105 32 122 97 115 116 105 116 97 32 112 111 100 97 116 97 107 97 32 50 48 50 54 46 10 75 111 109 112 114 101 115 105 106 97 32 105 32 122 97 115 116 105 116 97 32 112 ]: Kod 3045
BAJT [97 115 116 105 116 97 32 112 111 100 97 116 97 107 97 32 50 48 50 54 46 10 75 111 109 112 114 101 115 105 106 97 32 105 32 122 97 115 116 105 116 97 32 112 111 100 97 116 97 107 97 32 50 48 50 54 46 10 75 111 109 112 114 101 115 105 106 97 32 105 32 122 97 115 116 105 116 97 32 112 111 ]: Kod 3121
BAJT [97 115 116 105 116 97 32 112 111 100 97 116 97 107 97 32 50 48 50 54 46 10 75 111 109 112 114 101 115 105 106 97 32 105 32 122 97 115 116 105 116 97 32 112 111 100 97 116 97 107 97 32 50 48 50 54 46 10 75 111 109 112 114 101 115 105 106 97 32 105 32 122 97 115 116 105 116 97 32 112 111 100 ]: Kod 3162
BAJT [97 115 116 105 116 97 32 112 111 100 97 116 97 107 97 32 50 48 50 54 46 10 75 111 109 112 114 101 115 105 106 97 32 105 32 122 97 115 116 105 116 97 32 112 111 100 97 116 97 107 97 32 50 48 50 54 46 10 75 111 109 112 114 101 115 105 106 97 32 105 32 122 97 115 116 105 116 97 32 112 111 100 97 ]: Kod 3185
BAJT [97 115 116 105 116 97 32 112 111 100 97 116 97 107 97 32 50 48 50 54 46 10 75 111 109 112 114 101 115 105 106 97 32 105 32 122 97 115 116 105 116 97 32 112 111 100 97 116 97 107 97 32 50 48 50 54 46 10 75 111 109 112 114 101 115 105 106 97 32 105 32 122 97 115 116 105 116 97 32 112 111 100 97 116 ]: Kod 3239
BAJT [97 115 116 105 116 97 32 112 111 100 97 116 97 107 97 32 50 48 50 54 46 10 75 111 109 112 114 101 115 105 106 97 32 105 32 122 97 115 116 105 116 97 32 112 111 100 97 116 97 107 97 32 50 48 50 54 46 10 75 111 109 112 114 101 115 105 106 97 32 105 32 122 97 115 116 105 116 97 32 112 111 100 97 116 97 ]: Kod 3248
BAJT [97 115 116 105 116 97 32 112 111 100 97 116 97 107 97 32 50 48 50 54 46 10 75 111 109 112 114 101 115 105 106 97 32 105 32 122 97 115 116 105 116 97 32 112 111 100 97 116 97 107 97 32 50 48 50 54 46 10 75 111 109 112 114 101 115 105 106 97 32 105 32 122 97 115 116 105 116 97 32 112 111 100 97 116 97 107 ]: Kod 3289
BAJT [97 115 116 105 116 97 32 112 111 100 97 116 97 107 97 32 50 48 50 54 46 10 75 111 109 112 114 101 115 105 106 97 32 105 32 122 97 115 116 105 116 97 32 112 111 100 97 116 97 107 97 32 50 48 50 54 46 10 75 111 109 112 114 101 115 105 106 97 32 105 32 122 97 115 116 105 116 97 32 112 111 100 97 116 97 107 97 ]: Kod 3314
BAJT [97 115 116 105 116 97 32 112 111 100 97 116 97 107 97 32 50 48 50 54 46 10 75 111 109 112 114 101 115 105 106 97 32 105 32 122 97 115 116 105 116 97 32 112 111 100 97 116 97 107 97 32 50 48 50 54 46 10 75 111 109 112 114 101 115 105 106 97 32 105 32 122 97 115 116 105 116 97 32 112 111 100 97 116 97 107 97 32 ]: Kod 3381
BAJT [97 115 116 105 116 97 32 112 111 100 97 116 97 107 97 32 50 48 50 54 46 10 75 111 109 112 114 101 115 105 106 97 32 105 32 122 97 115 116 105 116 97 32 112 111 100 97 116 97 107 97 32 50 48 50 54 46 10 75 111 109 112 114 101 115 105 106 97 32 105 32 122 97 115 116 105 116 97 32 112 111 100 97 116 97 107 97 32 50 ]: Kod 3397
BAJT [97 115 116 105 116 97 32 112 111 100 97 116 97 107 97 32 50 48 50 54 46 10 75 111 109 112 114 101 115 105 106 97 32 105 32 122 97 115 116 105 116 97 32 112 111 100 97 116 97 107 97 32 50 48 50 54 46 10 75 111 109 112 114 101 115 105 106 97 32 105 32 122 97 115 116 105 116 97 32 112 111 100 97 116 97 107 97 32 50 48 ]: Kod 3445
BAJT [97 115 116 105 116 97 32 112 111 100 97 116 97 107 97 32 50 48 50 54 46 10 75 111 109 112 114 101 115 105 106 97 32 105 32 122 97 115 116 105 116 97 32 112 111 100 97 116 97 107 97 32 50 48 50 54 46 10 75 111 109 112 114 101 115 105 106 97 32 105 32 122 97 115 116 105 116 97 32 112 111 100 97 116 97 107 97 32 50 48 50 ]: Kod 3501
BAJT [97 115 116 105 116 97 32 112 111 100 97 116 97 107 97 32 50 48 50 54 46 10 75 111 109 112 114 101 115 105 106 97 32 105 32 122 97 115 116 105 116 97 32 112 111 100 97 116 97 107 97 32 50 48 50 54 46 10 75 111 109 112 114 101 115 105 106 97 32 105 32 122 97 115 116 105 116 97 32 112 111 100 97 116 97 107 97 32 50 48 50 54 ]: Kod 3524
BAJT [97 115 116 105 116 97 32 112 111 100 97 116 97 107 97 32 50 48 50 54 46 10 75 111 109 112 114 101 115 105 106 97 32 105 32 122 97 115 116 105 116 97 32 112 111 100 97 116 97 107 97 32 50 48 50 54 46 10 75 111 109 112 114 101 115 105 106 97 32 105 32 122 97 115 116 105 116 97 32 112 111 100 97 116 97 107 97 32 50 48 50 54 46 ]: Kod 3553
BAJT [97 115 116 105 116 97 32 112 111 100 97 116 97 107 97 32 50 48 50 54 46 10 75 111 109 112 114 101 115 105 106 97 32 105 32 122 97 115 116 105 116 97 32 112 111 100 97 116 97 107 97 32 50 48 50 54 46 10 75 111 109 112 114 101 115 105 106 97 32 105 32 122 97 115 116 105 116 97 32 112 111 100 97 116 97 107 97 32 50 48 50 54 46 10 ]: Kod 3581
BAJT [97 115 116 105 116 97 32 112 111 100 97 116 97 107 97 32 50 48 50 54 46 10 75 111 109 112 114 101 115 105 106 97 32 105 32 122 97 115 116 105 116 97 32 112 111 100 97 116 97 107 97 32 50 48 50 54 46 10 75 111 109 112 114 101 115 105 106 97 32 105 32 122 97 115 116 105 116 97 32 112 111 100 97 116 97 107 97 32 50 48 50 54 46 10 75 ]: Kod 3636
BAJT [97 115 116 105 116 97 32 112 111 100 97 116 97 107 97 32 50 48 50 54 46 10 75 111 109 112 114 101 115 105 106 97 32 105 32 122 97 115 116 105 116 97 32 112 111 100 97 116 97 107 97 32 50 48 50 54 46 10 75 111 109 112 114 101 115 105 106 97 32 105 32 122 97 115 116 105 116 97 32 112 111 100 97 116 97 107 97 32 50 48 50 54 46 10 75 111 ]: Kod 3672
BAJT [97 115 116 105 116 97 32 112 111 100 97 116 97 107 97 32 50 48 50 54 46 10 75 111 109 112 114 101 115 105 106 97 32 105 32 122 97 115 116 105 116 97 32 112 111 100 97 116 97 107 97 32 50 48 50 54 46 10 75 111 109 112 114 101 115 105 106 97 32 105 32 122 97 115 116 105 116 97 32 112 111 100 97 116 97 107 97 32 50 48 50 54 46 10 75 111 109 ]: Kod 3678
BAJT [97 115 116 105 116 97 32 112 111 100 97 116 97 107 97 32 50 48 50 54 46 10 75 111 109 112 114 101 115 105 106 97 32 105 32 122 97 115 116 105 116 97 32 112 111 100 97 116 97 107 97 32 50 48 50 54 46 10 75 111 109 112 114 101 115 105 106 97 32 105 32 122 97 115 116 105 116 97 32 112 111 100 97 116 97 107 97 32 50 48 50 54 46 10 75 111 109 112 ]: Kod 3724
BAJT [97 115 116 105 116 97 32 112 111 100 97 116 97 107 97 32 50 48 50 54 46 10 75 111 109 112 114 101 115 105 106 97 32 105 32 122 97 115 116 105 116 97 32 112 111 100 97 116 97 107 97 32 50 48 50 54 46 10 75 111 109 112 114 101 115 105 106 97 32 105 32 122 97 115 116 105 116 97 32 112 111 100 97 116 97 107 97 32 50 48 50 54 46 10 75 111 109 112 114 ]: Kod 3765
BAJT [97 115 116 105 116 97 32 112 111 100 97 116 97 107 97 32 50 48 50 54 46 10 75 111 109 112 114 101 115 105 106 97 32 105 32 122 97 115 116 105 116 97 32 112 111 100 97 116 97 107 97 32 50 48 50 54 46 10 75 111 109 112 114 101 115 105 106 97 32 105 32 122 97 115 116 105 116 97 32 112 111 100 97 116 97 107 97 32 50 48 50 54 46 10 75 111 109 112 114 101 ]: Kod 3804
BAJT [97 115 116 105 116 97 32 112 111 100 97 116 97 107 97 32 50 48 50 54 46 10 75 111 109 112 114 101 115 105 106 97 32 105 32 122 97 115 116 105 116 97 32 112 111 100 97 116 97 107 97 32 50 48 50 54 46 10 75 111 109 112 114 101 115 105 106 97 32 105 32 122 97 115 116 105 116 97 32 112 111 100 97 116 97 107 97 32 50 48 50 54 46 10 75 111 109 112 114 101 115 ]: Kod 3829
BAJT [97 115 116 105 116 97 32 112 111 100 97 116 97 107 97 32 50 48 50 54 46 10 75 111 109 112 114 101 115 105 106 97 32 105 32 122 97 115 116 105 116 97 32 112 111 100 97 116 97 107 97 32 50 48 50 54 46 10 75 111 109 112 114 101 115 105 106 97 32 105 32 122 97 115 116 105 116 97 32 112 111 100 97 116 97 107 97 32 50 48 50 54 46 10 75 111 109 112 114 101 115 105 ]: Kod 3856
BAJT [97 115 116 105 116 97 32 112 111 100 97 116 97 107 97 32 50 48 50 54 46 10 75 111 109 112 114 101 115 105 106 97 32 105 32 122 97 115 116 105 116 97 32 112 111 100 97 116 97 107 97 32 50 48 50 54 46 10 75 111 109 112 114 101 115 105 106 97 32 105 32 122 97 115 116 105 116 97 32 112 111 100 97 116 97 107 97 32 50 48 50 54 46 10 75 111 109 112 114 101 115 105 106 ]: Kod 3905
BAJT [97 115 116 105 116 97 32 112 111 100 97 116 97 107 97 32 50 48 50 54 46 10 75 111 109 112 114 101 115 105 106 97 32 105 32 122 97 115 116 105 116 97 32 112 111 100 97 116 97 107 97 32 50 48 50 54 46 10 75 111 109 112 114 101 115 105 106 97 32 105 32 122 97 115 116 105 116 97 32 112 111 100 97 116 97 107 97 32 50 48 50 54 46 10 75 111 109 112 114 101 115 105 106 97 ]: Kod 3911
BAJT [97 115 116 105 116 97 32 112 111 100 97 116 97 107 97 32 50 48 50 54 46 10 75 111 109 112 114 101 115 105 106 97 32 105 32 122 97 115 116 105 116 97 32 112 111 100 97 116 97 107 97 32 50 48 50 54 46 10 75 111 109 112 114 101 115 105 106 97 32 105 32 122 97 115 116 105 116 97 32 112 111 100 97 116 97 107 97 32 50 48 50 54 46 10 75 111 109 112 114 101 115 105 106 97 32 ]: Kod 3967
BAJT [97 115 116 105 116 97 32 112 111 100 97 116 97 107 97 32 50 48 50 54 46 10 75 111 109 112 114 101 115 105 106 97 32 105 32 122 97 115 116 105 116 97 32 112 111 100 97 116 97 107 97 32 50 48 50 54 46 10 75 111 109 112 114 101 115 105 106 97 32 105 32 122 97 115 116 105 116 97 32 112 111 100 97 116 97 107 97 32 50 48 50 54 46 10 75 111 109 112 114 101 115 105 106 97 32 105 ]: Kod 4017
BAJT [97 115 116 105 116 97 32 112 111 100 97 116 97 107 97 32 50 48 50 54 46 10 75 111 109 112 114 101 115 105 106 97 32 105 32 122 97 115 116 105 116 97 32 112 111 100 97 116 97 107 97 32 50 48 50 54 46 10 75 111 109 112 114 101 115 105 106 97 32 105 32 122 97 115 116 105 116 97 32 112 111 100 97 116 97 107 97 32 50 48 50 54 46 10 75 111 109 112 114 101 115 105 106 97 32 105 32 ]: Kod 4062
BAJT [97 115 116 105 116 97 32 112 111 100 97 116 97 107 97 32 50 48 50 54 46 10 75 111 109 112 114 101 115 105 106 97 32 105 32 122 97 115 116 105 116 97 32 112 111 100 97 116 97 107 97 32 50 48 50 54 46 10 75 111 109 112 114 101 115 105 106 97 32 105 32 122 97 115 116 105 116 97 32 112 111 100 97 116 97 107 97 32 50 48 50 54 46 10 75 111 109 112 114 101 115 105 106 97 32 105 32 122 ]: Kod 4088
BAJT [97 116 ]: Kod 279
BAJT [97 116 97 ]: Kod 318
BAJT [97 116 97 107 ]: Kod 333
BAJT [97 116 97 107 97 ]: Kod 376
BAJT [97 116 97 107 97 32 ]: Kod 402
BAJT [97 116 97 107 97 32 50 ]: Kod 437
BAJT [97 116 97 107 97 32 50 48 ]: Kod 488
BAJT [97 116 97 107 97 32 50 48 50 ]: Kod 498
BAJT [97 116 97 107 97 32 50 48 50 54 ]: Kod 575
BAJT [97 116 97 107 97 32 50 48 50 54 46 ]: Kod 594
BAJT [97 116 97 107 97 32 50 48 50 54 46 10 ]: Kod 638
BAJT [97 116 97 107 97 32 50 48 50 54 46 10 75 ]: Kod 651
BAJT [97 116 97 107 97 32 50 48 50 54 46 10 75 111 ]: Kod 720
BAJT [97 116 97 107 97 32 50 48 50 54 46 10 75 111 109 ]: Kod 751
BAJT [97 116 97 107 97 32 50 48 50 54 46 10 75 111 109 112 ]: Kod 761
BAJT [97 116 97 107 97 32 50 48 50 54 46 10 75 111 109 112 114 ]: Kod 817
BAJT [97 116 97 107 97 32 50 48 50 54 46 10 75 111 109 112 114 101 ]: Kod 843
BAJT [97 116 97 107 97 32 50 48 50 54 46 10 75 111 109 112 114 101 115 ]: Kod 882
BAJT [97 116 97 107 97 32 50 48 50 54 46 10 75 111 109 112 114 101 115 105 ]: Kod 884
BAJT [97 116 97 107 97 32 50 48 50 54 46 10 75 111 109 112 114 101 115 105 106 ]: Kod 949
BAJT [97 116 97 107 97 32 50 48 50 54 46 10 75 111 109 112 114 101 115 105 106 97 ]: Kod 981
BAJT [97 116 97 107 97 32 50 48 50 54 46 10 75 111 109 112 114 101 115 105 106 97 32 ]: Kod 1015
BAJT [97 116 97 107 97 32 50 48 50 54 46 10 75 111 109 112 114 101 115 105 106 97 32 105 ]: Kod 1057
BAJT [97 116 97 107 97 32 50 48 50 54 46 10 75 111 109 112 114 101 115 105 106 97 32 105 32 ]: Kod 1082
BAJT [97 116 97 107 97 32 50 48 50 54 46 10 75 111 109 112 114 101 115 105 106 97 32 105 32 122 ]: Kod 1141
BAJT [97 116 97 107 97 32 50 48 50 54 46 10 75 111 109 112 114 101 115 105 106 97 32 105 32 122 97 ]: Kod 1172
BAJT [97 116 97 107 97 32 50 48 50 54 46 10 75 111 109 112 114 101 115 105 106 97 32 105 32 122 97 115 ]: Kod 1215
BAJT [97 116 97 107 97 32 50 48 50 54 46 10 75 111 109 112 114 101 115 105 106 97 32 105 32 122 97 115 116 ]: Kod 1258
BAJT [97 116 97 107 97 32 50 48 50 54 46 10 75 111 109 112 114 101 115 105 106 97 32 105 32 122 97 115 116 105 ]: Kod 1273
BAJT [97 116 97 107 97 32 50 48 50 54 46 10 75 111 109 112 114 101 115 105 106 97 32 105 32 122 97 115 116 105 116 ]: Kod 1289
BAJT [97 116 97 107 97 32 50 48 50 54 46 10 75 111 109 112 114 101 115 105 106 97 32 105 32 122 97 115 116 105 116 97 ]: Kod 1357
BAJT [97 116 97 107 97 32 50 48 50 54 46 10 75 111 109 112 114 101 115 105 106 97 32 105 32 122 97 115 116 105 116 97 32 ]: Kod 1390
BAJT [97 116 97 107 97 32 50 48 50 54 46 10 75 111 109 112 114 101 115 105 106 97 32 105 32 122 97 115 116 105 116 97 32 112 ]: Kod 1409
BAJT [97 116 97 107 97 32 50 48 50 54 46 10 75 111 109 112 114 101 115 105 106 97 32 105 32 122 97 115 116 105 116 97 32 112 111 ]: Kod 1448
BAJT [97 116 97 107 97 32 50 48 50 54 46 10 75 111 109 112 114 101 115 105 106 97 32 105 32 122 97 115 116 105 116 97 32 112 111 100 ]: Kod 1487
BAJT [97 116 97 107 97 32 50 48 50 54 46 10 75 111 109 112 114 101 115 105 106 97 32 105 32 122 97 115 116 105 116 97 32 112 111 100 97 ]: Kod 1558
BAJT [97 116 97 107 97 32 50 48 50 54 46 10 75 111 109 112 114 101 115 105 106 97 32 105 32 122 97 115 116 105 116 97 32 112 111 100 97 116 ]: Kod 1559
BAJT [97 116 97 107 97 32 50 48 50 54 46 10 75 111 109 112 114 101 115 105 106 97 32 105 32 122 97 115 116 105 116 97 32 112 111 100 97 116 97 ]: Kod 1612
BAJT [97 116 97 107 97 32 50 48 50 54 46 10 75 111 109 112 114 101 115 105 106 97 32 105 32 122 97 115 116 105 116 97 32 112 111 100 97 116 97 107 ]: Kod 1629
BAJT [97 116 97 107 97 32 50 48 50 54 46 10 75 111 109 112 114 101 115 105 106 97 32 105 32 122 97 115 116 105 116 97 32 112 111 100 97 116 97 107 97 ]: Kod 1672
BAJT [97 116 97 107 97 32 50 48 50 54 46 10 75 111 109 112 114 101 115 105 106 97 32 105 32 122 97 115 116 105 116 97 32 112 111 100 97 116 97 107 97 32 ]: Kod 1698
BAJT [97 116 97 107 97 32 50 48 50 54 46 10 75 111 109 112 114 101 115 105 106 97 32 105 32 122 97 115 116 105 116 97 32 112 111 100 97 116 97 107 97 32 50 ]: Kod 1733
BAJT [97 116 97 107 97 32 50 48 50 54 46 10 75 111 109 112 114 101 115 105 106 97 32 105 32 122 97 115 116 105 116 97 32 112 111 100 97 116 97 107 97 32 50 48 ]: Kod 1784
BAJT [97 116 97 107 97 32 50 48 50 54 46 10 75 111 109 112 114 101 115 105 106 97 32 105 32 122 97 115 116 105 116 97 32 112 111 100 97 116 97 107 97 32 50 48 50 ]: Kod 1794
BAJT [97 116 97 107 97 32 50 48 50 54 46 10 75 111 109 112 114 101 115 105 106 97 32 105 32 122 97 115 116 105 116 97 32 112 111 100 97 116 97 107 97 32 50 48 50 54 ]: Kod 1871
BAJT [97 116 97 107 97 32 50 48 50 54 46 10 75 111 109 112 114 101 115 105 106 97 32 105 32 122 97 115 116 105 116 97 32 112 111 100 97 116 97 107 97 32 50 48 50 54 46 ]: Kod 1890
BAJT [97 116 97 107 97 32 50 48 50 54 46 10 75 111 109 112 114 101 115 105 106 97 32 105 32 122 97 115 116 105 116 97 32 112 111 100 97 116 97 107 97 32 50 48 50 54 46 10 ]: Kod 1934
BAJT [97 116 97 107 97 32 50 48 50 54 46 10 75 111 109 112 114 101 115 105 106 97 32 105 32 122 97 115 116 105 116 97 32 112 111 100 97 116 97 107 97 32 50 48 50 54 46 10 75 ]: Kod 1947
BAJT [97 116 97 107 97 32 50 48 50 54 46 10 75 111 109 112 114 101 115 105 106 97 32 105 32 122 97 115 116 105 116 97 32 112 111 100 97 116 97 107 97 32 50 48 50 54 46 10 75 111 ]: Kod 2016
BAJT [97 116 97 107 97 32 50 48 50 54 46 10 75 111 109 112 114 101 115 105 106 97 32 105 32 122 97 115 116 105 116 97 32 112 111 100 97 116 97 107 97 32 50 48 50 54 46 10 75 111 109 ]: Kod 2047
BAJT [97 116 97 107 97 32 50 48 50 54 46 10 75 111 109 112 114 101 115 105 106 97 32 105 32 122 97 115 116 105 116 97 32 112 111 100 97 116 97 107 97 32 50 48 50 54 46 10 75 111 109 112 ]: Kod 2057
BAJT [97 116 97 107 97 32 50 48 50 54 46 10 75 111 109 112 114 101 115 105 106 97 32 105 32 122 97 115 116 105 116 97 32 112 111 100 97 116 97 107 97 32 50 48 50 54 46 10 75 111 109 112 114 ]: Kod 2113
BAJT [97 116 97 107 97 32 50 48 50 54 46 10 75 111 109 112 114 101 115 105 106 97 32 105 32 122 97 115 116 105 116 97 32 112 111 100 97 116 97 107 97 32 50 48 50 54 46 10 75 111 109 112 114 101 ]: Kod 2139
BAJT [97 116 97 107 97 32 50 48 50 54 46 10 75 111 109 112 114 101 115 105 106 97 32 105 32 122 97 115 116 105 116 97 32 112 111 100 97 116 97 107 97 32 50 48 50 54 46 10 75 111 109 112 114 101 115 ]: Kod 2178
BAJT [97 116 97 107 97 32 50 48 50 54 46 10 75 111 109 112 114 101 115 105 106 97 32 105 32 122 97 115 116 105 116 97 32 112 111 100 97 116 97 107 97 32 50 48 50 54 46 10 75 111 109 112 114 101 115 105 ]: Kod 2180
BAJT [97 116 97 107 97 32 50 48 50 54 46 10 75 111 109 112 114 101 115 105 106 97 32 105 32 122 97 115 116 105 116 97 32 112 111 100 97 116 97 107 97 32 50 48 50 54 46 10 75 111 109 112 114 101 115 105 106 ]: Kod 2245
BAJT [97 116 97 107 97 32 50 48 50 54 46 10 75 111 109 112 114 101 115 105 106 97 32 105 32 122 97 115 116 105 116 97 32 112 111 100 97 116 97 107 97 32 50 48 50 54 46 10 75 111 109 112 114 101 115 105 106 97 ]: Kod 2277
BAJT [97 116 97 107 97 32 50 48 50 54 46 10 75 111 109 112 114 101 115 105 106 97 32 105 32 122 97 115 116 105 116 97 32 112 111 100 97 116 97 107 97 32 50 48 50 54 46 10 75 111 109 112 114 101 115 105 106 97 32 ]: Kod 2311
BAJT [97 116 97 107 97 32 50 48 50 54 46 10 75 111 109 112 114 101 115 105 106 97 32 105 32 122 97 115 116 105 116 97 32 112 111 100 97 116 97 107 97 32 50 48 50 54 46 10 75 111 109 112 114 101 115 105 106 97 32 105 ]: Kod 2353
BAJT [97 116 97 107 97 32 50 48 50 54 46 10 75 111 109 112 114 101 115 105 106 97 32 105 32 122 97 115 116 105 116 97 32 112 111 100 97 116 97 107 97 32 50 48 50 54 46 10 75 111 109 112 114 101 115 105 106 97 32 105 32 ]: Kod 2378
BAJT [97 116 97 107 97 32 50 48 50 54 46 10 75 111 109 112 114 101 115 105 106 97 32 105 32 122 97 115 116 105 116 97 32 112 111 100 97 116 97 107 97 32 50 48 50 54 46 10 75 111 109 112 114 101 115 105 106 97 32 105 32 122 ]: Kod 2437
BAJT [97 116 97 107 97 32 50 48 50 54 46 10 75 111 109 112 114 101 115 105 106 97 32 105 32 122 97 115 116 105 116 97 32 112 111 100 97 116 97 107 97 32 50 48 50 54 46 10 75 111 109 112 114 101 115 105 106 97 32 105 32 122 97 ]: Kod 2468
BAJT [97 116 97 107 97 32 50 48 50 54 46 10 75 111 109 112 114 101 115 105 106 97 32 105 32 122 97 115 116 105 116 97 32 112 111 100 97 116 97 107 97 32 50 48 50 54 46 10 75 111 109 112 114 101 115 105 106 97 32 105 32 122 97 115 ]: Kod 2511
BAJT [97 116 97 107 97 32 50 48 50 54 46 10 75 111 109 112 114 101 115 105 106 97 32 105 32 122 97 115 116 105 116 97 32 112 111 100 97 116 97 107 97 32 50 48 50 54 46 10 75 111 109 112 114 101 115 105 106 97 32 105 32 122 97 115 116 ]: Kod 2554
BAJT [97 116 97 107 97 32 50 48 50 54 46 10 75 111 109 112 114 101 115 105 106 97 32 105 32 122 97 115 116 105 116 97 32 112 111 100 97 116 97 107 97 32 50 48 50 54 46 10 75 111 109 112 114 101 115 105 106 97 32 105 32 122 97 115 116 105 ]: Kod 2569
BAJT [97 116 97 107 97 32 50 48 50 54 46 10 75 111 109 112 114 101 115 105 106 97 32 105 32 122 97 115 116 105 116 97 32 112 111 100 97 116 97 107 97 32 50 48 50 54 46 10 75 111 109 112 114 101 115 105 106 97 32 105 32 122 97 115 116 105 116 ]: Kod 2585
BAJT [97 116 97 107 97 32 50 48 50 54 46 10 75 111 109 112 114 101 115 105 106 97 32 105 32 122 97 115 116 105 116 97 32 112 111 100 97 116 97 107 97 32 50 48 50 54 46 10 75 111 109 112 114 101 115 105 106 97 32 105 32 122 97 115 116 105 116 97 ]: Kod 2653
BAJT [97 116 97 107 97 32 50 48 50 54 46 10 75 111 109 112 114 101 115 105 106 97 32 105 32 122 97 115 116 105 116 97 32 112 111 100 97 116 97 107 97 32 50 48 50 54 46 10 75 111 109 112 114 101 115 105 106 97 32 105 32 122 97 115 116 105 116 97 32 ]: Kod 2686
BAJT [97 116 97 107 97 32 50 48 50 54 46 10 75 111 109 112 114 101 115 105 106 97 32 105 32 122 97 115 116 105 116 97 32 112 111 100 97 116 97 107 97 32 50 48 50 54 46 10 75 111 109 112 114 101 115 105 106 97 32 105 32 122 97 115 116 105 116 97 32 112 ]: Kod 2705
BAJT [97 116 97 107 97 32 50 48 50 54 46 10 75 111 109 112 114 101 115 105 106 97 32 105 32 122 97 115 116 105 116 97 32 112 111 100 97 116 97 107 97 32 50 48 50 54 46 10 75 111 109 112 114 101 115 105 106 97 32 105 32 122 97 115 116 105 116 97 32 112 111 ]: Kod 2744
BAJT [97 116 97 107 97 32 50 48 50 54 46 10 75 111 109 112 114 101 115 105 106 97 32 105 32 122 97 115 116 105 116 97 32 112 111 100 97 116 97 107 97 32 50 48 50 54 46 10 75 111 109 112 114 101 115 105 106 97 32 105 32 122 97 115 116 105 116 97 32 112 111 100 ]: Kod 2783
BAJT [97 116 97 107 97 32 50 48 50 54 46 10 75 111 109 112 114 101 115 105 106 97 32 105 32 122 97 115 116 105 116 97 32 112 111 100 97 116 97 107 97 32 50 48 50 54 46 10 75 111 109 112 114 101 115 105 106 97 32 105 32 122 97 115 116 105 116 97 32 112 111 100 97 ]: Kod 2854
BAJT [97 116 97 107 97 32 50 48 50 54 46 10 75 111 109 112 114 101 115 105 106 97 32 105 32 122 97 115 116 105 116 97 32 112 111 100 97 116 97 107 97 32 50 48 50 54 46 10 75 111 109 112 114 101 115 105 106 97 32 105 32 122 97 115 116 105 116 97 32 112 111 100 97 116 ]: Kod 2855
BAJT [97 116 97 107 97 32 50 48 50 54 46 10 75 111 109 112 114 101 115 105 106 97 32 105 32 122 97 115 116 105 116 97 32 112 111 100 97 116 97 107 97 32 50 48 50 54 46 10 75 111 109 112 114 101 115 105 106 97 32 105 32 122 97 115 116 105 116 97 32 112 111 100 97 116 97 ]: Kod 2908
BAJT [97 116 97 107 97 32 50 48 50 54 46 10 75 111 109 112 114 101 115 105 106 97 32 105 32 122 97 115 116 105 116 97 32 112 111 100 97 116 97 107 97 32 50 48 50 54 46 10 75 111 109 112 114 101 115 105 106 97 32 105 32 122 97 115 116 105 116 97 32 112 111 100 97 116 97 107 ]: Kod 2925
BAJT [97 116 97 107 97 32 50 48 50 54 46 10 75 111 109 112 114 101 115 105 106 97 32 105 32 122 97 115 116 105 116 97 32 112 111 100 97 116 97 107 97 32 50 48 50 54 46 10 75 111 109 112 114 101 115 105 106 97 32 105 32 122 97 115 116 105 116 97 32 112 111 100 97 116 97 107 97 ]: Kod 2968
BAJT [97 116 97 107 97 32 50 48 50 54 46 10 75 111 109 112 114 101 115 105 106 97 32 105 32 122 97 115 116 105 116 97 32 112 111 100 97 116 97 107 97 32 50 48 50 54 46 10 75 111 109 112 114 101 115 105 106 97 32 105 32 122 97 115 116 105 116 97 32 112 111 100 97 116 97 107 97 32 ]: Kod 2994
BAJT [97 116 97 107 97 32 50 48 50 54 46 10 75 111 109 112 114 101 115 105 106 97 32 105 32 122 97 115 116 105 116 97 32 112 111 100 97 116 97 107 97 32 50 48 50 54 46 10 75 111 109 112 114 101 115 105 106 97 32 105 32 122 97 115 116 105 116 97 32 112 111 100 97 116 97 107 97 32 50 ]: Kod 3029
BAJT [97 116 97 107 97 32 50 48 50 54 46 10 75 111 109 112 114 101 115 105 106 97 32 105 32 122 97 115 116 105 116 97 32 112 111 100 97 116 97 107 97 32 50 48 50 54 46 10 75 111 109 112 114 101 115 105 106 97 32 105 32 122 97 115 116 105 116 97 32 112 111 100 97 116 97 107 97 32 50 48 ]: Kod 3080
BAJT [97 116 97 107 97 32 50 48 50 54 46 10 75 111 109 112 114 101 115 105 106 97 32 105 32 122 97 115 116 105 116 97 32 112 111 100 97 116 97 107 97 32 50 48 50 54 46 10 75 111 109 112 114 101 115 105 106 97 32 105 32 122 97 115 116 105 116 97 32 112 111 100 97 116 97 107 97 32 50 48 50 ]: Kod 3090
BAJT [97 116 97 107 97 32 50 48 50 54 46 10 75 111 109 112 114 101 115 105 106 97 32 105 32 122 97 115 116 105 116 97 32 112 111 100 97 116 97 107 97 32 50 48 50 54 46 10 75 111 109 112 114 101 115 105 106 97 32 105 32 122 97 115 116 105 116 97 32 112 111 100 97 116 97 107 97 32 50 48 50 54 ]: Kod 3167
BAJT [97 116 97 107 97 32 50 48 50 54 46 10 75 111 109 112 114 101 115 105 106 97 32 105 32 122 97 115 116 105 116 97 32 112 111 100 97 116 97 107 97 32 50 48 50 54 46 10 75 111 109 112 114 101 115 105 106 97 32 105 32 122 97 115 116 105 116 97 32 112 111 100 97 116 97 107 97 32 50 48 50 54 46 ]: Kod 3186
BAJT [97 116 97 107 97 32 50 48 50 54 46 10 75 111 109 112 114 101 115 105 106 97 32 105 32 122 97 115 116 105 116 97 32 112 111 100 97 116 97 107 97 32 50 48 50 54 46 10 75 111 109 112 114 101 115 105 106 97 32 105 32 122 97 115 116 105 116 97 32 112 111 100 97 116 97 107 97 32 50 48 50 54 46 10 ]: Kod 3230
BAJT [97 116 97 107 97 32 50 48 50 54 46 10 75 111 109 112 114 101 115 105 106 97 32 105 32 122 97 115 116 105 116 97 32 112 111 100 97 116 97 107 97 32 50 48 50 54 46 10 75 111 109 112 114 101 115 105 106 97 32 105 32 122 97 115 116 105 116 97 32 112 111 100 97 116 97 107 97 32 50 48 50 54 46 10 75 ]: Kod 3243
BAJT [97 116 97 107 97 32 50 48 50 54 46 10 75 111 109 112 114 101 115 105 106 97 32 105 32 122 97 115 116 105 116 97 32 112 111 100 97 116 97 107 97 32 50 48 50 54 46 10 75 111 109 112 114 101 115 105 106 97 32 105 32 122 97 115 116 105 116 97 32 112 111 100 97 116 97 107 97 32 50 48 50 54 46 10 75 111 ]: Kod 3312
BAJT [97 116 97 107 97 32 50 48 50 54 46 10 75 111 109 112 114 101 115 105 106 97 32 105 32 122 97 115 116 105 116 97 32 112 111 100 97 116 97 107 97 32 50 48 50 54 46 10 75 111 109 112 114 101 115 105 106 97 32 105 32 122 97 115 116 105 116 97 32 112 111 100 97 116 97 107 97 32 50 48 50 54 46 10 75 111 109 ]: Kod 3343
BAJT [97 116 97 107 97 32 50 48 50 54 46 10 75 111 109 112 114 101 115 105 106 97 32 105 32 122 97 115 116 105 116 97 32 112 111 100 97 116 97 107 97 32 50 48 50 54 46 10 75 111 109 112 114 101 115 105 106 97 32 105 32 122 97 115 116 105 116 97 32 112 111 100 97 116 97 107 97 32 50 48 50 54 46 10 75 111 109 112 ]: Kod 3353
BAJT [97 116 97 107 97 32 50 48 50 54 46 10 75 111 109 112 114 101 115 105 106 97 32 105 32 122 97 115 116 105 116 97 32 112 111 100 97 116 97 107 97 32 50 48 50 54 46 10 75 111 109 112 114 101 115 105 106 97 32 105 32 122 97 115 116 105 116 97 32 112 111 100 97 116 97 107 97 32 50 48 50 54 46 10 75 111 109 112 114 ]: Kod 3409
BAJT [97 116 97 107 97 32 50 48 50 54 46 10 75 111 109 112 114 101 115 105 106 97 32 105 32 122 97 115 116 105 116 97 32 112 111 100 97 116 97 107 97 32 50 48 50 54 46 10 75 111 109 112 114 101 115 105 106 97 32 105 32 122 97 115 116 105 116 97 32 112 111 100 97 116 97 107 97 32 50 48 50 54 46 10 75 111 109 112 114 101 ]: Kod 3435
BAJT [97 116 97 107 97 32 50 48 50 54 46 10 75 111 109 112 114 101 115 105 106 97 32 105 32 122 97 115 116 105 116 97 32 112 111 100 97 116 97 107 97 32 50 48 50 54 46 10 75 111 109 112 114 101 115 105 106 97 32 105 32 122 97 115 116 105 116 97 32 112 111 100 97 116 97 107 97 32 50 48 50 54 46 10 75 111 109 112 114 101 115 ]: Kod 3474
BAJT [97 116 97 107 97 32 50 48 50 54 46 10 75 111 109 112 114 101 115 105 106 97 32 105 32 122 97 115 116 105 116 97 32 112 111 100 97 116 97 107 97 32 50 48 50 54 46 10 75 111 109 112 114 101 115 105 106 97 32 105 32 122 97 115 116 105 116 97 32 112 111 100 97 116 97 107 97 32 50 48 50 54 46 10 75 111 109 112 114 101 115 105 ]: Kod 3476
BAJT [97 116 97 107 97 32 50 48 50 54 46 10 75 111 109 112 114 101 115 105 106 97 32 105 32 122 97 115 116 105 116 97 32 112 111 100 97 116 97 107 97 32 50 48 50 54 46 10 75 111 109 112 114 101 115 105 106 97 32 105 32 122 97 115 116 105 116 97 32 112 111 100 97 116 97 107 97 32 50 48 50 54 46 10 75 111 109 112 114 101 115 105 106 ]: Kod 3541
BAJT [97 116 97 107 97 32 50 48 50 54 46 10 75 111 109 112 114 101 115 105 106 97 32 105 32 122 97 115 116 105 116 97 32 112 111 100 97 116 97 107 97 32 50 48 50 54 46 10 75 111 109 112 114 101 115 105 106 97 32 105 32 122 97 115 116 105 116 97 32 112 111 100 97 116 97 107 97 32 50 48 50 54 46 10 75 111 109 112 114 101 115 105 106 97 ]: Kod 3573
BAJT [97 116 97 107 97 32 50 48 50 54 46 10 75 111 109 112 114 101 115 105 106 97 32 105 32 122 97 115 116 105 116 97 32 112 111 100 97 116 97 107 97 32 50 48 50 54 46 10 75 111 109 112 114 101 115 105 106 97 32 105 32 122 97 115 116 105 116 97 32 112 111 100 97 116 97 107 97 32 50 48 50 54 46 10 75 111 109 112 114 101 115 105 106 97 32 ]: Kod 3607
BAJT [97 116 97 107 97 32 50 48 50 54 46 10 75 111 109 112 114 101 115 105 106 97 32 105 32 122 97 115 116 105 116 97 32 112 111 100 97 116 97 107 97 32 50 48 50 54 46 10 75 111 109 112 114 101 115 105 106 97 32 105 32 122 97 115 116 105 116 97 32 112 111 100 97 116 97 107 97 32 50 48 50 54 46 10 75 111 109 112 114 101 115 105 106 97 32 105 ]: Kod 3649
BAJT [97 116 97 107 97 32 50 48 50 54 46 10 75 111 109 112 114 101 115 105 106 97 32 105 32 122 97 115 116 105 116 97 32 112 111 100 97 116 97 107 97 32 50 48 50 54 46 10 75 111 109 112 114 101 115 105 106 97 32 105 32 122 97 115 116 105 116 97 32 112 111 100 97 116 97 107 97 32 50 48 50 54 46 10 75 111 109 112 114 101 115 105 106 97 32 105 32 ]: Kod 3674
BAJT [97 116 97 107 97 32 50 48 50 54 46 10 75 111 109 112 114 101 115 105 106 97 32 105 32 122 97 115 116 105 116 97 32 112 111 100 97 116 97 107 97 32 50 48 50 54 46 10 75 111 109 112 114 101 115 105 106 97 32 105 32 122 97 115 116 105 116 97 32 112 111 100 97 116 97 107 97 32 50 48 50 54 46 10 75 111 109 112 114 101 115 105 106 97 32 105 32 122 ]: Kod 3733
BAJT [97 116 97 107 97 32 50 48 50 54 46 10 75 111 109 112 114 101 115 105 106 97 32 105 32 122 97 115 116 105 116 97 32 112 111 100 97 116 97 107 97 32 50 48 50 54 46 10 75 111 109 112 114 101 115 105 106 97 32 105 32 122 97 115 116 105 116 97 32 112 111 100 97 116 97 107 97 32 50 48 50 54 46 10 75 111 109 112 114 101 115 105 106 97 32 105 32 122 97 ]: Kod 3764
BAJT [97 116 97 107 97 32 50 48 50 54 46 10 75 111 109 112 114 101 115 105 106 97 32 105 32 122 97 115 116 105 116 97 32 112 111 100 97 116 97 107 97 32 50 48 50 54 46 10 75 111 109 112 114 101 115 105 106 97 32 105 32 122 97 115 116 105 116 97 32 112 111 100 97 116 97 107 97 32 50 48 50 54 46 10 75 111 109 112 114 101 115 105 106 97 32 105 32 122 97 115 ]: Kod 3807
BAJT [97 116 97 107 97 32 50 48 50 54 46 10 75 111 109 112 114 101 115 105 106 97 32 105 32 122 97 115 116 105 116 97 32 112 111 100 97 116 97 107 97 32 50 48 50 54 46 10 75 111 109 112 114 101 115 105 106 97 32 105 32 122 97 115 116 105 116 97 32 112 111 100 97 116 97 107 97 32 50 48 50 54 46 10 75 111 109 112 114 101 115 105 106 97 32 105 32 122 97 115 116 ]: Kod 3850
BAJT [97 116 97 107 97 32 50 48 50 54 46 10 75 111 109 112 114 101 115 105 106 97 32 105 32 122 97 115 116 105 116 97 32 112 111 100 97 116 97 107 97 32 50 48 50 54 46 10 75 111 109 112 114 101 115 105 106 97 32 105 32 122 97 115 116 105 116 97 32 112 111 100 97 116 97 107 97 32 50 48 50 54 46 10 75 111 109 112 114 101 115 105 106 97 32 105 32 122 97 115 116 105 ]: Kod 3865
BAJT [97 116 97 107 97 32 50 48 50 54 46 10 75 111 109 112 114 101 115 105 106 97 32 105 32 122 97 115 116 105 116 97 32 112 111 100 97 116 97 107 97 32 50 48 50 54 46 10 75 111 109 112 114 101 115 105 106 97 32 105 32 122 97 115 116 105 116 97 32 112 111 100 97 116 97 107 97 32 50 48 50 54 46 10 75 111 109 112 114 101 115 105 106 97 32 105 32 122 97 115 116 105 116 ]: Kod 3881
BAJT [97 116 97 107 97 32 50 48 50 54 46 10 75 111 109 112 114 101 115 105 106 97 32 105 32 122 97 115 116 105 116 97 32 112 111 100 97 116 97 107 97 32 50 48 50 54 46 10 75 111 109 112 114 101 115 105 106 97 32 105 32 122 97 115 116 105 116 97 32 112 111 100 97 116 97 107 97 32 50 48 50 54 46 10 75 111 109 112 114 101 115 105 106 97 32 105 32 122 97 115 116 105 116 97 ]: Kod 3949
BAJT [97 116 97 107 97 32 50 48 50 54 46 10 75 111 109 112 114 101 115 105 106 97 32 105 32 122 97 115 116 105 116 97 32 112 111 100 97 116 97 107 97 32 50 48 50 54 46 10 75 111 109 112 114 101 115 105 106 97 32 105 32 122 97 115 116 105 116 97 32 112 111 100 97 116 97 107 97 32 50 48 50 54 46 10 75 111 109 112 114 101 115 105 106 97 32 105 32 122 97 115 116 105 116 97 32 ]: Kod 3982
BAJT [97 116 97 107 97 32 50 48 50 54 46 10 75 111 109 112 114 101 115 105 106 97 32 105 32 122 97 115 116 105 116 97 32 112 111 100 97 116 97 107 97 32 50 48 50 54 46 10 75 111 109 112 114 101 115 105 106 97 32 105 32 122 97 115 116 105 116 97 32 112 111 100 97 116 97 107 97 32 50 48 50 54 46 10 75 111 109 112 114 101 115 105 106 97 32 105 32 122 97 115 116 105 116 97 32 112 ]: Kod 4001
BAJT [97 116 97 107 97 32 50 48 50 54 46 10 75 111 109 112 114 101 115 105 106 97 32 105 32 122 97 115 116 105 116 97 32 112 111 100 97 116 97 107 97 32 50 48 50 54 46 10 75 111 109 112 114 101 115 105 106 97 32 105 32 122 97 115 116 105 116 97 32 112 111 100 97 116 97 107 97 32 50 48 50 54 46 10 75 111 109 112 114 101 115 105 106 97 32 105 32 122 97 115 116 105 116 97 32 112 111 ]: Kod 4040
BAJT [97 116 97 107 97 32 50 48 50 54 46 10 75 111 109 112 114 101 115 105 106 97 32 105 32 122 97 115 116 105 116 97 32 112 111 100 97 116 97 107 97 32 50 48 50 54 46 10 75 111 109 112 114 101 115 105 106 97 32 105 32 122 97 115 116 105 116 97 32 112 111 100 97 116 97 107 97 32 50 48 50 54 46 10 75 111 109 112 114 101 115 105 106 97 32 105 32 122 97 115 116 105 116 97 32 112 111 100 ]: Kod 4079
BAJT [98 ]: Kod 98
BAJT [99 ]: Kod 99
BAJT [100 ]: Kod 100
BAJT [100 97 ]: Kod 278
BAJT [100 97 116 ]: Kod 301
BAJT [100 97 116 97 ]: Kod 344
BAJT [100 97 116 97 107 ]: Kod 367
BAJT [100 97 116 97 107 97 ]: Kod 430
BAJT [100 97 116 97 107 97 32 ]: Kod 466
BAJT [100 97 116 97 107 97 32 50 ]: Kod 493
BAJT [100 97 116 97 107 97 32 50 48 ]: Kod 517
BAJT [100 97 116 97 107 97 32 50 48 50 ]: Kod 571
BAJT [100 97 116 97 107 97 32 50 48 50 54 ]: Kod 601
BAJT [100 97 116 97 107 97 32 50 48 50 54 46 ]: Kod 628
BAJT [100 97 116 97 107 97 32 50 48 50 54 46 10 ]: Kod 692
BAJT [100 97 116 97 107 97 32 50 48 50 54 46 10 75 ]: Kod 695
BAJT [100 97 116 97 107 97 32 50 48 50 54 46 10 75 111 ]: Kod 738
BAJT [100 97 116 97 107 97 32 50 48 50 54 46 10 75 111 109 ]: Kod 780
BAJT [100 97 116 97 107 97 32 50 48 50 54 46 10 75 111 109 112 ]: Kod 826
BAJT [100 97 116 97 107 97 32 50 48 50 54 46 10 75 111 109 112 114 ]: Kod 860
BAJT [100 97 116 97 107 97 32 50 48 50 54 46 10 75 111 109 112 114 101 ]: Kod 880
BAJT [100 97 116 97 107 97 32 50 48 50 54 46 10 75 111 109 112 114 101 115 ]: Kod 925
BAJT [100 97 116 97 107 97 32 50 48 50 54 46 10 75 111 109 112 114 101 115 105 ]: Kod 940
BAJT [100 97 116 97 107 97 32 50 48 50 54 46 10 75 111 109 112 114 101 115 105 106 ]: Kod 998
BAJT [100 97 116 97 107 97 32 50 48 50 54 46 10 75 111 109 112 114 101 115 105 106 97 ]: Kod 1028
BAJT [100 97 116 97 107 97 32 50 48 50 54 46 10 75 111 109 112 114 101 115 105 106 97 32 ]: Kod 1046
BAJT [100 97 116 97 107 97 32 50 48 50 54 46 10 75 111 109 112 114 101 115 105 106 97 32 105 ]: Kod 1128
BAJT [100 97 116 97 107 97 32 50 48 50 54 46 10 75 111 109 112 114 101 115 105 106 97 32 105 32 ]: Kod 1151
BAJT [100 97 116 97 107 97 32 50 48 50 54 46 10 75 111 109 112 114 101 115 105 106 97 32 105 32 122 ]: Kod 1165
BAJT [100 97 116 97 107 97 32 50 48 50 54 46 10 75 111 109 112 114 101 115 105 106 97 32 105 32 122 97 ]: Kod 1211
BAJT [100 97 116 97 107 97 32 50 48 50 54 46 10 75 111 109 112 114 101 115 105 106 97 32 105 32 122 97 115 ]: Kod 1249
BAJT [100 97 116 97 107 97 32 50 48 50 54 46 10 75 111 109 112 114 101 115 105 106 97 32 105 32 122 97 115 116 ]: Kod 1268
BAJT [100 97 116 97 107 97 32 50 48 50 54 46 10 75 111 109 112 114 101 115 105 106 97 32 105 32 122 97 115 116 105 ]: Kod 1330
BAJT [100 97 116 97 107 97 32 50 48 50 54 46 10 75 111 109 112 114 101 115 105 106 97 32 105 32 122 97 115 116 105 116 ]: Kod 1373
BAJT [100 97 116 97 107 97 32 50 48 50 54 46 10 75 111 109 112 114 101 115 105 106 97 32 105 32 122 97 115 116 105 116 97 ]: Kod 1399
BAJT [100 97 116 97 107 97 32 50 48 50 54 46 10 75 111 109 112 114 101 115 105 106 97 32 105 32 122 97 115 116 105 116 97 32 ]: Kod 1434
BAJT [100 97 116 97 107 97 32 50 48 50 54 46 10 75 111 109 112 114 101 115 105 106 97 32 105 32 122 97 115 116 105 116 97 32 112 ]: Kod 1465
BAJT [100 97 116 97 107 97 32 50 48 50 54 46 10 75 111 109 112 114 101 115 105 106 97 32 105 32 122 97 115 116 105 116 97 32 112 111 ]: Kod 1488
BAJT [100 97 116 97 107 97 32 50 48 50 54 46 10 75 111 109 112 114 101 115 105 106 97 32 105 32 122 97 115 116 105 116 97 32 112 111 100 ]: Kod 1556
BAJT [100 97 116 97 107 97 32 50 48 50 54 46 10 75 111 109 112 114 101 115 105 106 97 32 105 32 122 97 115 116 105 116 97 32 112 111 100 97 ]: Kod 1557
BAJT [100 97 116 97 107 97 32 50 48 50 54 46 10 75 111 109 112 114 101 115 105 106 97 32 105 32 122 97 115 116 105 116 97 32 112 111 100 97 116 ]: Kod 1595
BAJT [100 97 116 97 107 97 32 50 48 50 54 46 10 75 111 109 112 114 101 115 105 106 97 32 105 32 122 97 115 116 105 116 97 32 112 111 100 97 116 97 ]: Kod 1640
BAJT [100 97 116 97 107 97 32 50 48 50 54 46 10 75 111 109 112 114 101 115 105 106 97 32 105 32 122 97 115 116 105 116 97 32 112 111 100 97 116 97 107 ]: Kod 1663
BAJT [100 97 116 97 107 97 32 50 48 50 54 46 10 75 111 109 112 114 101 115 105 106 97 32 105 32 122 97 115 116 105 116 97 32 112 111 100 97 116 97 107 97 ]: Kod 1726
BAJT [100 97 116 97 107 97 32 50 48 50 54 46 10 75 111 109 112 114 101 115 105 106 97 32 105 32 122 97 115 116 105 116 97 32 112 111 100 97 116 97 107 97 32 ]: Kod 1762
BAJT [100 97 116 97 107 97 32 50 48 50 54 46 10 75 111 109 112 114 101 115 105 106 97 32 105 32 122 97 115 116 105 116 97 32 112 111 100 97 116 97 107 97 32 50 ]: Kod 1789
BAJT [100 97 116 97 107 97 32 50 48 50 54 46 10 75 111 109 112 114 101 115 105 106 97 32 105 32 122 97 115 116 105 116 97 32 112 111 100 97 116 97 107 97 32 50 48 ]: Kod 1813
BAJT [100 97 116 97 107 97 32 50 48 50 54 46 10 75 111 109 112 114 101 115 105 106 97 32 105 32 122 97 115 116 105 116 97 32 112 111 100 97 116 97 107 97 32 50 48 50 ]: Kod 1867
BAJT [100 97 116 97 107 97 32 50 48 50 54 46 10 75 111 109 112 114 101 115 105 106 97 32 105 32 122 97 115 116 105 116 97 32 112 111 100 97 116 97 107 97 32 50 48 50 54 ]: Kod 1897
BAJT [100 97 116 97 107 97 32 50 48 50 54 46 10 75 111 109 112 114 101 115 105 106 97 32 105 32 122 97 115 116 105 116 97 32 112 111 100 97 116 97 107 97 32 50 48 50 54 46 ]: Kod 1924
BAJT [100 97 116 97 107 97 32 50 48 50 54 46 10 75 111 109 112 114 101 115 105 106 97 32 105 32 122 97 115 116 105 116 97 32 112 111 100 97 116 97 107 97 32 50 48 50 54 46 10 ]: Kod 1988
BAJT [100 97 116 97 107 97 32 50 48 50 54 46 10 75 111 109 112 114 101 115 105 106 97 32 105 32 122 97 115 116 105 116 97 32 112 111 100 97 116 97 107 97 32 50 48 50 54 46 10 75 ]: Kod 1991
BAJT [100 97 116 97 107 97 32 50 48 50 54 46 10 75 111 109 112 114 101 115 105 106 97 32 105 32 122 97 115 116 105 116 97 32 112 111 100 97 116 97 107 97 32 50 48 50 54 46 10 75 111 ]: Kod 2034
BAJT [100 97 116 97 107 97 32 50 48 50 54 46 10 75 111 109 112 114 101 115 105 106 97 32 105 32 122 97 115 116 105 116 97 32 112 111 100 97 116 97 107 97 32 50 48 50 54 46 10 75 111 109 ]: Kod 2076
BAJT [100 97 116 97 107 97 32 50 48 50 54 46 10 75 111 109 112 114 101 115 105 106 97 32 105 32 122 97 115 116 105 116 97 32 112 111 100 97 116 97 107 97 32 50 48 50 54 46 10 75 111 109 112 ]: Kod 2122
BAJT [100 97 116 97 107 97 32 50 48 50 54 46 10 75 111 109 112 114 101 115 105 106 97 32 105 32 122 97 115 116 105 116 97 32 112 111 100 97 116 97 107 97 32 50 48 50 54 46 10 75 111 109 112 114 ]: Kod 2156
BAJT [100 97 116 97 107 97 32 50 48 50 54 46 10 75 111 109 112 114 101 115 105 106 97 32 105 32 122 97 115 116 105 116 97 32 112 111 100 97 116 97 107 97 32 50 48 50 54 46 10 75 111 109 112 114 101 ]: Kod 2176
BAJT [100 97 116 97 107 97 32 50 48 50 54 46 10 75 111 109 112 114 101 115 105 106 97 32 105 32 122 97 115 116 105 116 97 32 112 111 100 97 116 97 107 97 32 50 48 50 54 46 10 75 111 109 112 114 101 115 ]: Kod 2221
BAJT [100 97 116 97 107 97 32 50 48 50 54 46 10 75 111 109 112 114 101 115 105 106 97 32 105 32 122 97 115 116 105 116 97 32 112 111 100 97 116 97 107 97 32 50 48 50 54 46 10 75 111 109 112 114 101 115 105 ]: Kod 2236
BAJT [100 97 116 97 107 97 32 50 48 50 54 46 10 75 111 109 112 114 101 115 105 106 97 32 105 32 122 97 115 116 105 116 97 32 112 111 100 97 116 97 107 97 32 50 48 50 54 46 10 75 111 109 112 114 101 115 105 106 ]: Kod 2294
BAJT [100 97 116 97 107 97 32 50 48 50 54 46 10 75 111 109 112 114 101 115 105 106 97 32 105 32 122 97 115 116 105 116 97 32 112 111 100 97 116 97 107 97 32 50 48 50 54 46 10 75 111 109 112 114 101 115 105 106 97 ]: Kod 2324
BAJT [100 97 116 97 107 97 32 50 48 50 54 46 10 75 111 109 112 114 101 115 105 106 97 32 105 32 122 97 115 116 105 116 97 32 112 111 100 97 116 97 107 97 32 50 48 50 54 46 10 75 111 109 112 114 101 115 105 106 97 32 ]: Kod 2342
BAJT [100 97 116 97 107 97 32 50 48 50 54 46 10 75 111 109 112 114 101 115 105 106 97 32 105 32 122 97 115 116 105 116 97 32 112 111 100 97 116 97 107 97 32 50 48 50 54 46 10 75 111 109 112 114 101 115 105 106 97 32 105 ]: Kod 2424
BAJT [100 97 116 97 107 97 32 50 48 50 54 46 10 75 111 109 112 114 101 115 105 106 97 32 105 32 122 97 115 116 105 116 97 32 112 111 100 97 116 97 107 97 32 50 48 50 54 46 10 75 111 109 112 114 101 115 105 106 97 32 105 32 ]: Kod 2447
BAJT [100 97 116 97 107 97 32 50 48 50 54 46 10 75 111 109 112 114 101 115 105 106 97 32 105 32 122 97 115 116 105 116 97 32 112 111 100 97 116 97 107 97 32 50 48 50 54 46 10 75 111 109 112 114 101 115 105 106 97 32 105 32 122 ]: Kod 2461
BAJT [100 97 116 97 107 97 32 50 48 50 54 46 10 75 111 109 112 114 101 115 105 106 97 32 105 32 122 97 115 116 105 116 97 32 112 111 100 97 116 97 107 97 32 50 48 50 54 46 10 75 111 109 112 114 101 115 105 106 97 32 105 32 122 97 ]: Kod 2507
BAJT [100 97 116 97 107 97 32 50 48 50 54 46 10 75 111 109 112 114 101 115 105 106 97 32 105 32 122 97 115 116 105 116 97 32 112 111 100 97 116 97 107 97 32 50 48 50 54 46 10 75 111 109 112 114 101 115 105 106 97 32 105 32 122 97 115 ]: Kod 2545
BAJT [100 97 116 97 107 97 32 50 48 50 54 46 10 75 111 109 112 114 101 115 105 106 97 32 105 32 122 97 115 116 105 116 97 32 112 111 100 97 116 97 107 97 32 50 48 50 54 46 10 75 111 109 112 114 101 115 105 106 97 32 105 32 122 97 115 116 ]: Kod 2564
BAJT [100 97 116 97 107 97 32 50 48 50 54 46 10 75 111 109 112 114 101 115 105 106 97 32 105 32 122 97 115 116 105 116 97 32 112 111 100 97 116 97 107 97 32 50 48 50 54 46 10 75 111 109 112 114 101 115 105 106 97 32 105 32 122 97 115 116 105 ]: Kod 2626
BAJT [100 97 116 97 107 97 32 50 48 50 54 46 10 75 111 109 112 114 101 115 105 106 97 32 105 32 122 97 115 116 105 116 97 32 112 111 100 97 116 97 107 97 32 50 48 50 54 46 10 75 111 109 112 114 101 115 105 106 97 32 105 32 122 97 115 116 105 116 ]: Kod 2669
BAJT [100 97 116 97 107 97 32 50 48 50 54 46 10 75 111 109 112 114 101 115 105 106 97 32 105 32 122 97 115 116 105 116 97 32 112 111 100 97 116 97 107 97 32 50 48 50 54 46 10 75 111 109 112 114 101 115 105 106 97 32 105 32 122 97 115 116 105 116 97 ]: Kod 2695
BAJT [100 97 116 97 107 97 32 50 48 50 54 46 10 75 111 109 112 114 101 115 105 106 97 32 105 32 122 97 115 116 105 116 97 32 112 111 100 97 116 97 107 97 32 50 48 50 54 46 10 75 111 109 112 114 101 115 105 106 97 32 105 32 122 97 115 116 105 116 97 32 ]: Kod 2730
BAJT [100 97 116 97 107 97 32 50 48 50 54 46 10 75 111 109 112 114 101 115 105 106 97 32 105 32 122 97 115 116 105 116 97 32 112 111 100 97 116 97 107 97 32 50 48 50 54 46 10 75 111 109 112 114 101 115 105 106 97 32 105 32 122 97 115 116 105 116 97 32 112 ]: Kod 2761
BAJT [100 97 116 97 107 97 32 50 48 50 54 46 10 75 111 109 112 114 101 115 105 106 97 32 105 32 122 97 115 116 105 116 97 32 112 111 100 97 116 97 107 97 32 50 48 50 54 46 10 75 111 109 112 114 101 115 105 106 97 32 105 32 122 97 115 116 105 116 97 32 112 111 ]: Kod 2784
BAJT [100 97 116 97 107 97 32 50 48 50 54 46 10 75 111 109 112 114 101 115 105 106 97 32 105 32 122 97 115 116 105 116 97 32 112 111 100 97 116 97 107 97 32 50 48 50 54 46 10 75 111 109 112 114 101 115 105 106 97 32 105 32 122 97 115 116 105 116 97 32 112 111 100 ]: Kod 2852
BAJT [100 97 116 97 107 97 32 50 48 50 54 46 10 75 111 109 112 114 101 115 105 106 97 32 105 32 122 97 115 116 105 116 97 32 112 111 100 97 116 97 107 97 32 50 48 50 54 46 10 75 111 109 112 114 101 115 105 106 97 32 105 32 122 97 115 116 105 116 97 32 112 111 100 97 ]: Kod 2853
BAJT [100 97 116 97 107 97 32 50 48 50 54 46 10 75 111 109 112 114 101 115 105 106 97 32 105 32 122 97 115 116 105 116 97 32 112 111 100 97 116 97 107 97 32 50 48 50 54 46 10 75 111 109 112 114 101 115 105 106 97 32 105 32 122 97 115 116 105 116 97 32 112 111 100 97 116 ]: Kod 2891
BAJT [100 97 116 97 107 97 32 50 48 50 54 46 10 75 111 109 112 114 101 115 105 106 97 32 105 32 122 97 115 116 105 116 97 32 112 111 100 97 116 97 107 97 32 50 48 50 54 46 10 75 111 109 112 114 101 115 105 106 97 32 105 32 122 97 115 116 105 116 97 32 112 111 100 97 116 97 ]: Kod 2936
BAJT [100 97 116 97 107 97 32 50 48 50 54 46 10 75 111 109 112 114 101 115 105 106 97 32 105 32 122 97 115 116 105 116 97 32 112 111 100 97 116 97 107 97 32 50 48 50 54 46 10 75 111 109 112 114 101 115 105 106 97 32 105 32 122 97 115 116 105 116 97 32 112 111 100 97 116 97 107 ]: Kod 2959
BAJT [100 97 116 97 107 97 32 50 48 50 54 46 10 75 111 109 112 114 101 115 105 106 97 32 105 32 122 97 115 116 105 116 97 32 112 111 100 97 116 97 107 97 32 50 48 50 54 46 10 75 111 109 112 114 101 115 105 106 97 32 105 32 122 97 115 116 105 116 97 32 112 111 100 97 116 97 107 97 ]: Kod 3022
BAJT [100 97 116 97 107 97 32 50 48 50 54 46 10 75 111 109 112 114 101 115 105 106 97 32 105 32 122 97 115 116 105 116 97 32 112 111 100 97 116 97 107 97 32 50 48 50 54 46 10 75 111 109 112 114 101 115 105 106 97 32 105 32 122 97 115 116 105 116 97 32 112 111 100 97 116 97 107 97 32 ]: Kod 3058
BAJT [100 97 116 97 107 97 32 50 48 50 54 46 10 75 111 109 112 114 101 115 105 106 97 32 105 32 122 97 115 116 105 116 97 32 112 111 100 97 116 97 107 97 32 50 48 50 54 46 10 75 111 109 112 114 101 115 105 106 97 32 105 32 122 97 115 116 105 116 97 32 112 111 100 97 116 97 107 97 32 50 ]: Kod 3085
BAJT [100 97 116 97 107 97 32 50 48 50 54 46 10 75 111 109 112 114 101 115 105 106 97 32 105 32 122 97 115 116 105 116 97 32 112 111 100 97 116 97 107 97 32 50 48 50 54 46 10 75 111 109 112 114 101 115 105 106 97 32 105 32 122 97 115 116 105 116 97 32 112 111 100 97 116 97 107 97 32 50 48 ]: Kod 3109
BAJT [100 97 116 97 107 97 32 50 48 50 54 46 10 75 111 109 112 114 101 115 105 106 97 32 105 32 122 97 115 116 105 116 97 32 112 111 100 97 116 97 107 97 32 50 48 50 54 46 10 75 111 109 112 114 101 115 105 106 97 32 105 32 122 97 115 116 105 116 97 32 112 111 100 97 116 97 107 97 32 50 48 50 ]: Kod 3163
BAJT [100 97 116 97 107 97 32 50 48 50 54 46 10 75 111 109 112 114 101 115 105 106 97 32 105 32 122 97 115 116 105 116 97 32 112 111 100 97 116 97 107 97 32 50 48 50 54 46 10 75 111 109 112 114 101 115 105 106 97 32 105 32 122 97 115 116 105 116 97 32 112 111 100 97 116 97 107 97 32 50 48 50 54 ]: Kod 3193
BAJT [100 97 116 97 107 97 32 50 48 50 54 46 10 75 111 109 112 114 101 115 105 106 97 32 105 32 122 97 115 116 105 116 97 32 112 111 100 97 116 97 107 97 32 50 48 50 54 46 10 75 111 109 112 114 101 115 105 106 97 32 105 32 122 97 115 116 105 116 97 32 112 111 100 97 116 97 107 97 32 50 48 50 54 46 ]: Kod 3220
BAJT [100 97 116 97 107 97 32 50 48 50 54 46 10 75 111 109 112 114 101 115 105 106 97 32 105 32 122 97 115 116 105 116 97 32 112 111 100 97 116 97 107 97 32 50 48 50 54 46 10 75 111 109 112 114 101 115 105 106 97 32 105 32 122 97 115 116 105 116 97 32 112 111 100 97 116 97 107 97 32 50 48 50 54 46 10 ]: Kod 3284
BAJT [100 97 116 97 107 97 32 50 48 50 54 46 10 75 111 109 112 114 101 115 105 106 97 32 105 32 122 97 115 116 105 116 97 32 112 111 100 97 116 97 107 97 32 50 48 50 54 46 10 75 111 109 112 114 101 115 105 106 97 32 105 32 122 97 115 116 105 116 97 32 112 111 100 97 116 97 107 97 32 50 48 50 54 46 10 75 ]: Kod 3287
BAJT [100 97 116 97 107 97 32 50 48 50 54 46 10 75 111 109 112 114 101 115 105 106 97 32 105 32 122 97 115 116 105 116 97 32 112 111 100 97 116 97 107 97 32 50 48 50 54 46 10 75 111 109 112 114 101 115 105 106 97 32 105 32 122 97 115 116 105 116 97 32 112 111 100 97 116 97 107 97 32 50 48 50 54 46 10 75 111 ]: Kod 3330
BAJT [100 97 116 97 107 97 32 50 48 50 54 46 10 75 111 109 112 114 101 115 105 106 97 32 105 32 122 97 115 116 105 116 97 32 112 111 100 97 116 97 107 97 32 50 48 50 54 46 10 75 111 109 112 114 101 115 105 106 97 32 105 32 122 97 115 116 105 116 97 32 112 111 100 97 116 97 107 97 32 50 48 50 54 46 10 75 111 109 ]: Kod 3372
BAJT [100 97 116 97 107 97 32 50 48 50 54 46 10 75 111 109 112 114 101 115 105 106 97 32 105 32 122 97 115 116 105 116 97 32 112 111 100 97 116 97 107 97 32 50 48 50 54 46 10 75 111 109 112 114 101 115 105 106 97 32 105 32 122 97 115 116 105 116 97 32 112 111 100 97 116 97 107 97 32 50 48 50 54 46 10 75 111 109 112 ]: Kod 3418
BAJT [100 97 116 97 107 97 32 50 48 50 54 46 10 75 111 109 112 114 101 115 105 106 97 32 105 32 122 97 115 116 105 116 97 32 112 111 100 97 116 97 107 97 32 50 48 50 54 46 10 75 111 109 112 114 101 115 105 106 97 32 105 32 122 97 115 116 105 116 97 32 112 111 100 97 116 97 107 97 32 50 48 50 54 46 10 75 111 109 112 114 ]: Kod 3452
BAJT [100 97 116 97 107 97 32 50 48 50 54 46 10 75 111 109 112 114 101 115 105 106 97 32 105 32 122 97 115 116 105 116 97 32 112 111 100 97 116 97 107 97 32 50 48 50 54 46 10 75 111 109 112 114 101 115 105 106 97 32 105 32 122 97 115 116 105 116 97 32 112 111 100 97 116 97 107 97 32 50 48 50 54 46 10 75 111 109 112 114 101 ]: Kod 3472
BAJT [100 97 116 97 107 97 32 50 48 50 54 46 10 75 111 109 112 114 101 115 105 106 97 32 105 32 122 97 115 116 105 116 97 32 112 111 100 97 116 97 107 97 32 50 48 50 54 46 10 75 111 109 112 114 101 115 105 106 97 32 105 32 122 97 115 116 105 116 97 32 112 111 100 97 116 97 107 97 32 50 48 50 54 46 10 75 111 109 112 114 101 115 ]: Kod 3517
BAJT [100 97 116 97 107 97 32 50 48 50 54 46 10 75 111 109 112 114 101 115 105 106 97 32 105 32 122 97 115 116 105 116 97 32 112 111 100 97 116 97 107 97 32 50 48 50 54 46 10 75 111 109 112 114 101 115 105 106 97 32 105 32 122 97 115 116 105 116 97 32 112 111 100 97 116 97 107 97 32 50 48 50 54 46 10 75 111 109 112 114 101 115 105 ]: Kod 3532
BAJT [100 97 116 97 107 97 32 50 48 50 54 46 10 75 111 109 112 114 101 115 105 106 97 32 105 32 122 97 115 116 105 116 97 32 112 111 100 97 116 97 107 97 32 50 48 50 54 46 10 75 111 109 112 114 101 115 105 106 97 32 105 32 122 97 115 116 105 116 97 32 112 111 100 97 116 97 107 97 32 50 48 50 54 46 10 75 111 109 112 114 101 115 105 106 ]: Kod 3590
BAJT [100 97 116 97 107 97 32 50 48 50 54 46 10 75 111 109 112 114 101 115 105 106 97 32 105 32 122 97 115 116 105 116 97 32 112 111 100 97 116 97 107 97 32 50 48 50 54 46 10 75 111 109 112 114 101 115 105 106 97 32 105 32 122 97 115 116 105 116 97 32 112 111 100 97 116 97 107 97 32 50 48 50 54 46 10 75 111 109 112 114 101 115 105 106 97 ]: Kod 3620
BAJT [100 97 116 97 107 97 32 50 48 50 54 46 10 75 111 109 112 114 101 115 105 106 97 32 105 32 122 97 115 116 105 116 97 32 112 111 100 97 116 97 107 97 32 50 48 50 54 46 10 75 111 109 112 114 101 115 105 106 97 32 105 32 122 97 115 116 105 116 97 32 112 111 100 97 116 97 107 97 32 50 48 50 54 46 10 75 111 109 112 114 101 115 105 106 97 32 ]: Kod 3638
BAJT [100 97 116 97 107 97 32 50 48 50 54 46 10 75 111 109 112 114 101 115 105 106 97 32 105 32 122 97 115 116 105 116 97 32 112 111 100 97 116 97 107 97 32 50 48 50 54 46 10 75 111 109 112 114 101 115 105 106 97 32 105 32 122 97 115 116 105 116 97 32 112 111 100 97 116 97 107 97 32 50 48 50 54 46 10 75 111 109 112 114 101 115 105 106 97 32 105 ]: Kod 3720
BAJT [100 97 116 97 107 97 32 50 48 50 54 46 10 75 111 109 112 114 101 115 105 106 97 32 105 32 122 97 115 116 105 116 97 32 112 111 100 97 116 97 107 97 32 50 48 50 54 46 10 75 111 109 112 114 101 115 105 106 97 32 105 32 122 97 115 116 105 116 97 32 112 111 100 97 116 97 107 97 32 50 48 50 54 46 10 75 111 109 112 114 101 115 105 106 97 32 105 32 ]: Kod 3743
BAJT [100 97 116 97 107 97 32 50 48 50 54 46 10 75 111 109 112 114 101 115 105 106 97 32 105 32 122 97 115 116 105 116 97 32 112 111 100 97 116 97 107 97 32 50 48 50 54 46 10 75 111 109 112 114 101 115 105 106 97 32 105 32 122 97 115 116 105 116 97 32 112 111 100 97 116 97 107 97 32 50 48 50 54 46 10 75 111 109 112 114 101 115 105 106 97 32 105 32 122 ]: Kod 3757
BAJT [100 97 116 97 107 97 32 50 48 50 54 46 10 75 111 109 112 114 101 115 105 106 97 32 105 32 122 97 115 116 105 116 97 32 112 111 100 97 116 97 107 97 32 50 48 50 54 46 10 75 111 109 112 114 101 115 105 106 97 32 105 32 122 97 115 116 105 116 97 32 112 111 100 97 116 97 107 97 32 50 48 50 54 46 10 75 111 109 112 114 101 115 105 106 97 32 105 32 122 97 ]: Kod 3803
BAJT [100 97 116 97 107 97 32 50 48 50 54 46 10 75 111 109 112 114 101 115 105 106 97 32 105 32 122 97 115 116 105 116 97 32 112 111 100 97 116 97 107 97 32 50 48 50 54 46 10 75 111 109 112 114 101 115 105 106 97 32 105 32 122 97 115 116 105 116 97 32 112 111 100 97 116 97 107 97 32 50 48 50 54 46 10 75 111 109 112 114 101 115 105 106 97 32 105 32 122 97 115 ]: Kod 3841
BAJT [100 97 116 97 107 97 32 50 48 50 54 46 10 75 111 109 112 114 101 115 105 106 97 32 105 32 122 97 115 116 105 116 97 32 112 111 100 97 116 97 107 97 32 50 48 50 54 46 10 75 111 109 112 114 101 115 105 106 97 32 105 32 122 97 115 116 105 116 97 32 112 111 100 97 116 97 107 97 32 50 48 50 54 46 10 75 111 109 112 114 101 115 105 106 97 32 105 32 122 97 115 116 ]: Kod 3860
BAJT [100 97 116 97 107 97 32 50 48 50 54 46 10 75 111 109 112 114 101 115 105 106 97 32 105 32 122 97 115 116 105 116 97 32 112 111 100 97 116 97 107 97 32 50 48 50 54 46 10 75 111 109 112 114 101 115 105 106 97 32 105 32 122 97 115 116 105 116 97 32 112 111 100 97 116 97 107 97 32 50 48 50 54 46 10 75 111 109 112 114 101 115 105 106 97 32 105 32 122 97 115 116 105 ]: Kod 3922
BAJT [100 97 116 97 107 97 32 50 48 50 54 46 10 75 111 109 112 114 101 115 105 106 97 32 105 32 122 97 115 116 105 116 97 32 112 111 100 97 116 97 107 97 32 50 48 50 54 46 10 75 111 109 112 114 101 115 105 106 97 32 105 32 122 97 115 116 105 116 97 32 112 111 100 97 116 97 107 97 32 50 48 50 54 46 10 75 111 109 112 114 101 115 105 106 97 32 105 32 122 97 115 116 105 116 ]: Kod 3965
BAJT [100 97 116 97 107 97 32 50 48 50 54 46 10 75 111 109 112 114 101 115 105 106 97 32 105 32 122 97 115 116 105 116 97 32 112 111 100 97 116 97 107 97 32 50 48 50 54 46 10 75 111 109 112 114 101 115 105 106 97 32 105 32 122 97 115 116 105 116 97 32 112 111 100 97 116 97 107 97 32 50 48 50 54 46 10 75 111 109 112 114 101 115 105 106 97 32 105 32 122 97 115 116 105 116 97 ]: Kod 3991
BAJT [100 97 116 97 107 97 32 50 48 50 54 46 10 75 111 109 112 114 101 115 105 106 97 32 105 32 122 97 115 116 105 116 97 32 112 111 100 97 116 97 107 97 32 50 48 50 54 46 10 75 111 109 112 114 101 115 105 106 97 32 105 32 122 97 115 116 105 116 97 32 112 111 100 97 116 97 107 97 32 50 48 50 54 46 10 75 111 109 112 114 101 115 105 106 97 32 105 32 122 97 115 116 105 116 97 32 ]: Kod 4026
BAJT [100 97 116 97 107 97 32 50 48 50 54 46 10 75 111 109 112 114 101 115 105 106 97 32 105 32 122 97 115 116 105 116 97 32 112 111 100 97 116 97 107 97 32 50 48 50 54 46 10 75 111 109 112 114 101 115 105 106 97 32 105 32 122 97 115 116 105 116 97 32 112 111 100 97 116 97 107 97 32 50 48 50 54 46 10 75 111 109 112 114 101 115 105 106 97 32 105 32 122 97 115 116 105 116 97 32 112 ]: Kod 4057
BAJT [100 97 116 97 107 97 32 50 48 50 54 46 10 75 111 109 112 114 101 115 105 106 97 32 105 32 122 97 115 116 105 116 97 32 112 111 100 97 116 97 107 97 32 50 48 50 54 46 10 75 111 109 112 114 101 115 105 106 97 32 105 32 122 97 115 116 105 116 97 32 112 111 100 97 116 97 107 97 32 50 48 50 54 46 10 75 111 109 112 114 101 115 105 106 97 32 105 32 122 97 115 116 105 116 97 32 112 111 ]: Kod 4080
BAJT [101 ]: Kod 101
BAJT [101 115 ]: Kod 261
BAJT [101 115 105 ]: Kod 309
BAJT [101 115 105 106 ]: Kod 350
BAJT [101 115 105 106 97 ]: Kod 380
BAJT [101 115 105 106 97 32 ]: Kod 398
BAJT [101 115 105 106 97 32 105 ]: Kod 463
BAJT [101 115 105 106 97 32 105 32 ]: Kod 510
BAJT [101 115 105 106 97 32 105 32 122 ]: Kod 537
BAJT [101 115 105 106 97 32 105 32 122 97 ]: Kod 569
BAJT [101 115 105 106 97 32 105 32 122 97 115 ]: Kod 610
BAJT [101 115 105 106 97 32 105 32 122 97 115 116 ]: Kod 633
BAJT [101 115 105 106 97 32 105 32 122 97 115 116 105 ]: Kod 667
BAJT [101 115 105 106 97 32 105 32 122 97 115 116 105 116 ]: Kod 713
BAJT [101 115 105 106 97 32 105 32 122 97 115 116 105 116 97 ]: Kod 729
BAJT [101 115 105 106 97 32 105 32 122 97 115 116 105 116 97 32 ]: Kod 774
BAJT [101 115 105 106 97 32 105 32 122 97 115 116 105 116 97 32 112 ]: Kod 809
BAJT [101 115 105 106 97 32 105 32 122 97 115 116 105 116 97 32 112 111 ]: Kod 844
BAJT [101 115 105 106 97 32 105 32 122 97 115 116 105 116 97 32 112 111 100 ]: Kod 879
BAJT [101 115 105 106 97 32 105 32 122 97 115 116 105 116 97 32 112 111 100 97 ]: Kod 881
BAJT [101 115 105 106 97 32 105 32 122 97 115 116 105 116 97 32 112 111 100 97 116 ]: Kod 957
BAJT [101 115 105 106 97 32 105 32 122 97 115 116 105 116 97 32 112 111 100 97 116 97 ]: Kod 1004
BAJT [101 115 105 106 97 32 105 32 122 97 115 116 105 116 97 32 112 111 100 97 116 97 107 ]: Kod 1037
BAJT [101 115 105 106 97 32 105 32 122 97 115 116 105 116 97 32 112 111 100 97 116 97 107 97 ]: Kod 1064
BAJT [101 115 105 106 97 32 105 32 122 97 115 116 105 116 97 32 112 111 100 97 116 97 107 97 32 ]: Kod 1099
BAJT [101 115 105 106 97 32 105 32 122 97 115 116 105 116 97 32 112 111 100 97 116 97 107 97 32 50 ]: Kod 1146
BAJT [101 115 105 106 97 32 105 32 122 97 115 116 105 116 97 32 112 111 100 97 116 97 107 97 32 50 48 ]: Kod 1156
BAJT [101 115 105 106 97 32 105 32 122 97 115 116 105 116 97 32 112 111 100 97 116 97 107 97 32 50 48 50 ]: Kod 1209
BAJT [101 115 105 106 97 32 105 32 122 97 115 116 105 116 97 32 112 111 100 97 116 97 107 97 32 50 48 50 54 ]: Kod 1213
BAJT [101 115 105 106 97 32 105 32 122 97 115 116 105 116 97 32 112 111 100 97 116 97 107 97 32 50 48 50 54 46 ]: Kod 1297
BAJT [101 115 105 106 97 32 105 32 122 97 115 116 105 116 97 32 112 111 100 97 116 97 107 97 32 50 48 50 54 46 10 ]: Kod 1333
BAJT [101 115 105 106 97 32 105 32 122 97 115 116 105 116 97 32 112 111 100 97 116 97 107 97 32 50 48 50 54 46 10 75 ]: Kod 1361
BAJT [101 115 105 106 97 32 105 32 122 97 115 116 105 116 97 32 112 111 100 97 116 97 107 97 32 50 48 50 54 46 10 75 111 ]: Kod 1386
BAJT [101 115 105 106 97 32 105 32 122 97 115 116 105 116 97 32 112 111 100 97 116 97 107 97 32 50 48 50 54 46 10 75 111 109 ]: Kod 1428
BAJT [101 115 105 106 97 32 105 32 122 97 115 116 105 116 97 32 112 111 100 97 116 97 107 97 32 50 48 50 54 46 10 75 111 109 112 ]: Kod 1457
BAJT [101 115 105 106 97 32 105 32 122 97 115 116 105 116 97 32 112 111 100 97 116 97 107 97 32 50 48 50 54 46 10 75 111 109 112 114 ]: Kod 1505
BAJT [101 115 105 106 97 32 105 32 122 97 115 116 105 116 97 32 112 111 100 97 116 97 107 97 32 50 48 50 54 46 10 75 111 109 112 114 101 ]: Kod 1520
BAJT [101 115 105 106 97 32 105 32 122 97 115 116 105 116 97 32 112 111 100 97 116 97 107 97 32 50 48 50 54 46 10 75 111 109 112 114 101 115 ]: Kod 1521
BAJT [101 115 105 106 97 32 105 32 122 97 115 116 105 116 97 32 112 111 100 97 116 97 107 97 32 50 48 50 54 46 10 75 111 109 112 114 101 115 105 ]: Kod 1603
BAJT [101 115 105 106 97 32 105 32 122 97 115 116 105 116 97 32 112 111 100 97 116 97 107 97 32 50 48 50 54 46 10 75 111 109 112 114 101 115 105 106 ]: Kod 1646
BAJT [101 115 105 106 97 32 105 32 122 97 115 116 105 116 97 32 112 111 100 97 116 97 107 97 32 50 48 50 54 46 10 75 111 109 112 114 101 115 105 106 97 ]: Kod 1676
BAJT [101 115 105 106 97 32 105 32 122 97 115 116 105 116 97 32 112 111 100 97 116 97 107 97 32 50 48 50 54 46 10 75 111 109 112 114 101 115 105 106 97 32 ]: Kod 1694
BAJT [101 115 105 106 97 32 105 32 122 97 115 116 105 116 97 32 112 111 100 97 116 97 107 97 32 50 48 50 54 46 10 75 111 109 112 114 101 115 105 106 97 32 105 ]: Kod 1759
BAJT [101 115 105 106 97 32 105 32 122 97 115 116 105 116 97 32 112 111 100 97 116 97 107 97 32 50 48 50 54 46 10 75 111 109 112 114 101 115 105 106 97 32 105 32 ]: Kod 1806
BAJT [101 115 105 106 97 32 105 32 122 97 115 116 105 116 97 32 112 111 100 97 116 97 107 97 32 50 48 50 54 46 10 75 111 109 112 114 101 115 105 106 97 32 105 32 122 ]: Kod 1833
BAJT [101 115 105 106 97 32 105 32 122 97 115 116 105 116 97 32 112 111 100 97 116 97 107 97 32 50 48 50 54 46 10 75 111 109 112 114 101 115 105 106 97 32 105 32 122 97 ]: Kod 1865
BAJT [101 115 105 106 97 32 105 32 122 97 115 116 105 116 97 32 112 111 100 97 116 97 107 97 32 50 48 50 54 46 10 75 111 109 112 114 101 115 105 106 97 32 105 32 122 97 115 ]: Kod 1906
BAJT [101 115 105 106 97 32 105 32 122 97 115 116 105 116 97 32 112 111 100 97 116 97 107 97 32 50 48 50 54 46 10 75 111 109 112 114 101 115 105 106 97 32 105 32 122 97 115 116 ]: Kod 1929
BAJT [101 115 105 106 97 32 105 32 122 97 115 116 105 116 97 32 112 111 100 97 116 97 107 97 32 50 48 50 54 46 10 75 111 109 112 114 101 115 105 106 97 32 105 32 122 97 115 116 105 ]: Kod 1963
BAJT [101 115 105 106 97 32 105 32 122 97 115 116 105 116 97 32 112 111 100 97 116 97 107 97 32 50 48 50 54 46 10 75 111 109 112 114 101 115 105 106 97 32 105 32 122 97 115 116 105 116 ]: Kod 2009
BAJT [101 115 105 106 97 32 105 32 122 97 115 116 105 116 97 32 112 111 100 97 116 97 107 97 32 50 48 50 54 46 10 75 111 109 112 114 101 115 105 106 97 32 105 32 122 97 115 116 105 116 97 ]: Kod 2025
BAJT [101 115 105 106 97 32 105 32 122 97 115 116 105 116 97 32 112 111 100 97 116 97 107 97 32 50 48 50 54 46 10 75 111 109 112 114 101 115 105 106 97 32 105 32 122 97 115 116 105 116 97 32 ]: Kod 2070
BAJT [101 115 105 106 97 32 105 32 122 97 115 116 105 116 97 32 112 111 100 97 116 97 107 97 32 50 48 50 54 46 10 75 111 109 112 114 101 115 105 106 97 32 105 32 122 97 115 116 105 116 97 32 112 ]: Kod 2105
BAJT [101 115 105 106 97 32 105 32 122 97 115 116 105 116 97 32 112 111 100 97 116 97 107 97 32 50 48 50 54 46 10 75 111 109 112 114 101 115 105 106 97 32 105 32 122 97 115 116 105 116 97 32 112 111 ]: Kod 2140
BAJT [101 115 105 106 97 32 105 32 122 97 115 116 105 116 97 32 112 111 100 97 116 97 107 97 32 50 48 50 54 46 10 75 111 109 112 114 101 115 105 106 97 32 105 32 122 97 115 116 105 116 97 32 112 111 100 ]: Kod 2175
BAJT [101 115 105 106 97 32 105 32 122 97 115 116 105 116 97 32 112 111 100 97 116 97 107 97 32 50 48 50 54 46 10 75 111 109 112 114 101 115 105 106 97 32 105 32 122 97 115 116 105 116 97 32 112 111 100 97 ]: Kod 2177
BAJT [101 115 105 106 97 32 105 32 122 97 115 116 105 116 97 32 112 111 100 97 116 97 107 97 32 50 48 50 54 46 10 75 111 109 112 114 101 115 105 106 97 32 105 32 122 97 115 116 105 116 97 32 112 111 100 97 116 ]: Kod 2253
BAJT [101 115 105 106 97 32 105 32 122 97 115 116 105 116 97 32 112 111 100 97 116 97 107 97 32 50 48 50 54 46 10 75 111 109 112 114 101 115 105 106 97 32 105 32 122 97 115 116 105 116 97 32 112 111 100 97 116 97 ]: Kod 2300
BAJT [101 115 105 106 97 32 105 32 122 97 115 116 105 116 97 32 112 111 100 97 116 97 107 97 32 50 48 50 54 46 10 75 111 109 112 114 101 115 105 106 97 32 105 32 122 97 115 116 105 116 97 32 112 111 100 97 116 97 107 ]: Kod 2333
BAJT [101 115 105 106 97 32 105 32 122 97 115 116 105 116 97 32 112 111 100 97 116 97 107 97 32 50 48 50 54 46 10 75 111 109 112 114 101 115 105 106 97 32 105 32 122 97 115 116 105 116 97 32 112 111 100 97 116 97 107 97 ]: Kod 2360
BAJT [101 115 105 106 97 32 105 32 122 97 115 116 105 116 97 32 112 111 100 97 116 97 107 97 32 50 48 50 54 46 10 75 111 109 112 114 101 115 105 106 97 32 105 32 122 97 115 116 105 116 97 32 112 111 100 97 116 97 107 97 32 ]: Kod 2395
BAJT [101 115 105 106 97 32 105 32 122 97 115 116 105 116 97 32 112 111 100 97 116 97 107 97 32 50 48 50 54 46 10 75 111 109 112 114 101 115 105 106 97 32 105 32 122 97 115 116 105 116 97 32 112 111 100 97 116 97 107 97 32 50 ]: Kod 2442
BAJT [101 115 105 106 97 32 105 32 122 97 115 116 105 116 97 32 112 111 100 97 116 97 107 97 32 50 48 50 54 46 10 75 111 109 112 114 101 115 105 106 97 32 105 32 122 97 115 116 105 116 97 32 112 111 100 97 116 97 107 97 32 50 48 ]: Kod 2452
BAJT [101 115 105 106 97 32 105 32 122 97 115 116 105 116 97 32 112 111 100 97 116 97 107 97 32 50 48 50 54 46 10 75 111 109 112 114 101 115 105 106 97 32 105 32 122 97 115 116 105 116 97 32 112 111 100 97 116 97 107 97 32 50 48 50 ]: Kod 2505
BAJT [101 115 105 106 97 32 105 32 122 97 115 116 105 116 97 32 112 111 100 97 116 97 107 97 32 50 48 50 54 46 10 75 111 109 112 114 101 115 105 106 97 32 105 32 122 97 115 116 105 116 97 32 112 111 100 97 116 97 107 97 32 50 48 50 54 ]: Kod 2509
BAJT [101 115 105 106 97 32 105 32 122 97 115 116 105 116 97 32 112 111 100 97 116 97 107 97 32 50 48 50 54 46 10 75 111 109 112 114 101 115 105 106 97 32 105 32 122 97 115 116 105 116 97 32 112 111 100 97 116 97 107 97 32 50 48 50 54 46 ]: Kod 2593
BAJT [101 115 105 106 97 32 105 32 122 97 115 116 105 116 97 32 112 111 100 97 116 97 107 97 32 50 48 50 54 46 10 75 111 109 112 114 101 115 105 106 97 32 105 32 122 97 115 116 105 116 97 32 112 111 100 97 116 97 107 97 32 50 48 50 54 46 10 ]: Kod 2629
BAJT [101 115 105 106 97 32 105 32 122 97 115 116 105 116 97 32 112 111 100 97 116 97 107 97 32 50 48 50 54 46 10 75 111 109 112 114 101 115 105 106 97 32 105 32 122 97 115 116 105 116 97 32 112 111 100 97 116 97 107 97 32 50 48 50 54 46 10 75 ]: Kod 2657
BAJT [101 115 105 106 97 32 105 32 122 97 115 116 105 116 97 32 112 111 100 97 116 97 107 97 32 50 48 50 54 46 10 75 111 109 112 114 101 115 105 106 97 32 105 32 122 97 115 116 105 116 97 32 112 111 100 97 116 97 107 97 32 50 48 50 54 46 10 75 111 ]: Kod 2682
BAJT [101 115 105 106 97 32 105 32 122 97 115 116 105 116 97 32 112 111 100 97 116 97 107 97 32 50 48 50 54 46 10 75 111 109 112 114 101 115 105 106 97 32 105 32 122 97 115 116 105 116 97 32 112 111 100 97 116 97 107 97 32 50 48 50 54 46 10 75 111 109 ]: Kod 2724
BAJT [101 115 105 106 97 32 105 32 122 97 115 116 105 116 97 32 112 111 100 97 116 97 107 97 32 50 48 50 54 46 10 75 111 109 112 114 101 115 105 106 97 32 105 32 122 97 115 116 105 116 97 32 112 111 100 97 116 97 107 97 32 50 48 50 54 46 10 75 111 109 112 ]: Kod 2753
BAJT [101 115 105 106 97 32 105 32 122 97 115 116 105 116 97 32 112 111 100 97 116 97 107 97 32 50 48 50 54 46 10 75 111 109 112 114 101 115 105 106 97 32 105 32 122 97 115 116 105 116 97 32 112 111 100 97 116 97 107 97 32 50 48 50 54 46 10 75 111 109 112 114 ]: Kod 2801
BAJT [101 115 105 106 97 32 105 32 122 97 115 116 105 116 97 32 112 111 100 97 116 97 107 97 32 50 48 50 54 46 10 75 111 109 112 114 101 115 105 106 97 32 105 32 122 97 115 116 105 116 97 32 112 111 100 97 116 97 107 97 32 50 48 50 54 46 10 75 111 109 112 114 101 ]: Kod 2816
BAJT [101 115 105 106 97 32 105 32 122 97 115 116 105 116 97 32 112 111 100 97 116 97 107 97 32 50 48 50 54 46 10 75 111 109 112 114 101 115 105 106 97 32 105 32 122 97 115 116 105 116 97 32 112 111 100 97 116 97 107 97 32 50 48 50 54 46 10 75 111 109 112 114 101 115 ]: Kod 2817
BAJT [101 115 105 106 97 32 105 32 122 97 115 116 105 116 97 32 112 111 100 97 116 97 107 97 32 50 48 50 54 46 10 75 111 109 112 114 101 115 105 106 97 32 105 32 122 97 115 116 105 116 97 32 112 111 100 97 116 97 107 97 32 50 48 50 54 46 10 75 111 109 112 114 101 115 105 ]: Kod 2899
BAJT [101 115 105 106 97 32 105 32 122 97 115 116 105 116 97 32 112 111 100 97 116 97 107 97 32 50 48 50 54 46 10 75 111 109 112 114 101 115 105 106 97 32 105 32 122 97 115 116 105 116 97 32 112 111 100 97 116 97 107 97 32 50 48 50 54 46 10 75 111 109 112 114 101 115 105 106 ]: Kod 2942
BAJT [101 115 105 106 97 32 105 32 122 97 115 116 105 116 97 32 112 111 100 97 116 97 107 97 32 50 48 50 54 46 10 75 111 109 112 114 101 115 105 106 97 32 105 32 122 97 115 116 105 116 97 32 112 111 100 97 116 97 107 97 32 50 48 50 54 46 10 75 111 109 112 114 101 115 105 106 97 ]: Kod 2972
BAJT [101 115 105 106 97 32 105 32 122 97 115 116 105 116 97 32 112 111 100 97 116 97 107 97 32 50 48 50 54 46 10 75 111 109 112 114 101 115 105 106 97 32 105 32 122 97 115 116 105 116 97 32 112 111 100 97 116 97 107 97 32 50 48 50 54 46 10 75 111 109 112 114 101 115 105 106 97 32 ]: Kod 2990
BAJT [101 115 105 106 97 32 105 32 122 97 115 116 105 116 97 32 112 111 100 97 116 97 107 97 32 50 48 50 54 46 10 75 111 109 112 114 101 115 105 106 97 32 105 32 122 97 115 116 105 116 97 32 112 111 100 97 116 97 107 97 32 50 48 50 54 46 10 75 111 109 112 114 101 115 105 106 97 32 105 ]: Kod 3055
BAJT [101 115 105 106 97 32 105 32 122 97 115 116 105 116 97 32 112 111 100 97 116 97 107 97 32 50 48 50 54 46 10 75 111 109 112 114 101 115 105 106 97 32 105 32 122 97 115 116 105 116 97 32 112 111 100 97 116 97 107 97 32 50 48 50 54 46 10 75 111 109 112 114 101 115 105 106 97 32 105 32 ]: Kod 3102
BAJT [101 115 105 106 97 32 105 32 122 97 115 116 105 116 97 32 112 111 100 97 116 97 107 97 32 50 48 50 54 46 10 75 111 109 112 114 101 115 105 106 97 32 105 32 122 97 115 116 105 116 97 32 112 111 100 97 116 97 107 97 32 50 48 50 54 46 10 75 111 109 112 114 101 115 105 106 97 32 105 32 122 ]: Kod 3129
BAJT [101 115 105 106 97 32 105 32 122 97 115 116 105 116 97 32 112 111 100 97 116 97 107 97 32 50 48 50 54 46 10 75 111 109 112 114 101 115 105 106 97 32 105 32 122 97 115 116 105 116 97 32 112 111 100 97 116 97 107 97 32 50 48 50 54 46 10 75 111 109 112 114 101 115 105 106 97 32 105 32 122 97 ]: Kod 3161
BAJT [101 115 105 106 97 32 105 32 122 97 115 116 105 116 97 32 112 111 100 97 116 97 107 97 32 50 48 50 54 46 10 75 111 109 112 114 101 115 105 106 97 32 105 32 122 97 115 116 105 116 97 32 112 111 100 97 116 97 107 97 32 50 48 50 54 46 10 75 111 109 112 114 101 115 105 106 97 32 105 32 122 97 115 ]: Kod 3202
BAJT [101 115 105 106 97 32 105 32 122 97 115 116 105 116 97 32 112 111 100 97 116 97 107 97 32 50 48 50 54 46 10 75 111 109 112 114 101 115 105 106 97 32 105 32 122 97 115 116 105 116 97 32 112 111 100 97 116 97 107 97 32 50 48 50 54 46 10 75 111 109 112 114 101 115 105 106 97 32 105 32 122 97 115 116 ]: Kod 3225
BAJT [101 115 105 106 97 32 105 32 122 97 115 116 105 116 97 32 112 111 100 97 116 97 107 97 32 50 48 50 54 46 10 75 111 109 112 114 101 115 105 106 97 32 105 32 122 97 115 116 105 116 97 32 112 111 100 97 116 97 107 97 32 50 48 50 54 46 10 75 111 109 112 114 101 115 105 106 97 32 105 32 122 97 115 116 105 ]: Kod 3259
BAJT [101 115 105 106 97 32 105 32 122 97 115 116 105 116 97 32 112 111 100 97 116 97 107 97 32 50 48 50 54 46 10 75 111 109 112 114 101 115 105 106 97 32 105 32 122 97 115 116 105 116 97 32 112 111 100 97 116 97 107 97 32 50 48 50 54 46 10 75 111 109 112 114 101 115 105 106 97 32 105 32 122 97 115 116 105 116 ]: Kod 3305
BAJT [101 115 105 106 97 32 105 32 122 97 115 116 105 116 97 32 112 111 100 97 116 97 107 97 32 50 48 50 54 46 10 75 111 109 112 114 101 115 105 106 97 32 105 32 122 97 115 116 105 116 97 32 112 111 100 97 116 97 107 97 32 50 48 50 54 46 10 75 111 109 112 114 101 115 105 106 97 32 105 32 122 97 115 116 105 116 97 ]: Kod 3321
BAJT [101 115 105 106 97 32 105 32 122 97 115 116 105 116 97 32 112 111 100 97 116 97 107 97 32 50 48 50 54 46 10 75 111 109 112 114 101 115 105 106 97 32 105 32 122 97 115 116 105 116 97 32 112 111 100 97 116 97 107 97 32 50 48 50 54 46 10 75 111 109 112 114 101 115 105 106 97 32 105 32 122 97 115 116 105 116 97 32 ]: Kod 3366
BAJT [101 115 105 106 97 32 105 32 122 97 115 116 105 116 97 32 112 111 100 97 116 97 107 97 32 50 48 50 54 46 10 75 111 109 112 114 101 115 105 106 97 32 105 32 122 97 115 116 105 116 97 32 112 111 100 97 116 97 107 97 32 50 48 50 54 46 10 75 111 109 112 114 101 115 105 106 97 32 105 32 122 97 115 116 105 116 97 32 112 ]: Kod 3401
BAJT [101 115 105 106 97 32 105 32 122 97 115 116 105 116 97 32 112 111 100 97 116 97 107 97 32 50 48 50 54 46 10 75 111 109 112 114 101 115 105 106 97 32 105 32 122 97 115 116 105 116 97 32 112 111 100 97 116 97 107 97 32 50 48 50 54 46 10 75 111 109 112 114 101 115 105 106 97 32 105 32 122 97 115 116 105 116 97 32 112 111 ]: Kod 3436
BAJT [101 115 105 106 97 32 105 32 122 97 115 116 105 116 97 32 112 111 100 97 116 97 107 97 32 50 48 50 54 46 10 75 111 109 112 114 101 115 105 106 97 32 105 32 122 97 115 116 105 116 97 32 112 111 100 97 116 97 107 97 32 50 48 50 54 46 10 75 111 109 112 114 101 115 105 106 97 32 105 32 122 97 115 116 105 116 97 32 112 111 100 ]: Kod 3471
BAJT [101 115 105 106 97 32 105 32 122 97 115 116 105 116 97 32 112 111 100 97 116 97 107 97 32 50 48 50 54 46 10 75 111 109 112 114 101 115 105 106 97 32 105 32 122 97 115 116 105 116 97 32 112 111 100 97 116 97 107 97 32 50 48 50 54 46 10 75 111 109 112 114 101 115 105 106 97 32 105 32 122 97 115 116 105 116 97 32 112 111 100 97 ]: Kod 3473
BAJT [101 115 105 106 97 32 105 32 122 97 115 116 105 116 97 32 112 111 100 97 116 97 107 97 32 50 48 50 54 46 10 75 111 109 112 114 101 115 105 106 97 32 105 32 122 97 115 116 105 116 97 32 112 111 100 97 116 97 107 97 32 50 48 50 54 46 10 75 111 109 112 114 101 115 105 106 97 32 105 32 122 97 115 116 105 116 97 32 112 111 100 97 116 ]: Kod 3549
BAJT [101 115 105 106 97 32 105 32 122 97 115 116 105 116 97 32 112 111 100 97 116 97 107 97 32 50 48 50 54 46 10 75 111 109 112 114 101 115 105 106 97 32 105 32 122 97 115 116 105 116 97 32 112 111 100 97 116 97 107 97 32 50 48 50 54 46 10 75 111 109 112 114 101 115 105 106 97 32 105 32 122 97 115 116 105 116 97 32 112 111 100 97 116 97 ]: Kod 3596
BAJT [101 115 105 106 97 32 105 32 122 97 115 116 105 116 97 32 112 111 100 97 116 97 107 97 32 50 48 50 54 46 10 75 111 109 112 114 101 115 105 106 97 32 105 32 122 97 115 116 105 116 97 32 112 111 100 97 116 97 107 97 32 50 48 50 54 46 10 75 111 109 112 114 101 115 105 106 97 32 105 32 122 97 115 116 105 116 97 32 112 111 100 97 116 97 107 ]: Kod 3629
BAJT [101 115 105 106 97 32 105 32 122 97 115 116 105 116 97 32 112 111 100 97 116 97 107 97 32 50 48 50 54 46 10 75 111 109 112 114 101 115 105 106 97 32 105 32 122 97 115 116 105 116 97 32 112 111 100 97 116 97 107 97 32 50 48 50 54 46 10 75 111 109 112 114 101 115 105 106 97 32 105 32 122 97 115 116 105 116 97 32 112 111 100 97 116 97 107 97 ]: Kod 3656
BAJT [101 115 105 106 97 32 105 32 122 97 115 116 105 116 97 32 112 111 100 97 116 97 107 97 32 50 48 50 54 46 10 75 111 109 112 114 101 115 105 106 97 32 105 32 122 97 115 116 105 116 97 32 112 111 100 97 116 97 107 97 32 50 48 50 54 46 10 75 111 109 112 114 101 115 105 106 97 32 105 32 122 97 115 116 105 116 97 32 112 111 100 97 116 97 107 97 32 ]: Kod 3691
BAJT [101 115 105 106 97 32 105 32 122 97 115 116 105 116 97 32 112 111 100 97 116 97 107 97 32 50 48 50 54 46 10 75 111 109 112 114 101 115 105 106 97 32 105 32 122 97 115 116 105 116 97 32 112 111 100 97 116 97 107 97 32 50 48 50 54 46 10 75 111 109 112 114 101 115 105 106 97 32 105 32 122 97 115 116 105 116 97 32 112 111 100 97 116 97 107 97 32 50 ]: Kod 3738
BAJT [101 115 105 106 97 32 105 32 122 97 115 116 105 116 97 32 112 111 100 97 116 97 107 97 32 50 48 50 54 46 10 75 111 109 112 114 101 115 105 106 97 32 105 32 122 97 115 116 105 116 97 32 112 111 100 97 116 97 107 97 32 50 48 50 54 46 10 75 111 109 112 114 101 115 105 106 97 32 105 32 122 97 115 116 105 116 97 32 112 111 100 97 116 97 107 97 32 50 48 ]: Kod 3748
BAJT [101 115 105 106 97 32 105 32 122 97 115 116 105 116 97 32 112 111 100 97 116 97 107 97 32 50 48 50 54 46 10 75 111 109 112 114 101 115 105 106 97 32 105 32 122 97 115 116 105 116 97 32 112 111 100 97 116 97 107 97 32 50 48 50 54 46 10 75 111 109 112 114 101 115 105 106 97 32 105 32 122 97 115 116 105 116 97 32 112 111 100 97 116 97 107 97 32 50 48 50 ]: Kod 3801
BAJT [101 115 105 106 97 32 105 32 122 97 115 116 105 116 97 32 112 111 100 97 116 97 107 97 32 50 48 50 54 46 10 75 111 109 112 114 101 115 105 106 97 32 105 32 122 97 115 116 105 116 97 32 112 111 100 97 116 97 107 97 32 50 48 50 54 46 10 75 111 109 112 114 101 115 105 106 97 32 105 32 122 97 115 116 105 116 97 32 112 111 100 97 116 97 107 97 32 50 48 50 54 ]: Kod 3805
BAJT [101 115 105 106 97 32 105 32 122 97 115 116 105 116 97 32 112 111 100 97 116 97 107 97 32 50 48 50 54 46 10 75 111 109 112 114 101 115 105 106 97 32 105 32 122 97 115 116 105 116 97 32 112 111 100 97 116 97 107 97 32 50 48 50 54 46 10 75 111 109 112 114 101 115 105 106 97 32 105 32 122 97 115 116 105 116 97 32 112 111 100 97 116 97 107 97 32 50 48 50 54 46 ]: Kod 3889
BAJT [101 115 105 106 97 32 105 32 122 97 115 116 105 116 97 32 112 111 100 97 116 97 107 97 32 50 48 50 54 46 10 75 111 109 112 114 101 115 105 106 97 32 105 32 122 97 115 116 105 116 97 32 112 111 100 97 116 97 107 97 32 50 48 50 54 46 10 75 111 109 112 114 101 115 105 106 97 32 105 32 122 97 115 116 105 116 97 32 112 111 100 97 116 97 107 97 32 50 48 50 54 46 10 ]: Kod 3925
BAJT [101 115 105 106 97 32 105 32 122 97 115 116 105 116 97 32 112 111 100 97 116 97 107 97 32 50 48 50 54 46 10 75 111 109 112 114 101 115 105 106 97 32 105 32 122 97 115 116 105 116 97 32 112 111 100 97 116 97 107 97 32 50 48 50 54 46 10 75 111 109 112 114 101 115 105 106 97 32 105 32 122 97 115 116 105 116 97 32 112 111 100 97 116 97 107 97 32 50 48 50 54 46 10 75 ]: Kod 3953
BAJT [101 115 105 106 97 32 105 32 122 97 115 116 105 116 97 32 112 111 100 97 116 97 107 97 32 50 48 50 54 46 10 75 111 109 112 114 101 115 105 106 97 32 105 32 122 97 115 116 105 116 97 32 112 111 100 97 116 97 107 97 32 50 48 50 54 46 10 75 111 109 112 114 101 115 105 106 97 32 105 32 122 97 115 116 105 116 97 32 112 111 100 97 116 97 107 97 32 50 48 50 54 46 10 75 111 ]: Kod 3978
BAJT [101 115 105 106 97 32 105 32 122 97 115 116 105 116 97 32 112 111 100 97 116 97 107 97 32 50 48 50 54 46 10 75 111 109 112 114 101 115 105 106 97 32 105 32 122 97 115 116 105 116 97 32 112 111 100 97 116 97 107 97 32 50 48 50 54 46 10 75 111 109 112 114 101 115 105 106 97 32 105 32 122 97 115 116 105 116 97 32 112 111 100 97 116 97 107 97 32 50 48 50 54 46 10 75 111 109 ]: Kod 4020
BAJT [101 115 105 106 97 32 105 32 122 97 115 116 105 116 97 32 112 111 100 97 116 97 107 97 32 50 48 50 54 46 10 75 111 109 112 114 101 115 105 106 97 32 105 32 122 97 115 116 105 116 97 32 112 111 100 97 116 97 107 97 32 50 48 50 54 46 10 75 111 109 112 114 101 115 105 106 97 32 105 32 122 97 115 116 105 116 97 32 112 111 100 97 116 97 107 97 32 50 48 50 54 46 10 75 111 109 112 ]: Kod 4049
BAJT [102 ]: Kod 102
BAJT [103 ]: Kod 103
BAJT [104 ]: Kod 104
BAJT [105 ]: Kod 105
BAJT [105 32 ]: Kod 267
BAJT [105 32 122 ]: Kod 312
BAJT [105 32 122 97 ]: Kod 352
BAJT [105 32 122 97 115 ]: Kod 373
BAJT [105 32 122 97 115 116 ]: Kod 414
BAJT [105 32 122 97 115 116 105 ]: Kod 464
BAJT [105 32 122 97 115 116 105 116 ]: Kod 501
BAJT [105 32 122 97 115 116 105 116 97 ]: Kod 520
BAJT [105 32 122 97 115 116 105 116 97 32 ]: Kod 554
BAJT [105 32 122 97 115 116 105 116 97 32 112 ]: Kod 607
BAJT [105 32 122 97 115 116 105 116 97 32 112 111 ]: Kod 614
BAJT [105 32 122 97 115 116 105 116 97 32 112 111 100 ]: Kod 694
BAJT [105 32 122 97 115 116 105 116 97 32 112 111 100 97 ]: Kod 719
BAJT [105 32 122 97 115 116 105 116 97 32 112 111 100 97 116 ]: Kod 745
BAJT [105 32 122 97 115 116 105 116 97 32 112 111 100 97 116 97 ]: Kod 784
BAJT [105 32 122 97 115 116 105 116 97 32 112 111 100 97 116 97 107 ]: Kod 823
BAJT [105 32 122 97 115 116 105 116 97 32 112 111 100 97 116 97 107 97 ]: Kod 836
BAJT [105 32 122 97 115 116 105 116 97 32 112 111 100 97 116 97 107 97 32 ]: Kod 897
BAJT [105 32 122 97 115 116 105 116 97 32 112 111 100 97 116 97 107 97 32 50 ]: Kod 901
BAJT [105 32 122 97 115 116 105 116 97 32 112 111 100 97 116 97 107 97 32 50 48 ]: Kod 943
BAJT [105 32 122 97 115 116 105 116 97 32 112 111 100 97 116 97 107 97 32 50 48 50 ]: Kod 994
BAJT [105 32 122 97 115 116 105 116 97 32 112 111 100 97 116 97 107 97 32 50 48 50 54 ]: Kod 1021
BAJT [105 32 122 97 115 116 105 116 97 32 112 111 100 97 116 97 107 97 32 50 48 50 54 46 ]: Kod 1058
BAJT [105 32 122 97 115 116 105 116 97 32 112 111 100 97 116 97 107 97 32 50 48 50 54 46 10 ]: Kod 1126
BAJT [105 32 122 97 115 116 105 116 97 32 112 111 100 97 116 97 107 97 32 50 48 50 54 46 10 75 ]: Kod 1129
BAJT [105 32 122 97 115 116 105 116 97 32 112 111 100 97 116 97 107 97 32 50 48 50 54 46 10 75 111 ]: Kod 1159
BAJT [105 32 122 97 115 116 105 116 97 32 112 111 100 97 116 97 107 97 32 50 48 50 54 46 10 75 111 109 ]: Kod 1233
BAJT [105 32 122 97 115 116 105 116 97 32 112 111 100 97 116 97 107 97 32 50 48 50 54 46 10 75 111 109 112 ]: Kod 1246
BAJT [105 32 122 97 115 116 105 116 97 32 112 111 100 97 116 97 107 97 32 50 48 50 54 46 10 75 111 109 112 114 ]: Kod 1291
BAJT [105 32 122 97 115 116 105 116 97 32 112 111 100 97 116 97 107 97 32 50 48 50 54 46 10 75 111 109 112 114 101 ]: Kod 1332
BAJT [105 32 122 97 115 116 105 116 97 32 112 111 100 97 116 97 107 97 32 50 48 50 54 46 10 75 111 109 112 114 101 115 ]: Kod 1345
BAJT [105 32 122 97 115 116 105 116 97 32 112 111 100 97 116 97 107 97 32 50 48 50 54 46 10 75 111 109 112 114 101 115 105 ]: Kod 1393
BAJT [105 32 122 97 115 116 105 116 97 32 112 111 100 97 116 97 107 97 32 50 48 50 54 46 10 75 111 109 112 114 101 115 105 106 ]: Kod 1426
BAJT [105 32 122 97 115 116 105 116 97 32 112 111 100 97 116 97 107 97 32 50 48 50 54 46 10 75 111 109 112 114 101 115 105 106 97 ]: Kod 1454
BAJT [105 32 122 97 115 116 105 116 97 32 112 111 100 97 116 97 107 97 32 50 48 50 54 46 10 75 111 109 112 114 101 115 105 106 97 32 ]: Kod 1499
BAJT [105 32 122 97 115 116 105 116 97 32 112 111 100 97 116 97 107 97 32 50 48 50 54 46 10 75 111 109 112 114 101 115 105 106 97 32 105 ]: Kod 1532
BAJT [105 32 122 97 115 116 105 116 97 32 112 111 100 97 116 97 107 97 32 50 48 50 54 46 10 75 111 109 112 114 101 115 105 106 97 32 105 32 ]: Kod 1533
BAJT [105 32 122 97 115 116 105 116 97 32 112 111 100 97 116 97 107 97 32 50 48 50 54 46 10 75 111 109 112 114 101 115 105 106 97 32 105 32 122 ]: Kod 1606
BAJT [105 32 122 97 115 116 105 116 97 32 112 111 100 97 116 97 107 97 32 50 48 50 54 46 10 75 111 109 112 114 101 115 105 106 97 32 105 32 122 97 ]: Kod 1648
BAJT [105 32 122 97 115 116 105 116 97 32 112 111 100 97 116 97 107 97 32 50 48 50 54 46 10 75 111 109 112 114 101 115 105 106 97 32 105 32 122 97 115 ]: Kod 1669
BAJT [105 32 122 97 115 116 105 116 97 32 112 111 100 97 116 97 107 97 32 50 48 50 54 46 10 75 111 109 112 114 101 115 105 106 97 32 105 32 122 97 115 116 ]: Kod 1710
BAJT [105 32 122 97 115 116 105 116 97 32 112 111 100 97 116 97 107 97 32 50 48 50 54 46 10 75 111 109 112 114 101 115 105 106 97 32 105 32 122 97 115 116 105 ]: Kod 1760
BAJT [105 32 122 97 115 116 105 116 97 32 112 111 100 97 116 97 107 97 32 50 48 50 54 46 10 75 111 109 112 114 101 115 105 106 97 32 105 32 122 97 115 116 105 116 ]: Kod 1797
BAJT [105 32 122 97 115 116 105 116 97 32 112 111 100 97 116 97 107 97 32 50 48 50 54 46 10 75 111 109 112 114 101 115 105 106 97 32 105 32 122 97 115 116 105 116 97 ]: Kod 1816
BAJT [105 32 122 97 115 116 105 116 97 32 112 111 100 97 116 97 107 97 32 50 48 50 54 46 10 75 111 109 112 114 101 115 105 106 97 32 105 32 122 97 115 116 105 116 97 32 ]: Kod 1850
BAJT [105 32 122 97 115 116 105 116 97 32 112 111 100 97 116 97 107 97 32 50 48 50 54 46 10 75 111 109 112 114 101 115 105 106 97 32 105 32 122 97 115 116 105 116 97 32 112 ]: Kod 1903
BAJT [105 32 122 97 115 116 105 116 97 32 112 111 100 97 116 97 107 97 32 50 48 50 54 46 10 75 111 109 112 114 101 115 105 106 97 32 105 32 122 97 115 116 105 116 97 32 112 111 ]: Kod 1910
BAJT [105 32 122 97 115 116 105 116 97 32 112 111 100 97 116 97 107 97 32 50 48 50 54 46 10 75 111 109 112 114 101 115 105 106 97 32 105 32 122 97 115 116 105 116 97 32 112 111 100 ]: Kod 1990
BAJT [105 32 122 97 115 116 105 116 97 32 112 111 100 97 116 97 107 97 32 50 48 50 54 46 10 75 111 109 112 114 101 115 105 106 97 32 105 32 122 97 115 116 105 116 97 32 112 111 100 97 ]: Kod 2015
BAJT [105 32 122 97 115 116 105 116 97 32 112 111 100 97 116 97 107 97 32 50 48 50 54 46 10 75 111 109 112 114 101 115 105 106 97 32 105 32 122 97 115 116 105 116 97 32 112 111 100 97 116 ]: Kod 2041
BAJT [105 32 122 97 115 116 105 116 97 32 112 111 100 97 116 97 107 97 32 50 48 50 54 46 10 75 111 109 112 114 101 115 105 106 97 32 105 32 122 97 115 116 105 116 97 32 112 111 100 97 116 97 ]: Kod 2080
BAJT [105 32 122 97 115 116 105 116 97 32 112 111 100 97 116 97 107 97 32 50 48 50 54 46 10 75 111 109 112 114 101 115 105 106 97 32 105 32 122 97 115 116 105 116 97 32 112 111 100 97 116 97 107 ]: Kod 2119
BAJT [105 32 122 97 115 116 105 116 97 32 112 111 100 97 116 97 107 97 32 50 48 50 54 46 10 75 111 109 112 114 101 115 105 106 97 32 105 32 122 97 115 116 105 116 97 32 112 111 100 97 116 97 107 97 ]: Kod 2132
BAJT [105 32 122 97 115 116 105 116 97 32 112 111 100 97 116 97 107 97 32 50 48 50 54 46 10 75 111 109 112 114 101 115 105 106 97 32 105 32 122 97 115 116 105 116 97 32 112 111 100 97 116 97 107 97 32 ]: Kod 2193
BAJT [105 32 122 97 115 116 105 116 97 32 112 111 100 97 116 97 107 97 32 50 48 50 54 46 10 75 111 109 112 114 101 115 105 106 97 32 105 32 122 97 115 116 105 116 97 32 112 111 100 97 116 97 107 97 32 50 ]: Kod 2197
BAJT [105 32 122 97 115 116 105 116 97 32 112 111 100 97 116 97 107 97 32 50 48 50 54 46 10 75 111 109 112 114 101 115 105 106 97 32 105 32 122 97 115 116 105 116 97 32 112 111 100 97 116 97 107 97 32 50 48 ]: Kod 2239
BAJT [105 32 122 97 115 116 105 116 97 32 112 111 100 97 116 97 107 97 32 50 48 50 54 46 10 75 111 109 112 114 101 115 105 106 97 32 105 32 122 97 115 116 105 116 97 32 112 111 100 97 116 97 107 97 32 50 48 50 ]: Kod 2290
BAJT [105 32 122 97 115 116 105 116 97 32 112 111 100 97 116 97 107 97 32 50 48 50 54 46 10 75 111 109 112 114 101 115 105 106 97 32 105 32 122 97 115 116 105 116 97 32 112 111 100 97 116 97 107 97 32 50 48 50 54 ]: Kod 2317
BAJT [105 32 122 97 115 116 105 116 97 32 112 111 100 97 116 97 107 97 32 50 48 50 54 46 10 75 111 109 112 114 101 115 105 106 97 32 105 32 122 97 115 116 105 116 97 32 112 111 100 97 116 97 107 97 32 50 48 50 54 46 ]: Kod 2354
BAJT [105 32 122 97 115 116 105 116 97 32 112 111 100 97 116 97 107 97 32 50 48 50 54 46 10 75 111 109 112 114 101 115 105 106 97 32 105 32 122 97 115 116 105 116 97 32 112 111 100 97 116 97 107 97 32 50 48 50 54 46 10 ]: Kod 2422
BAJT [105 32 122 97 115 116 105 116 97 32 112 111 100 97 116 97 107 97 32 50 48 50 54 46 10 75 111 109 112 114 101 115 105 106 97 32 105 32 122 97 115 116 105 116 97 32 112 111 100 97 116 97 107 97 32 50 48 50 54 46 10 75 ]: Kod 2425
BAJT [105 32 122 97 115 116 105 116 97 32 112 111 100 97 116 97 107 97 32 50 48 50 54 46 10 75 111 109 112 114 101 115 105 106 97 32 105 32 122 97 115 116 105 116 97 32 112 111 100 97 116 97 107 97 32 50 48 50 54 46 10 75 111 ]: Kod 2455
BAJT [105 32 122 97 115 116 105 116 97 32 112 111 100 97 116 97 107 97 32 50 48 50 54 46 10 75 111 109 112 114 101 115 105 106 97 32 105 32 122 97 115 116 105 116 97 32 112 111 100 97 116 97 107 97 32 50 48 50 54 46 10 75 111 109 ]: Kod 2529
BAJT [105 32 122 97 115 116 105 116 97 32 112 111 100 97 116 97 107 97 32 50 48 50 54 46 10 75 111 109 112 114 101 115 105 106 97 32 105 32 122 97 115 116 105 116 97 32 112 111 100 97 116 97 107 97 32 50 48 50 54 46 10 75 111 109 112 ]: Kod 2542
BAJT [105 32 122 97 115 116 105 116 97 32 112 111 100 97 116 97 107 97 32 50 48 50 54 46 10 75 111 109 112 114 101 115 105 106 97 32 105 32 122 97 115 116 105 116 97 32 112 111 100 97 116 97 107 97 32 50 48 50 54 46 10 75 111 109 112 114 ]: Kod 2587
BAJT [105 32 122 97 115 116 105 116 97 32 112 111 100 97 116 97 107 97 32 50 48 50 54 46 10 75 111 109 112 114 101 115 105 106 97 32 105 32 122 97 115 116 105 116 97 32 112 111 100 97 116 97 107 97 32 50 48 50 54 46 10 75 111 109 112 114 101 ]: Kod 2628
BAJT [105 32 122 97 115 116 105 116 97 32 112 111 100 97 116 97 107 97 32 50 48 50 54 46 10 75 111 109 112 114 101 115 105 106 97 32 105 32 122 97 115 116 105 116 97 32 112 111 100 97 116 97 107 97 32 50 48 50 54 46 10 75 111 109 112 114 101 115 ]: Kod 2641
BAJT [105 32 122 97 115 116 105 116 97 32 112 111 100 97 116 97 107 97 32 50 48 50 54 46 10 75 111 109 112 114 101 115 105 106 97 32 105 32 122 97 115 116 105 116 97 32 112 111 100 97 116 97 107 97 32 50 48 50 54 46 10 75 111 109 112 114 101 115 105 ]: Kod 2689
BAJT [105 32 122 97 115 116 105 116 97 32 112 111 100 97 116 97 107 97 32 50 48 50 54 46 10 75 111 109 112 114 101 115 105 106 97 32 105 32 122 97 115 116 105 116 97 32 112 111 100 97 116 97 107 97 32 50 48 50 54 46 10 75 111 109 112 114 101 115 105 106 ]: Kod 2722
BAJT [105 32 122 97 115 116 105 116 97 32 112 111 100 97 116 97 107 97 32 50 48 50 54 46 10 75 111 109 112 114 101 115 105 106 97 32 105 32 122 97 115 116 105 116 97 32 112 111 100 97 116 97 107 97 32 50 48 50 54 46 10 75 111 109 112 114 101 115 105 106 97 ]: Kod 2750
BAJT [105 32 122 97 115 116 105 116 97 32 112 111 100 97 116 97 107 97 32 50 48 50 54 46 10 75 111 109 112 114 101 115 105 106 97 32 105 32 122 97 115 116 105 116 97 32 112 111 100 97 116 97 107 97 32 50 48 50 54 46 10 75 111 109 112 114 101 115 105 106 97 32 ]: Kod 2795
BAJT [105 32 122 97 115 116 105 116 97 32 112 111 100 97 116 97 107 97 32 50 48 50 54 46 10 75 111 109 112 114 101 115 105 106 97 32 105 32 122 97 115 116 105 116 97 32 112 111 100 97 116 97 107 97 32 50 48 50 54 46 10 75 111 109 112 114 101 115 105 106 97 32 105 ]: Kod 2828
BAJT [105 32 122 97 115 116 105 116 97 32 112 111 100 97 116 97 107 97 32 50 48 50 54 46 10 75 111 109 112 114 101 115 105 106 97 32 105 32 122 97 115 116 105 116 97 32 112 111 100 97 116 97 107 97 32 50 48 50 54 46 10 75 111 109 112 114 101 115 105 106 97 32 105 32 ]: Kod 2829
BAJT [105 32 122 97 115 116 105 116 97 32 112 111 100 97 116 97 107 97 32 50 48 50 54 46 10 75 111 109 112 114 101 115 105 106 97 32 105 32 122 97 115 116 105 116 97 32 112 111 100 97 116 97 107 97 32 50 48 50 54 46 10 75 111 109 112 114 101 115 105 106 97 32 105 32 122 ]: Kod 2902
BAJT [105 32 122 97 115 116 105 116 97 32 112 111 100 97 116 97 107 97 32 50 48 50 54 46 10 75 111 109 112 114 101 115 105 106 97 32 105 32 122 97 115 116 105 116 97 32 112 111 100 97 116 97 107 97 32 50 48 50 54 46 10 75 111 109 112 114 101 115 105 106 97 32 105 32 122 97 ]: Kod 2944
BAJT [105 32 122 97 115 116 105 116 97 32 112 111 100 97 116 97 107 97 32 50 48 50 54 46 10 75 111 109 112 114 101 115 105 106 97 32 105 32 122 97 115 116 105 116 97 32 112 111 100 97 116 97 107 97 32 50 48 50 54 46 10 75 111 109 112 114 101 115 105 106 97 32 105 32 122 97 115 ]: Kod 2965
BAJT [105 32 122 97 115 116 105 116 97 32 112 111 100 97 116 97 107 97 32 50 48 50 54 46 10 75 111 109 112 114 101 115 105 106 97 32 105 32 122 97 115 116 105 116 97 32 112 111 100 97 116 97 107 97 32 50 48 50 54 46 10 75 111 109 112 114 101 115 105 106 97 32 105 32 122 97 115 116 ]: Kod 3006
BAJT [105 32 122 97 115 116 105 116 97 32 112 111 100 97 116 97 107 97 32 50 48 50 54 46 10 75 111 109 112 114 101 115 105 106 97 32 105 32 122 97 115 116 105 116 97 32 112 111 100 97 116 97 107 97 32 50 48 50 54 46 10 75 111 109 112 114 101 115 105 106 97 32 105 32 122 97 115 116 105 ]: Kod 3056
BAJT [105 32 122 97 115 116 105 116 97 32 112 111 100 97 116 97 107 97 32 50 48 50 54 46 10 75 111 109 112 114 101 115 105 106 97 32 105 32 122 97 115 116 105 116 97 32 112 111 100 97 116 97 107 97 32 50 48 50 54 46 10 75 111 109 112 114 101 115 105 106 97 32 105 32 122 97 115 116 105 116 ]: Kod 3093
BAJT [105 32 122 97 115 116 105 116 97 32 112 111 100 97 116 97 107 97 32 50 48 50 54 46 10 75 111 109 112 114 101 115 105 106 97 32 105 32 122 97 115 116 105 116 97 32 112 111 100 97 116 97 107 97 32 50 48 50 54 46 10 75 111 109 112 114 101 115 105 106 97 32 105 32 122 97 115 116 105 116 97 ]: Kod 3112
BAJT [105 32 122 97 115 116 105 116 97 32 112 111 100 97 116 97 107 97 32 50 48 50 54 46 10 75 111 109 112 114 101 115 105 106 97 32 105 32 122 97 115 116 105 116 97 32 112 111 100 97 116 97 107 97 32 50 48 50 54 46 10 75 111 109 112 114 101 115 105 106 97 32 105 32 122 97 115 116 105 116 97 32 ]: Kod 3146
BAJT [105 32 122 97 115 116 105 116 97 32 112 111 100 97 116 97 107 97 32 50 48 50 54 46 10 75 111 109 112 114 101 115 105 106 97 32 105 32 122 97 115 116 105 116 97 32 112 111 100 97 116 97 107 97 32 50 48 50 54 46 10 75 111 109 112 114 101 115 105 106 97 32 105 32 122 97 115 116 105 116 97 32 112 ]: Kod 3199
BAJT [105 32 122 97 115 116 105 116 97 32 112 111 100 97 116 97 107 97 32 50 48 50 54 46 10 75 111 109 112 114 101 115 105 106 97 32 105 32 122 97 115 116 105 116 97 32 112 111 100 97 116 97 107 97 32 50 48 50 54 46 10 75 111 109 112 114 101 115 105 106 97 32 105 32 122 97 115 116 105 116 97 32 112 111 ]: Kod 3206
BAJT [105 32 122 97 115 116 105 116 97 32 112 111 100 97 116 97 107 97 32 50 48 50 54 46 10 75 111 109 112 114 101 115 105 106 97 32 105 32 122 97 115 116 105 116 97 32 112 111 100 97 116 97 107 97 32 50 48 50 54 46 10 75 111 109 112 114 101 115 105 106 97 32 105 32 122 97 115 116 105 116 97 32 112 111 100 ]: Kod 3286
BAJT [105 32 122 97 115 116 105 116 97 32 112 111 100 97 116 97 107 97 32 50 48 50 54 46 10 75 111 109 112 114 101 115 105 106 97 32 105 32 122 97 115 116 105 116 97 32 112 111 100 97 116 97 107 97 32 50 48 50 54 46 10 75 111 109 112 114 101 115 105 106 97 32 105 32 122 97 115 116 105 116 97 32 112 111 100 97 ]: Kod 3311
BAJT [105 32 122 97 115 116 105 116 97 32 112 111 100 97 116 97 107 97 32 50 48 50 54 46 10 75 111 109 112 114 101 115 105 106 97 32 105 32 122 97 115 116 105 116 97 32 112 111 100 97 116 97 107 97 32 50 48 50 54 46 10 75 111 109 112 114 101 115 105 106 97 32 105 32 122 97 115 116 105 116 97 32 112 111 100 97 116 ]: Kod 3337
BAJT [105 32 122 97 115 116 105 116 97 32 112 111 100 97 116 97 107 97 32 50 48 50 54 46 10 75 111 109 112 114 101 115 105 106 97 32 105 32 122 97 115 116 105 116 97 32 112 111 100 97 116 97 107 97 32 50 48 50 54 46 10 75 111 109 112 114 101 115 105 106 97 32 105 32 122 97 115 116 105 116 97 32 112 111 100 97 116 97 ]: Kod 3376
BAJT [105 32 122 97 115 116 105 116 97 32 112 111 100 97 116 97 107 97 32 50 48 50 54 46 10 75 111 109 112 114 101 115 105 106 97 32 105 32 122 97 115 116 105 116 97 32 112 111 100 97 116 97 107 97 32 50 48 50 54 46 10 75 111 109 112 114 101 115 105 106 97 32 105 32 122 97 115 116 105 116 97 32 112 111 100 97 116 97 107 ]: Kod 3415
BAJT [105 32 122 97 115 116 105 116 97 32 112 111 100 97 116 97 107 97 32 50 48 50 54 46 10 75 111 109 112 114 101 115 105 106 97 32 105 32 122 97 115 116 105 116 97 32 112 111 100 97 116 97 107 97 32 50 48 50 54 46 10 75 111 109 112 114 101 115 105 106 97 32 105 32 122 97 115 116 105 116 97 32 112 111 100 97 116 97 107 97 ]: Kod 3428
BAJT [105 32 122 97 115 116 105 116 97 32 112 111 100 97 116 97 107 97 32 50 48 50 54 46 10 75 111 109 112 114 101 115 105 106 97 32 105 32 122 97 115 116 105 116 97 32 112 111 100 97 116 97 107 97 32 50 48 50 54 46 10 75 111 109 112 114 101 115 105 106 97 32 105 32 122 97 115 116 105 116 97 32 112 111 100 97 116 97 107 97 32 ]: Kod 3489
BAJT [105 32 122 97 115 116 105 116 97 32 112 111 100 97 116 97 107 97 32 50 48 50 54 46 10 75 111 109 112 114 101 115 105 106 97 32 105 32 122 97 115 116 105 116 97 32 112 111 100 97 116 97 107 97 32 50 48 50 54 46 10 75 111 109 112 114 101 115 105 106 97 32 105 32 122 97 115 116 105 116 97 32 112 111 100 97 116 97 107 97 32 50 ]: Kod 3493
BAJT [105 32 122 97 115 116 105 116 97 32 112 111 100 97 116 97 107 97 32 50 48 50 54 46 10 75 111 109 112 114 101 115 105 106 97 32 105 32 122 97 115 116 105 116 97 32 112 111 100 97 116 97 107 97 32 50 48 50 54 46 10 75 111 109 112 114 101 115 105 106 97 32 105 32 122 97 115 116 105 116 97 32 112 111 100 97 116 97 107 97 32 50 48 ]: Kod 3535
BAJT [105 32 122 97 115 116 105 116 97 32 112 111 100 97 116 97 107 97 32 50 48 50 54 46 10 75 111 109 112 114 101 115 105 106 97 32 105 32 122 97 115 116 105 116 97 32 112 111 100 97 116 97 107 97 32 50 48 50 54 46 10 75 111 109 112 114 101 115 105 106 97 32 105 32 122 97 115 116 105 116 97 32 112 111 100 97 116 97 107 97 32 50 48 50 ]: Kod 3586
BAJT [105 32 122 97 115 116 105 116 97 32 112 111 100 97 116 97 107 97 32 50 48 50 54 46 10 75 111 109 112 114 101 115 105 106 97 32 105 32 122 97 115 116 105 116 97 32 112 111 100 97 116 97 107 97 32 50 48 50 54 46 10 75 111 109 112 114 101 115 105 106 97 32 105 32 122 97 115 116 105 116 97 32 112 111 100 97 116 97 107 97 32 50 48 50 54 ]: Kod 3613
BAJT [105 32 122 97 115 116 105 116 97 32 112 111 100 97 116 97 107 97 32 50 48 50 54 46 10 75 111 109 112 114 101 115 105 106 97 32 105 32 122 97 115 116 105 116 97 32 112 111 100 97 116 97 107 97 32 50 48 50 54 46 10 75 111 109 112 114 101 115 105 106 97 32 105 32 122 97 115 116 105 116 97 32 112 111 100 97 116 97 107 97 32 50 48 50 54 46 ]: Kod 3650
BAJT [105 32 122 97 115 116 105 116 97 32 112 111 100 97 116 97 107 97 32 50 48 50 54 46 10 75 111 109 112 114 101 115 105 106 97 32 105 32 122 97 115 116 105 116 97 32 112 111 100 97 116 97 107 97 32 50 48 50 54 46 10 75 111 109 112 114 101 115 105 106 97 32 105 32 122 97 115 116 105 116 97 32 112 111 100 97 116 97 107 97 32 50 48 50 54 46 10 ]: Kod 3718
BAJT [105 32 122 97 115 116 105 116 97 32 112 111 100 97 116 97 107 97 32 50 48 50 54 46 10 75 111 109 112 114 101 115 105 106 97 32 105 32 122 97 115 116 105 116 97 32 112 111 100 97 116 97 107 97 32 50 48 50 54 46 10 75 111 109 112 114 101 115 105 106 97 32 105 32 122 97 115 116 105 116 97 32 112 111 100 97 116 97 107 97 32 50 48 50 54 46 10 75 ]: Kod 3721
BAJT [105 32 122 97 115 116 105 116 97 32 112 111 100 97 116 97 107 97 32 50 48 50 54 46 10 75 111 109 112 114 101 115 105 106 97 32 105 32 122 97 115 116 105 116 97 32 112 111 100 97 116 97 107 97 32 50 48 50 54 46 10 75 111 109 112 114 101 115 105 106 97 32 105 32 122 97 115 116 105 116 97 32 112 111 100 97 116 97 107 97 32 50 48 50 54 46 10 75 111 ]: Kod 3751
BAJT [105 32 122 97 115 116 105 116 97 32 112 111 100 97 116 97 107 97 32 50 48 50 54 46 10 75 111 109 112 114 101 115 105 106 97 32 105 32 122 97 115 116 105 116 97 32 112 111 100 97 116 97 107 97 32 50 48 50 54 46 10 75 111 109 112 114 101 115 105 106 97 32 105 32 122 97 115 116 105 116 97 32 112 111 100 97 116 97 107 97 32 50 48 50 54 46 10 75 111 109 ]: Kod 3825
BAJT [105 32 122 97 115 116 105 116 97 32 112 111 100 97 116 97 107 97 32 50 48 50 54 46 10 75 111 109 112 114 101 115 105 106 97 32 105 32 122 97 115 116 105 116 97 32 112 111 100 97 116 97 107 97 32 50 48 50 54 46 10 75 111 109 112 114 101 115 105 106 97 32 105 32 122 97 115 116 105 116 97 32 112 111 100 97 116 97 107 97 32 50 48 50 54 46 10 75 111 109 112 ]: Kod 3838
BAJT [105 32 122 97 115 116 105 116 97 32 112 111 100 97 116 97 107 97 32 50 48 50 54 46 10 75 111 109 112 114 101 115 105 106 97 32 105 32 122 97 115 116 105 116 97 32 112 111 100 97 116 97 107 97 32 50 48 50 54 46 10 75 111 109 112 114 101 115 105 106 97 32 105 32 122 97 115 116 105 116 97 32 112 111 100 97 116 97 107 97 32 50 48 50 54 46 10 75 111 109 112 114 ]: Kod 3883
BAJT [105 32 122 97 115 116 105 116 97 32 112 111 100 97 116 97 107 97 32 50 48 50 54 46 10 75 111 109 112 114 101 115 105 106 97 32 105 32 122 97 115 116 105 116 97 32 112 111 100 97 116 97 107 97 32 50 48 50 54 46 10 75 111 109 112 114 101 115 105 106 97 32 105 32 122 97 115 116 105 116 97 32 112 111 100 97 116 97 107 97 32 50 48 50 54 46 10 75 111 109 112 114 101 ]: Kod 3924
BAJT [105 32 122 97 115 116 105 116 97 32 112 111 100 97 116 97 107 97 32 50 48 50 54 46 10 75 111 109 112 114 101 115 105 106 97 32 105 32 122 97 115 116 105 116 97 32 112 111 100 97 116 97 107 97 32 50 48 50 54 46 10 75 111 109 112 114 101 115 105 106 97 32 105 32 122 97 115 116 105 116 97 32 112 111 100 97 116 97 107 97 32 50 48 50 54 46 10 75 111 109 112 114 101 115 ]: Kod 3937
BAJT [105 32 122 97 115 116 105 116 97 32 112 111 100 97 116 97 107 97 32 50 48 50 54 46 10 75 111 109 112 114 101 115 105 106 97 32 105 32 122 97 115 116 105 116 97 32 112 111 100 97 116 97 107 97 32 50 48 50 54 46 10 75 111 109 112 114 101 115 105 106 97 32 105 32 122 97 115 116 105 116 97 32 112 111 100 97 116 97 107 97 32 50 48 50 54 46 10 75 111 109 112 114 101 115 105 ]: Kod 3985
BAJT [105 32 122 97 115 116 105 116 97 32 112 111 100 97 116 97 107 97 32 50 48 50 54 46 10 75 111 109 112 114 101 115 105 106 97 32 105 32 122 97 115 116 105 116 97 32 112 111 100 97 116 97 107 97 32 50 48 50 54 46 10 75 111 109 112 114 101 115 105 106 97 32 105 32 122 97 115 116 105 116 97 32 112 111 100 97 116 97 107 97 32 50 48 50 54 46 10 75 111 109 112 114 101 115 105 106 ]: Kod 4018
BAJT [105 32 122 97 115 116 105 116 97 32 112 111 100 97 116 97 107 97 32 50 48 50 54 46 10 75 111 109 112 114 101 115 105 106 97 32 105 32 122 97 115 116 105 116 97 32 112 111 100 97 116 97 107 97 32 50 48 50 54 46 10 75 111 109 112 114 101 115 105 106 97 32 105 32 122 97 115 116 105 116 97 32 112 111 100 97 116 97 107 97 32 50 48 50 54 46 10 75 111 109 112 114 101 115 105 106 97 ]: Kod 4046
BAJT [105 32 122 97 115 116 105 116 97 32 112 111 100 97 116 97 107 97 32 50 48 50 54 46 10 75 111 109 112 114 101 115 105 106 97 32 105 32 122 97 115 116 105 116 97 32 112 111 100 97 116 97 107 97 32 50 48 50 54 46 10 75 111 109 112 114 101 115 105 106 97 32 105 32 122 97 115 116 105 116 97 32 112 111 100 97 116 97 107 97 32 50 48 50 54 46 10 75 111 109 112 114 101 115 105 106 97 32 ]: Kod 4091
BAJT [105 106 ]: Kod 263
BAJT [105 106 97 ]: Kod 310
BAJT [105 106 97 32 ]: Kod 339
BAJT [105 106 97 32 105 ]: Kod 372
BAJT [105 106 97 32 105 32 ]: Kod 406
BAJT [105 106 97 32 105 32 122 ]: Kod 440
BAJT [105 106 97 32 105 32 122 97 ]: Kod 446
BAJT [105 106 97 32 105 32 122 97 115 ]: Kod 515
BAJT [105 106 97 32 105 32 122 97 115 116 ]: Kod 585
BAJT [105 106 97 32 105 32 122 97 115 116 105 ]: Kod 603
BAJT [105 106 97 32 105 32 122 97 115 116 105 116 ]: Kod 643
BAJT [105 106 97 32 105 32 122 97 115 116 105 116 97 ]: Kod 682
BAJT [105 106 97 32 105 32 122 97 115 116 105 116 97 32 ]: Kod 702
BAJT [105 106 97 32 105 32 122 97 115 116 105 116 97 32 112 ]: Kod 724
BAJT [105 106 97 32 105 32 122 97 115 116 105 116 97 32 112 111 ]: Kod 791
BAJT [105 106 97 32 105 32 122 97 115 116 105 116 97 32 112 111 100 ]: Kod 825
BAJT [105 106 97 32 105 32 122 97 115 116 105 116 97 32 112 111 100 97 ]: Kod 842
BAJT [105 106 97 32 105 32 122 97 115 116 105 116 97 32 112 111 100 97 116 ]: Kod 885
BAJT [105 106 97 32 105 32 122 97 115 116 105 116 97 32 112 111 100 97 116 97 ]: Kod 889
BAJT [105 106 97 32 105 32 122 97 115 116 105 116 97 32 112 111 100 97 116 97 107 ]: Kod 941
BAJT [105 106 97 32 105 32 122 97 115 116 105 116 97 32 112 111 100 97 116 97 107 97 ]: Kod 987
BAJT [105 106 97 32 105 32 122 97 115 116 105 116 97 32 112 111 100 97 116 97 107 97 32 ]: Kod 1042
BAJT [105 106 97 32 105 32 122 97 115 116 105 116 97 32 112 111 100 97 116 97 107 97 32 50 ]: Kod 1075
BAJT [105 106 97 32 105 32 122 97 115 116 105 116 97 32 112 111 100 97 116 97 107 97 32 50 48 ]: Kod 1114
BAJT [105 106 97 32 105 32 122 97 115 116 105 116 97 32 112 111 100 97 116 97 107 97 32 50 48 50 ]: Kod 1136
BAJT [105 106 97 32 105 32 122 97 115 116 105 116 97 32 112 111 100 97 116 97 107 97 32 50 48 50 54 ]: Kod 1163
BAJT [105 106 97 32 105 32 122 97 115 116 105 116 97 32 112 111 100 97 116 97 107 97 32 50 48 50 54 46 ]: Kod 1225
BAJT [105 106 97 32 105 32 122 97 115 116 105 116 97 32 112 111 100 97 116 97 107 97 32 50 48 50 54 46 10 ]: Kod 1251
BAJT [105 106 97 32 105 32 122 97 115 116 105 116 97 32 112 111 100 97 116 97 107 97 32 50 48 50 54 46 10 75 ]: Kod 1265
BAJT [105 106 97 32 105 32 122 97 115 116 105 116 97 32 112 111 100 97 116 97 107 97 32 50 48 50 54 46 10 75 111 ]: Kod 1308
BAJT [105 106 97 32 105 32 122 97 115 116 105 116 97 32 112 111 100 97 116 97 107 97 32 50 48 50 54 46 10 75 111 109 ]: Kod 1353
BAJT [105 106 97 32 105 32 122 97 115 116 105 116 97 32 112 111 100 97 116 97 107 97 32 50 48 50 54 46 10 75 111 109 112 ]: Kod 1394
BAJT [105 106 97 32 105 32 122 97 115 116 105 116 97 32 112 111 100 97 116 97 107 97 32 50 48 50 54 46 10 75 111 109 112 114 ]: Kod 1439
BAJT [105 106 97 32 105 32 122 97 115 116 105 116 97 32 112 111 100 97 116 97 107 97 32 50 48 50 54 46 10 75 111 109 112 114 101 ]: Kod 1456
BAJT [105 106 97 32 105 32 122 97 115 116 105 116 97 32 112 111 100 97 116 97 107 97 32 50 48 50 54 46 10 75 111 109 112 114 101 115 ]: Kod 1503
BAJT [105 106 97 32 105 32 122 97 115 116 105 116 97 32 112 111 100 97 116 97 107 97 32 50 48 50 54 46 10 75 111 109 112 114 101 115 105 ]: Kod 1524
BAJT [105 106 97 32 105 32 122 97 115 116 105 116 97 32 112 111 100 97 116 97 107 97 32 50 48 50 54 46 10 75 111 109 112 114 101 115 105 106 ]: Kod 1525
BAJT [105 106 97 32 105 32 122 97 115 116 105 116 97 32 112 111 100 97 116 97 107 97 32 50 48 50 54 46 10 75 111 109 112 114 101 115 105 106 97 ]: Kod 1604
BAJT [105 106 97 32 105 32 122 97 115 116 105 116 97 32 112 111 100 97 116 97 107 97 32 50 48 50 54 46 10 75 111 109 112 114 101 115 105 106 97 32 ]: Kod 1635
BAJT [105 106 97 32 105 32 122 97 115 116 105 116 97 32 112 111 100 97 116 97 107 97 32 50 48 50 54 46 10 75 111 109 112 114 101 115 105 106 97 32 105 ]: Kod 1668
BAJT [105 106 97 32 105 32 122 97 115 116 105 116 97 32 112 111 100 97 116 97 107 97 32 50 48 50 54 46 10 75 111 109 112 114 101 115 105 106 97 32 105 32 ]: Kod 1702
BAJT [105 106 97 32 105 32 122 97 115 116 105 116 97 32 112 111 100 97 116 97 107 97 32 50 48 50 54 46 10 75 111 109 112 114 101 115 105 106 97 32 105 32 122 ]: Kod 1736
BAJT [105 106 97 32 105 32 122 97 115 116 105 116 97 32 112 111 100 97 116 97 107 97 32 50 48 50 54 46 10 75 111 109 112 114 101 115 105 106 97 32 105 32 122 97 ]: Kod 1742
BAJT [105 106 97 32 105 32 122 97 115 116 105 116 97 32 112 111 100 97 116 97 107 97 32 50 48 50 54 46 10 75 111 109 112 114 101 115 105 106 97 32 105 32 122 97 115 ]: Kod 1811
BAJT [105 106 97 32 105 32 122 97 115 116 105 116 97 32 112 111 100 97 116 97 107 97 32 50 48 50 54 46 10 75 111 109 112 114 101 115 105 106 97 32 105 32 122 97 115 116 ]: Kod 1881
BAJT [105 106 97 32 105 32 122 97 115 116 105 116 97 32 112 111 100 97 116 97 107 97 32 50 48 50 54 46 10 75 111 109 112 114 101 115 105 106 97 32 105 32 122 97 115 116 105 ]: Kod 1899
BAJT [105 106 97 32 105 32 122 97 115 116 105 116 97 32 112 111 100 97 116 97 107 97 32 50 48 50 54 46 10 75 111 109 112 114 101 115 105 106 97 32 105 32 122 97 115 116 105 116 ]: Kod 1939
BAJT [105 106 97 32 105 32 122 97 115 116 105 116 97 32 112 111 100 97 116 97 107 97 32 50 48 50 54 46 10 75 111 109 112 114 101 115 105 106 97 32 105 32 122 97 115 116 105 116 97 ]: Kod 1978
BAJT [105 106 97 32 105 32 122 97 115 116 105 116 97 32 112 111 100 97 116 97 107 97 32 50 48 50 54 46 10 75 111 109 112 114 101 115 105 106 97 32 105 32 122 97 115 116 105 116 97 32 ]: Kod 1998
BAJT [105 106 97 32 105 32 122 97 115 116 105 116 97 32 112 111 100 97 116 97 107 97 32 50 48 50 54 46 10 75 111 109 112 114 101 115 105 106 97 32 105 32 122 97 115 116 105 116 97 32 112 ]: Kod 2020
BAJT [105 106 97 32 105 32 122 97 115 116 105 116 97 32 112 111 100 97 116 97 107 97 32 50 48 50 54 46 10 75 111 109 112 114 101 115 105 106 97 32 105 32 122 97 115 116 105 116 97 32 112 111 ]: Kod 2087
BAJT [105 106 97 32 105 32 122 97 115 116 105 116 97 32 112 111 100 97 116 97 107 97 32 50 48 50 54 46 10 75 111 109 112 114 101 115 105 106 97 32 105 32 122 97 115 116 105 116 97 32 112 111 100 ]: Kod 2121
BAJT [105 106 97 32 105 32 122 97 115 116 105 116 97 32 112 111 100 97 116 97 107 97 32 50 48 50 54 46 10 75 111 109 112 114 101 115 105 106 97 32 105 32 122 97 115 116 105 116 97 32 112 111 100 97 ]: Kod 2138
BAJT [105 106 97 32 105 32 122 97 115 116 105 116 97 32 112 111 100 97 116 97 107 97 32 50 48 50 54 46 10 75 111 109 112 114 101 115 105 106 97 32 105 32 122 97 115 116 105 116 97 32 112 111 100 97 116 ]: Kod 2181
BAJT [105 106 97 32 105 32 122 97 115 116 105 116 97 32 112 111 100 97 116 97 107 97 32 50 48 50 54 46 10 75 111 109 112 114 101 115 105 106 97 32 105 32 122 97 115 116 105 116 97 32 112 111 100 97 116 97 ]: Kod 2185
BAJT [105 106 97 32 105 32 122 97 115 116 105 116 97 32 112 111 100 97 116 97 107 97 32 50 48 50 54 46 10 75 111 109 112 114 101 115 105 106 97 32 105 32 122 97 115 116 105 116 97 32 112 111 100 97 116 97 107 ]: Kod 2237
BAJT [105 106 97 32 105 32 122 97 115 116 105 116 97 32 112 111 100 97 116 97 107 97 32 50 48 50 54 46 10 75 111 109 112 114 101 115 105 106 97 32 105 32 122 97 115 116 105 116 97 32 112 111 100 97 116 97 107 97 ]: Kod 2283
BAJT [105 106 97 32 105 32 122 97 115 116 105 116 97 32 112 111 100 97 116 97 107 97 32 50 48 50 54 46 10 75 111 109 112 114 101 115 105 106 97 32 105 32 122 97 115 116 105 116 97 32 112 111 100 97 116 97 107 97 32 ]: Kod 2338
BAJT [105 106 97 32 105 32 122 97 115 116 105 116 97 32 112 111 100 97 116 97 107 97 32 50 48 50 54 46 10 75 111 109 112 114 101 115 105 106 97 32 105 32 122 97 115 116 105 116 97 32 112 111 100 97 116 97 107 97 32 50 ]: Kod 2371
BAJT [105 106 97 32 105 32 122 97 115 116 105 116 97 32 112 111 100 97 116 97 107 97 32 50 48 50 54 46 10 75 111 109 112 114 101 115 105 106 97 32 105 32 122 97 115 116 105 116 97 32 112 111 100 97 116 97 107 97 32 50 48 ]: Kod 2410
BAJT [105 106 97 32 105 32 122 97 115 116 105 116 97 32 112 111 100 97 116 97 107 97 32 50 48 50 54 46 10 75 111 109 112 114 101 115 105 106 97 32 105 32 122 97 115 116 105 116 97 32 112 111 100 97 116 97 107 97 32 50 48 50 ]: Kod 2432
BAJT [105 106 97 32 105 32 122 97 115 116 105 116 97 32 112 111 100 97 116 97 107 97 32 50 48 50 54 46 10 75 111 109 112 114 101 115 105 106 97 32 105 32 122 97 115 116 105 116 97 32 112 111 100 97 116 97 107 97 32 50 48 50 54 ]: Kod 2459
BAJT [105 106 97 32 105 32 122 97 115 116 105 116 97 32 112 111 100 97 116 97 107 97 32 50 48 50 54 46 10 75 111 109 112 114 101 115 105 106 97 32 105 32 122 97 115 116 105 116 97 32 112 111 100 97 116 97 107 97 32 50 48 50 54 46 ]: Kod 2521
BAJT [105 106 97 32 105 32 122 97 115 116 105 116 97 32 112 111 100 97 116 97 107 97 32 50 48 50 54 46 10 75 111 109 112 114 101 115 105 106 97 32 105 32 122 97 115 116 105 116 97 32 112 111 100 97 116 97 107 97 32 50 48 50 54 46 10 ]: Kod 2547
BAJT [105 106 97 32 105 32 122 97 115 116 105 116 97 32 112 111 100 97 116 97 107 97 32 50 48 50 54 46 10 75 111 109 112 114 101 115 105 106 97 32 105 32 122 97 115 116 105 116 97 32 112 111 100 97 116 97 107 97 32 50 48 50 54 46 10 75 ]: Kod 2561
BAJT [105 106 97 32 105 32 122 97 115 116 105 116 97 32 112 111 100 97 116 97 107 97 32 50 48 50 54 46 10 75 111 109 112 114 101 115 105 106 97 32 105 32 122 97 115 116 105 116 97 32 112 111 100 97 116 97 107 97 32 50 48 50 54 46 10 75 111 ]: Kod 2604
BAJT [105 106 97 32 105 32 122 97 115 116 105 116 97 32 112 111 100 97 116 97 107 97 32 50 48 50 54 46 10 75 111 109 112 114 101 115 105 106 97 32 105 32 122 97 115 116 105 116 97 32 112 111 100 97 116 97 107 97 32 50 48 50 54 46 10 75 111 109 ]: Kod 2649
BAJT [105 106 97 32 105 32 122 97 115 116 105 116 97 32 112 111 100 97 116 97 107 97 32 50 48 50 54 46 10 75 111 109 112 114 101 115 105 106 97 32 105 32 122 97 115 116 105 116 97 32 112 111 100 97 116 97 107 97 32 50 48 50 54 46 10 75 111 109 112 ]: Kod 2690
BAJT [105 106 97 32 105 32 122 97 115 116 105 116 97 32 112 111 100 97 116 97 107 97 32 50 48 50 54 46 10 75 111 109 112 114 101 115 105 106 97 32 105 32 122 97 115 116 105 116 97 32 112 111 100 97 116 97 107 97 32 50 48 50 54 46 10 75 111 109 112 114 ]: Kod 2735
BAJT [105 106 97 32 105 32 122 97 115 116 105 116 97 32 112 111 100 97 116 97 107 97 32 50 48 50 54 46 10 75 111 109 112 114 101 115 105 106 97 32 105 32 122 97 115 116 105 116 97 32 112 111 100 97 116 97 107 97 32 50 48 50 54 46 10 75 111 109 112 114 101 ]: Kod 2752
BAJT [105 106 97 32 105 32 122 97 115 116 105 116 97 32 112 111 100 97 116 97 107 97 32 50 48 50 54 46 10 75 111 109 112 114 101 115 105 106 97 32 105 32 122 97 115 116 105 116 97 32 112 111 100 97 116 97 107 97 32 50 48 50 54 46 10 75 111 109 112 114 101 115 ]: Kod 2799
BAJT [105 106 97 32 105 32 122 97 115 116 105 116 97 32 112 111 100 97 116 97 107 97 32 50 48 50 54 46 10 75 111 109 112 114 101 115 105 106 97 32 105 32 122 97 115 116 105 116 97 32 112 111 100 97 116 97 107 97 32 50 48 50 54 46 10 75 111 109 112 114 101 115 105 ]: Kod 2820
BAJT [105 106 97 32 105 32 122 97 115 116 105 116 97 32 112 111 100 97 116 97 107 97 32 50 48 50 54 46 10 75 111 109 112 114 101 115 105 106 97 32 105 32 122 97 115 116 105 116 97 32 112 111 100 97 116 97 107 97 32 50 48 50 54 46 10 75 111 109 112 114 101 115 105 106 ]: Kod 2821
BAJT [105 106 97 32 105 32 122 97 115 116 105 116 97 32 112 111 100 97 116 97 107 97 32 50 48 50 54 46 10 75 111 109 112 114 101 115 105 106 97 32 105 32 122 97 115 116 105 116 97 32 112 111 100 97 116 97 107 97 32 50 48 50 54 46 10 75 111 109 112 114 101 115 105 106 97 ]: Kod 2900
BAJT [105 106 97 32 105 32 122 97 115 116 105 116 97 32 112 111 100 97 116 97 107 97 32 50 48 50 54 46 10 75 111 109 112 114 101 115 105 106 97 32 105 32 122 97 115 116 105 116 97 32 112 111 100 97 116 97 107 97 32 50 48 50 54 46 10 75 111 109 112 114 101 115 105 106 97 32 ]: Kod 2931
BAJT [105 106 97 32 105 32 122 97 115 116 105 116 97 32 112 111 100 97 116 97 107 97 32 50 48 50 54 46 10 75 111 109 112 114 101 115 105 106 97 32 105 32 122 97 115 116 105 116 97 32 112 111 100 97 116 97 107 97 32 50 48 50 54 46 10 75 111 109 112 114 101 115 105 106 97 32 105 ]: Kod 2964
BAJT [105 106 97 32 105 32 122 97 115 116 105 116 97 32 112 111 100 97 116 97 107 97 32 50 48 50 54 46 10 75 111 109 112 114 101 115 105 106 97 32 105 32 122 97 115 116 105 116 97 32 112 111 100 97 116 97 107 97 32 50 48 50 54 46 10 75 111 109 112 114 101 115 105 106 97 32 105 32 ]: Kod 2998
BAJT [105 106 97 32 105 32 122 97 115 116 105 116 97 32 112 111 100 97 116 97 107 97 32 50 48 50 54 46 10 75 111 109 112 114 101 115 105 106 97 32 105 32 122 97 115 116 105 116 97 32 112 111 100 97 116 97 107 97 32 50 48 50 54 46 10 75 111 109 112 114 101 115 105 106 97 32 105 32 122 ]: Kod 3032
BAJT [105 106 97 32 105 32 122 97 115 116 105 116 97 32 112 111 100 97 116 97 107 97 32 50 48 50 54 46 10 75 111 109 112 114 101 115 105 106 97 32 105 32 122 97 115 116 105 116 97 32 112 111 100 97 116 97 107 97 32 50 48 50 54 46 10 75 111 109 112 114 101 115 105 106 97 32 105 32 122 97 ]: Kod 3038
BAJT [105 106 97 32 105 32 122 97 115 116 105 116 97 32 112 111 100 97 116 97 107 97 32 50 48 50 54 46 10 75 111 109 112 114 101 115 105 106 97 32 105 32 122 97 115 116 105 116 97 32 112 111 100 97 116 97 107 97 32 50 48 50 54 46 10 75 111 109 112 114 101 115 105 106 97 32 105 32 122 97 115 ]: Kod 3107
BAJT [105 106 97 32 105 32 122 97 115 116 105 116 97 32 112 111 100 97 116 97 107 97 32 50 48 50 54 46 10 75 111 109 112 114 101 115 105 106 97 32 105 32 122 97 115 116 105 116 97 32 112 111 100 97 116 97 107 97 32 50 48 50 54 46 10 75 111 109 112 114 101 115 105 106 97 32 105 32 122 97 115 116 ]: Kod 3177
BAJT [105 106 97 32 105 32 122 97 115 116 105 116 97 32 112 111 100 97 116 97 107 97 32 50 48 50 54 46 10 75 111 109 112 114 101 115 105 106 97 32 105 32 122 97 115 116 105 116 97 32 112 111 100 97 116 97 107 97 32 50 48 50 54 46 10 75 111 109 112 114 101 115 105 106 97 32 105 32 122 97 115 116 105 ]: Kod 3195
BAJT [105 106 97 32 105 32 122 97 115 116 105 116 97 32 112 111 100 97 116 97 107 97 32 50 48 50 54 46 10 75 111 109 112 114 101 115 105 106 97 32 105 32 122 97 115 116 105 116 97 32 112 111 100 97 116 97 107 97 32 50 48 50 54 46 10 75 111 109 112 114 101 115 105 106 97 32 105 32 122 97 115 116 105 116 ]: Kod 3235
BAJT [105 106 97 32 105 32 122 97 115 116 105 116 97 32 112 111 100 97 116 97 107 97 32 50 48 50 54 46 10 75 111 109 112 114 101 115 105 106 97 32 105 32 122 97 115 116 105 116 97 32 112 111 100 97 116 97 107 97 32 50 48 50 54 46 10 75 111 109 112 114 101 115 105 106 97 32 105 32 122 97 115 116 105 116 97 ]: Kod 3274
BAJT [105 106 97 32 105 32 122 97 115 116 105 116 97 32 112 111 100 97 116 97 107 97 32 50 48 50 54 46 10 75 111 109 112 114 101 115 105 106 97 32 105 32 122 97 115 116 105 116 97 32 112 111 100 97 116 97 107 97 32 50 48 50 54 46 10 75 111 109 112 114 101 115 105 106 97 32 105 32 122 97 115 116 105 116 97 32 ]: Kod 3294
BAJT [105 106 97 32 105 32 122 97 115 116 105 116 97 32 112 111 100 97 116 97 107 97 32 50 48 50 54 46 10 75 111 109 112 114 101 115 105 106 97 32 105 32 122 97 115 116 105 116 97 32 112 111 100 97 116 97 107 97 32 50 48 50 54 46 10 75 111 109 112 114 101 115 105 106 97 32 105 32 122 97 115 116 105 116 97 32 112 ]: Kod 3316
BAJT [105 106 97 32 105 32 122 97 115 116 105 116 97 32 112 111 100 97 116 97 107 97 32 50 48 50 54 46 10 75 111 109 112 114 101 115 105 106 97 32 105 32 122 97 115 116 105 116 97 32 112 111 100 97 116 97 107 97 32 50 48 50 54 46 10 75 111 109 112 114 101 115 105 106 97 32 105 32 122 97 115 116 105 116 97 32 112 111 ]: Kod 3383
BAJT [105 106 97 32 105 32 122 97 115 116 105 116 97 32 112 111 100 97 116 97 107 97 32 50 48 50 54 46 10 75 111 109 112 114 101 115 105 106 97 32 105 32 122 97 115 116 105 116 97 32 112 111 100 97 116 97 107 97 32 50 48 50 54 46 10 75 111 109 112 114 101 115 105 106 97 32 105 32 122 97 115 116 105 116 97 32 112 111 100 ]: Kod 3417
BAJT [105 106 97 32 105 32 122 97 115 116 105 116 97 32 112 111 100 97 116 97 107 97 32 50 48 50 54 46 10 75 111 109 112 114 101 115 105 106 97 32 105 32 122 97 115 116 105 116 97 32 112 111 100 97 116 97 107 97 32 50 48 50 54 46 10 75 111 109 112 114 101 115 105 106 97 32 105 32 122 97 115 116 105 116 97 32 112 111 100 97 ]: Kod 3434
BAJT [105 106 97 32 105 32 122 97 115 116 105 116 97 32 112 111 100 97 116 97 107 97 32 50 48 50 54 46 10 75 111 109 112 114 101 115 105 106 97 32 105 32 122 97 115 116 105 116 97 32 112 111 100 97 116 97 107 97 32 50 48 50 54 46 10 75 111 109 112 114 101 115 105 106 97 32 105 32 122 97 115 116 105 116 97 32 112 111 100 97 116 ]: Kod 3477
BAJT [105 106 97 32 105 32 122 97 115 116 105 116 97 32 112 111 100 97 116 97 107 97 32 50 48 50 54 46 10 75 111 109 112 114 101 115 105 106 97 32 105 32 122 97 115 116 105 116 97 32 112 111 100 97 116 97 107 97 32 50 48 50 54 46 10 75 111 109 112 114 101 115 105 106 97 32 105 32 122 97 115 116 105 116 97 32 112 111 100 97 116 97 ]: Kod 3481
BAJT [105 106 97 32 105 32 122 97 115 116 105 116 97 32 112 111 100 97 116 97 107 97 32 50 48 50 54 46 10 75 111 109 112 114 101 115 105 106 97 32 105 32 122 97 115 116 105 116 97 32 112 111 100 97 116 97 107 97 32 50 48 50 54 46 10 75 111 109 112 114 101 115 105 106 97 32 105 32 122 97 115 116 105 116 97 32 112 111 100 97 116 97 107 ]: Kod 3533
BAJT [105 106 97 32 105 32 122 97 115 116 105 116 97 32 112 111 100 97 116 97 107 97 32 50 48 50 54 46 10 75 111 109 112 114 101 115 105 106 97 32 105 32 122 97 115 116 105 116 97 32 112 111 100 97 116 97 107 97 32 50 48 50 54 46 10 75 111 109 112 114 101 115 105 106 97 32 105 32 122 97 115 116 105 116 97 32 112 111 100 97 116 97 107 97 ]: Kod 3579
BAJT [105 106 97 32 105 32 122 97 115 116 105 116 97 32 112 111 100 97 116 97 107 97 32 50 48 50 54 46 10 75 111 109 112 114 101 115 105 106 97 32 105 32 122 97 115 116 105 116 97 32 112 111 100 97 116 97 107 97 32 50 48 50 54 46 10 75 111 109 112 114 101 115 105 106 97 32 105 32 122 97 115 116 105 116 97 32 112 111 100 97 116 97 107 97 32 ]: Kod 3634
BAJT [105 106 97 32 105 32 122 97 115 116 105 116 97 32 112 111 100 97 116 97 107 97 32 50 48 50 54 46 10 75 111 109 112 114 101 115 105 106 97 32 105 32 122 97 115 116 105 116 97 32 112 111 100 97 116 97 107 97 32 50 48 50 54 46 10 75 111 109 112 114 101 115 105 106 97 32 105 32 122 97 115 116 105 116 97 32 112 111 100 97 116 97 107 97 32 50 ]: Kod 3667
BAJT [105 106 97 32 105 32 122 97 115 116 105 116 97 32 112 111 100 97 116 97 107 97 32 50 48 50 54 46 10 75 111 109 112 114 101 115 105 106 97 32 105 32 122 97 115 116 105 116 97 32 112 111 100 97 116 97 107 97 32 50 48 50 54 46 10 75 111 109 112 114 101 115 105 106 97 32 105 32 122 97 115 116 105 116 97 32 112 111 100 97 116 97 107 97 32 50 48 ]: Kod 3706
BAJT [105 106 97 32 105 32 122 97 115 116 105 116 97 32 112 111 100 97 116 97 107 97 32 50 48 50 54 46 10 75 111 109 112 114 101 115 105 106 97 32 105 32 122 97 115 116 105 116 97 32 112 111 100 97 116 97 107 97 32 50 48 50 54 46 10 75 111 109 112 114 101 115 105 106 97 32 105 32 122 97 115 116 105 116 97 32 112 111 100 97 116 97 107 97 32 50 48 50 ]: Kod 3728
BAJT [105 106 97 32 105 32 122 97 115 116 105 116 97 32 112 111 100 97 116 97 107 97 32 50 48 50 54 46 10 75 111 109 112 114 101 115 105 106 97 32 105 32 122 97 115 116 105 116 97 32 112 111 100 97 116 97 107 97 32 50 48 50 54 46 10 75 111 109 112 114 101 115 105 106 97 32 105 32 122 97 115 116 105 116 97 32 112 111 100 97 116 97 107 97 32 50 48 50 54 ]: Kod 3755
BAJT [105 106 97 32 105 32 122 97 115 116 105 116 97 32 112 111 100 97 116 97 107 97 32 50 48 50 54 46 10 75 111 109 112 114 101 115 105 106 97 32 105 32 122 97 115 116 105 116 97 32 112 111 100 97 116 97 107 97 32 50 48 50 54 46 10 75 111 109 112 114 101 115 105 106 97 32 105 32 122 97 115 116 105 116 97 32 112 111 100 97 116 97 107 97 32 50 48 50 54 46 ]: Kod 3817
BAJT [105 106 97 32 105 32 122 97 115 116 105 116 97 32 112 111 100 97 116 97 107 97 32 50 48 50 54 46 10 75 111 109 112 114 101 115 105 106 97 32 105 32 122 97 115 116 105 116 97 32 112 111 100 97 116 97 107 97 32 50 48 50 54 46 10 75 111 109 112 114 101 115 105 106 97 32 105 32 122 97 115 116 105 116 97 32 112 111 100 97 116 97 107 97 32 50 48 50 54 46 10 ]: Kod 3843
BAJT [105 106 97 32 105 32 122 97 115 116 105 116 97 32 112 111 100 97 116 97 107 97 32 50 48 50 54 46 10 75 111 109 112 114 101 115 105 106 97 32 105 32 122 97 115 116 105 116 97 32 112 111 100 97 116 97 107 97 32 50 48 50 54 46 10 75 111 109 112 114 101 115 105 106 97 32 105 32 122 97 115 116 105 116 97 32 112 111 100 97 116 97 107 97 32 50 48 50 54 46 10 75 ]: Kod 3857
BAJT [105 106 97 32 105 32 122 97 115 116 105 116 97 32 112 111 100 97 116 97 107 97 32 50 48 50 54 46 10 75 111 109 112 114 101 115 105 106 97 32 105 32 122 97 115 116 105 116 97 32 112 111 100 97 116 97 107 97 32 50 48 50 54 46 10 75 111 109 112 114 101 115 105 106 97 32 105 32 122 97 115 116 105 116 97 32 112 111 100 97 116 97 107 97 32 50 48 50 54 46 10 75 111 ]: Kod 3900
BAJT [105 106 97 32 105 32 122 97 115 116 105 116 97 32 112 111 100 97 116 97 107 97 32 50 48 50 54 46 10 75 111 109 112 114 101 115 105 106 97 32 105 32 122 97 115 116 105 116 97 32 112 111 100 97 116 97 107 97 32 50 48 50 54 46 10 75 111 109 112 114 101 115 105 106 97 32 105 32 122 97 115 116 105 116 97 32 112 111 100 97 116 97 107 97 32 50 48 50 54 46 10 75 111 109 ]: Kod 3945
BAJT [105 106 97 32 105 32 122 97 115 116 105 116 97 32 112 111 100 97 116 97 107 97 32 50 48 50 54 46 10 75 111 109 112 114 101 115 105 106 97 32 105 32 122 97 115 116 105 116 97 32 112 111 100 97 116 97 107 97 32 50 48 50 54 46 10 75 111 109 112 114 101 115 105 106 97 32 105 32 122 97 115 116 105 116 97 32 112 111 100 97 116 97 107 97 32 50 48 50 54 46 10 75 111 109 112 ]: Kod 3986
BAJT [105 106 97 32 105 32 122 97 115 116 105 116 97 32 112 111 100 97 116 97 107 97 32 50 48 50 54 46 10 75 111 109 112 114 101 115 105 106 97 32 105 32 122 97 115 116 105 116 97 32 112 111 100 97 116 97 107 97 32 50 48 50 54 46 10 75 111 109 112 114 101 115 105 106 97 32 105 32 122 97 115 116 105 116 97 32 112 111 100 97 116 97 107 97 32 50 48 50 54 46 10 75 111 109 112 114 ]: Kod 4031
BAJT [105 106 97 32 105 32 122 97 115 116 105 116 97 32 112 111 100 97 116 97 107 97 32 50 48 50 54 46 10 75 111 109 112 114 101 115 105 106 97 32 105 32 122 97 115 116 105 116 97 32 112 111 100 97 116 97 107 97 32 50 48 50 54 46 10 75 111 109 112 114 101 115 105 106 97 32 105 32 122 97 115 116 105 116 97 32 112 111 100 97 116 97 107 97 32 50 48 50 54 46 10 75 111 109 112 114 101 ]: Kod 4048
BAJT [105 106 97 32 105 32 122 97 115 116 105 116 97 32 112 111 100 97 116 97 107 97 32 50 48 50 54 46 10 75 111 109 112 114 101 115 105 106 97 32 105 32 122 97 115 116 105 116 97 32 112 111 100 97 116 97 107 97 32 50 48 50 54 46 10 75 111 109 112 114 101 115 105 106 97 32 105 32 122 97 115 116 105 116 97 32 112 111 100 97 116 97 107 97 32 50 48 50 54 46 10 75 111 109 112 114 101 115 ]: Kod 4095
BAJT [105 116 ]: Kod 273
BAJT [105 116 97 ]: Kod 315
BAJT [105 116 97 32 ]: Kod 354
BAJT [105 116 97 32 112 ]: Kod 383
BAJT [105 116 97 32 112 111 ]: Kod 408
BAJT [105 116 97 32 112 111 100 ]: Kod 465
BAJT [105 116 97 32 112 111 100 97 ]: Kod 487
BAJT [105 116 97 32 112 111 100 97 116 ]: Kod 525
BAJT [105 116 97 32 112 111 100 97 116 97 ]: Kod 582
BAJT [105 116 97 32 112 111 100 97 116 97 107 ]: Kod 604
BAJT [105 116 97 32 112 111 100 97 116 97 107 97 ]: Kod 621
BAJT [105 116 97 32 112 111 100 97 116 97 107 97 32 ]: Kod 668
BAJT [105 116 97 32 112 111 100 97 116 97 107 97 32 50 ]: Kod 700
BAJT [105 116 97 32 112 111 100 97 116 97 107 97 32 50 48 ]: Kod 735
BAJT [105 116 97 32 112 111 100 97 116 97 107 97 32 50 48 50 ]: Kod 782
BAJT [105 116 97 32 112 111 100 97 116 97 107 97 32 50 48 50 54 ]: Kod 812
BAJT [105 116 97 32 112 111 100 97 116 97 107 97 32 50 48 50 54 46 ]: Kod 830
BAJT [105 116 97 32 112 111 100 97 116 97 107 97 32 50 48 50 54 46 10 ]: Kod 917
BAJT [105 116 97 32 112 111 100 97 116 97 107 97 32 50 48 50 54 46 10 75 ]: Kod 919
BAJT [105 116 97 32 112 111 100 97 116 97 107 97 32 50 48 50 54 46 10 75 111 ]: Kod 954
BAJT [105 116 97 32 112 111 100 97 116 97 107 97 32 50 48 50 54 46 10 75 111 109 ]: Kod 996
BAJT [105 116 97 32 112 111 100 97 116 97 107 97 32 50 48 50 54 46 10 75 111 109 112 ]: Kod 1031
BAJT [105 116 97 32 112 111 100 97 116 97 107 97 32 50 48 50 54 46 10 75 111 109 112 114 ]: Kod 1077
BAJT [105 116 97 32 112 111 100 97 116 97 107 97 32 50 48 50 54 46 10 75 111 109 112 114 101 ]: Kod 1098
BAJT [105 116 97 32 112 111 100 97 116 97 107 97 32 50 48 50 54 46 10 75 111 109 112 114 101 115 ]: Kod 1104
BAJT [105 116 97 32 112 111 100 97 116 97 107 97 32 50 48 50 54 46 10 75 111 109 112 114 101 115 105 ]: Kod 1162
BAJT [105 116 97 32 112 111 100 97 116 97 107 97 32 50 48 50 54 46 10 75 111 109 112 114 101 115 105 106 ]: Kod 1220
BAJT [105 116 97 32 112 111 100 97 116 97 107 97 32 50 48 50 54 46 10 75 111 109 112 114 101 115 105 106 97 ]: Kod 1241
BAJT [105 116 97 32 112 111 100 97 116 97 107 97 32 50 48 50 54 46 10 75 111 109 112 114 101 115 105 106 97 32 ]: Kod 1274
BAJT [105 116 97 32 112 111 100 97 116 97 107 97 32 50 48 50 54 46 10 75 111 109 112 114 101 115 105 106 97 32 105 ]: Kod 1331
BAJT [105 116 97 32 112 111 100 97 116 97 107 97 32 50 48 50 54 46 10 75 111 109 112 114 101 115 105 106 97 32 105 32 ]: Kod 1351
BAJT [105 116 97 32 112 111 100 97 116 97 107 97 32 50 48 50 54 46 10 75 111 109 112 114 101 115 105 106 97 32 105 32 122 ]: Kod 1383
BAJT [105 116 97 32 112 111 100 97 116 97 107 97 32 50 48 50 54 46 10 75 111 109 112 114 101 115 105 106 97 32 105 32 122 97 ]: Kod 1424
BAJT [105 116 97 32 112 111 100 97 116 97 107 97 32 50 48 50 54 46 10 75 111 109 112 114 101 115 105 106 97 32 105 32 122 97 115 ]: Kod 1451
BAJT [105 116 97 32 112 111 100 97 116 97 107 97 32 50 48 50 54 46 10 75 111 109 112 114 101 115 105 106 97 32 105 32 122 97 115 116 ]: Kod 1493
BAJT [105 116 97 32 112 111 100 97 116 97 107 97 32 50 48 50 54 46 10 75 111 109 112 114 101 115 105 106 97 32 105 32 122 97 115 116 105 ]: Kod 1544
BAJT [105 116 97 32 112 111 100 97 116 97 107 97 32 50 48 50 54 46 10 75 111 109 112 114 101 115 105 106 97 32 105 32 122 97 115 116 105 116 ]: Kod 1545
BAJT [105 116 97 32 112 111 100 97 116 97 107 97 32 50 48 50 54 46 10 75 111 109 112 114 101 115 105 106 97 32 105 32 122 97 115 116 105 116 97 ]: Kod 1609
BAJT [105 116 97 32 112 111 100 97 116 97 107 97 32 50 48 50 54 46 10 75 111 109 112 114 101 115 105 106 97 32 105 32 122 97 115 116 105 116 97 32 ]: Kod 1650
BAJT [105 116 97 32 112 111 100 97 116 97 107 97 32 50 48 50 54 46 10 75 111 109 112 114 101 115 105 106 97 32 105 32 122 97 115 116 105 116 97 32 112 ]: Kod 1679
BAJT [105 116 97 32 112 111 100 97 116 97 107 97 32 50 48 50 54 46 10 75 111 109 112 114 101 115 105 106 97 32 105 32 122 97 115 116 105 116 97 32 112 111 ]: Kod 1704
BAJT [105 116 97 32 112 111 100 97 116 97 107 97 32 50 48 50 54 46 10 75 111 109 112 114 101 115 105 106 97 32 105 32 122 97 115 116 105 116 97 32 112 111 100 ]: Kod 1761
BAJT [105 116 97 32 112 111 100 97 116 97 107 97 32 50 48 50 54 46 10 75 111 109 112 114 101 115 105 106 97 32 105 32 122 97 115 116 105 116 97 32 112 111 100 97 ]: Kod 1783
BAJT [105 116 97 32 112 111 100 97 116 97 107 97 32 50 48 50 54 46 10 75 111 109 112 114 101 115 105 106 97 32 105 32 122 97 115 116 105 116 97 32 112 111 100 97 116 ]: Kod 1821
BAJT [105 116 97 32 112 111 100 97 116 97 107 97 32 50 48 50 54 46 10 75 111 109 112 114 101 115 105 106 97 32 105 32 122 97 115 116 105 116 97 32 112 111 100 97 116 97 ]: Kod 1878
BAJT [105 116 97 32 112 111 100 97 116 97 107 97 32 50 48 50 54 46 10 75 111 109 112 114 101 115 105 106 97 32 105 32 122 97 115 116 105 116 97 32 112 111 100 97 116 97 107 ]: Kod 1900
BAJT [105 116 97 32 112 111 100 97 116 97 107 97 32 50 48 50 54 46 10 75 111 109 112 114 101 115 105 106 97 32 105 32 122 97 115 116 105 116 97 32 112 111 100 97 116 97 107 97 ]: Kod 1917
BAJT [105 116 97 32 112 111 100 97 116 97 107 97 32 50 48 50 54 46 10 75 111 109 112 114 101 115 105 106 97 32 105 32 122 97 115 116 105 116 97 32 112 111 100 97 116 97 107 97 32 ]: Kod 1964
BAJT [105 116 97 32 112 111 100 97 116 97 107 97 32 50 48 50 54 46 10 75 111 109 112 114 101 115 105 106 97 32 105 32 122 97 115 116 105 116 97 32 112 111 100 97 116 97 107 97 32 50 ]: Kod 1996
BAJT [105 116 97 32 112 111 100 97 116 97 107 97 32 50 48 50 54 46 10 75 111 109 112 114 101 115 105 106 97 32 105 32 122 97 115 116 105 116 97 32 112 111 100 97 116 97 107 97 32 50 48 ]: Kod 2031
BAJT [105 116 97 32 112 111 100 97 116 97 107 97 32 50 48 50 54 46 10 75 111 109 112 114 101 115 105 106 97 32 105 32 122 97 115 116 105 116 97 32 112 111 100 97 116 97 107 97 32 50 48 50 ]: Kod 2078
BAJT [105 116 97 32 112 111 100 97 116 97 107 97 32 50 48 50 54 46 10 75 111 109 112 114 101 115 105 106 97 32 105 32 122 97 115 116 105 116 97 32 112 111 100 97 116 97 107 97 32 50 48 50 54 ]: Kod 2108
BAJT [105 116 97 32 112 111 100 97 116 97 107 97 32 50 48 50 54 46 10 75 111 109 112 114 101 115 105 106 97 32 105 32 122 97 115 116 105 116 97 32 112 111 100 97 116 97 107 97 32 50 48 50 54 46 ]: Kod 2126
BAJT [105 116 97 32 112 111 100 97 116 97 107 97 32 50 48 50 54 46 10 75 111 109 112 114 101 115 105 106 97 32 105 32 122 97 115 116 105 116 97 32 112 111 100 97 116 97 107 97 32 50 48 50 54 46 10 ]: Kod 2213
BAJT [105 116 97 32 112 111 100 97 116 97 107 97 32 50 48 50 54 46 10 75 111 109 112 114 101 115 105 106 97 32 105 32 122 97 115 116 105 116 97 32 112 111 100 97 116 97 107 97 32 50 48 50 54 46 10 75 ]: Kod 2215
BAJT [105 116 97 32 112 111 100 97 116 97 107 97 32 50 48 50 54 46 10 75 111 109 112 114 101 115 105 106 97 32 105 32 122 97 115 116 105 116 97 32 112 111 100 97 116 97 107 97 32 50 48 50 54 46 10 75 111 ]: Kod 2250
BAJT [105 116 97 32 112 111 100 97 116 97 107 97 32 50 48 50 54 46 10 75 111 109 112 114 101 115 105 106 97 32 105 32 122 97 115 116 105 116 97 32 112 111 100 97 116 97 107 97 32 50 48 50 54 46 10 75 111 109 ]: Kod 2292
BAJT [105 116 97 32 112 111 100 97 116 97 107 97 32 50 48 50 54 46 10 75 111 109 112 114 101 115 105 106 97 32 105 32 122 97 115 116 105 116 97 32 112 111 100 97 116 97 107 97 32 50 48 50 54 46 10 75 111 109 112 ]: Kod 2327
BAJT [105 116 97 32 112 111 100 97 116 97 107 97 32 50 48 50 54 46 10 75 111 109 112 114 101 115 105 106 97 32 105 32 122 97 115 116 105 116 97 32 112 111 100 97 116 97 107 97 32 50 48 50 54 46 10 75 111 109 112 114 ]: Kod 2373
BAJT [105 116 97 32 112 111 100 97 116 97 107 97 32 50 48 50 54 46 10 75 111 109 112 114 101 115 105 106 97 32 105 32 122 97 115 116 105 116 97 32 112 111 100 97 116 97 107 97 32 50 48 50 54 46 10 75 111 109 112 114 101 ]: Kod 2394
BAJT [105 116 97 32 112 111 100 97 116 97 107 97 32 50 48 50 54 46 10 75 111 109 112 114 101 115 105 106 97 32 105 32 122 97 115 116 105 116 97 32 112 111 100 97 116 97 107 97 32 50 48 50 54 46 10 75 111 109 112 114 101 115 ]: Kod 2400
BAJT [105 116 97 32 112 111 100 97 116 97 107 97 32 50 48 50 54 46 10 75 111 109 112 114 101 115 105 106 97 32 105 32 122 97 115 116 105 116 97 32 112 111 100 97 116 97 107 97 32 50 48 50 54 46 10 75 111 109 112 114 101 115 105 ]: Kod 2458
BAJT [105 116 97 32 112 111 100 97 116 97 107 97 32 50 48 50 54 46 10 75 111 109 112 114 101 115 105 106 97 32 105 32 122 97 115 116 105 116 97 32 112 111 100 97 116 97 107 97 32 50 48 50 54 46 10 75 111 109 112 114 101 115 105 106 ]: Kod 2516
BAJT [105 116 97 32 112 111 100 97 116 97 107 97 32 50 48 50 54 46 10 75 111 109 112 114 101 115 105 106 97 32 105 32 122 97 115 116 105 116 97 32 112 111 100 97 116 97 107 97 32 50 48 50 54 46 10 75 111 109 112 114 101 115 105 106 97 ]: Kod 2537
BAJT [105 116 97 32 112 111 100 97 116 97 107 97 32 50 48 50 54 46 10 75 111 109 112 114 101 115 105 106 97 32 105 32 122 97 115 116 105 116 97 32 112 111 100 97 116 97 107 97 32 50 48 50 54 46 10 75 111 109 112 114 101 115 105 106 97 32 ]: Kod 2570
BAJT [105 116 97 32 112 111 100 97 116 97 107 97 32 50 48 50 54 46 10 75 111 109 112 114 101 115 105 106 97 32 105 32 122 97 115 116 105 116 97 32 112 111 100 97 116 97 107 97 32 50 48 50 54 46 10 75 111 109 112 114 101 115 105 106 97 32 105 ]: Kod 2627
BAJT [105 116 97 32 112 111 100 97 116 97 107 97 32 50 48 50 54 46 10 75 111 109 112 114 101 115 105 106 97 32 105 32 122 97 115 116 105 116 97 32 112 111 100 97 116 97 107 97 32 50 48 50 54 46 10 75 111 109 112 114 101 115 105 106 97 32 105 32 ]: Kod 2647
BAJT [105 116 97 32 112 111 100 97 116 97 107 97 32 50 48 50 54 46 10 75 111 109 112 114 101 115 105 106 97 32 105 32 122 97 115 116 105 116 97 32 112 111 100 97 116 97 107 97 32 50 48 50 54 46 10 75 111 109 112 114 101 115 105 106 97 32 105 32 122 ]: Kod 2679
BAJT [105 116 97 32 112 111 100 97 116 97 107 97 32 50 48 50 54 46 10 75 111 109 112 114 101 115 105 106 97 32 105 32 122 97 115 116 105 116 97 32 112 111 100 97 116 97 107 97 32 50 48 50 54 46 10 75 111 109 112 114 101 115 105 106 97 32 105 32 122 97 ]: Kod 2720
BAJT [105 116 97 32 112 111 100 97 116 97 107 97 32 50 48 50 54 46 10 75 111 109 112 114 101 115 105 106 97 32 105 32 122 97 115 116 105 116 97 32 112 111 100 97 116 97 107 97 32 50 48 50 54 46 10 75 111 109 112 114 101 115 105 106 97 32 105 32 122 97 115 ]: Kod 2747
BAJT [105 116 97 32 112 111 100 97 116 97 107 97 32 50 48 50 54 46 10 75 111 109 112 114 101 115 105 106 97 32 105 32 122 97 115 116 105 116 97 32 112 111 100 97 116 97 107 97 32 50 48 50 54 46 10 75 111 109 112 114 101 115 105 106 97 32 105 32 122 97 115 116 ]: Kod 2789
BAJT [105 116 97 32 112 111 100 97 116 97 107 97 32 50 48 50 54 46 10 75 111 109 112 114 101 115 105 106 97 32 105 32 122 97 115 116 105 116 97 32 112 111 100 97 116 97 107 97 32 50 48 50 54 46 10 75 111 109 112 114 101 115 105 106 97 32 105 32 122 97 115 116 105 ]: Kod 2840
BAJT [105 116 97 32 112 111 100 97 116 97 107 97 32 50 48 50 54 46 10 75 111 109 112 114 101 115 105 106 97 32 105 32 122 97 115 116 105 116 97 32 112 111 100 97 116 97 107 97 32 50 48 50 54 46 10 75 111 109 112 114 101 115 105 106 97 32 105 32 122 97 115 116 105 116 ]: Kod 2841
BAJT [105 116 97 32 112 111 100 97 116 97 107 97 32 50 48 50 54 46 10 75 111 109 112 114 101 115 105 106 97 32 105 32 122 97 115 116 105 116 97 32 112 111 100 97 116 97 107 97 32 50 48 50 54 46 10 75 111 109 112 114 101 115 105 106 97 32 105 32 122 97 115 116 105 116 97 ]: Kod 2905
BAJT [105 116 97 32 112 111 100 97 116 97 107 97 32 50 48 50 54 46 10 75 111 109 112 114 101 115 105 106 97 32 105 32 122 97 115 116 105 116 97 32 112 111 100 97 116 97 107 97 32 50 48 50 54 46 10 75 111 109 112 114 101 115 105 106 97 32 105 32 122 97 115 116 105 116 97 32 ]: Kod 2946
BAJT [105 116 97 32 112 111 100 97 116 97 107 97 32 50 48 50 54 46 10 75 111 109 112 114 101 115 105 106 97 32 105 32 122 97 115 116 105 116 97 32 112 111 100 97 116 97 107 97 32 50 48 50 54 46 10 75 111 109 112 114 101 115 105 106 97 32 105 32 122 97 115 116 105 116 97 32 112 ]: Kod 2975
BAJT [105 116 97 32 112 111 100 97 116 97 107 97 32 50 48 50 54 46 10 75 111 109 112 114 101 115 105 106 97 32 105 32 122 97 115 116 105 116 97 32 112 111 100 97 116 97 107 97 32 50 48 50 54 46 10 75 111 109 112 114 101 115 105 106 97 32 105 32 122 97 115 116 105 116 97 32 112 111 ]: Kod 3000
BAJT [105 116 97 32 112 111 100 97 116 97 107 97 32 50 48 50 54 46 10 75 111 109 112 114 101 115 105 106 97 32 105 32 122 97 115 116 105 116 97 32 112 111 100 97 116 97 107 97 32 50 48 50 54 46 10 75 111 109 112 114 101 115 105 106 97 32 105 32 122 97 115 116 105 116 97 32 112 111 100 ]: Kod 3057
BAJT [105 116 97 32 112 111 100 97 116 97 107 97 32 50 48 50 54 46 10 75 111 109 112 114 101 115 105 106 97 32 105 32 122 97 115 116 105 116 97 32 112 111 100 97 116 97 107 97 32 50 48 50 54 46 10 75 111 109 112 114 101 115 105 106 97 32 105 32 122 97 115 116 105 116 97 32 112 111 100 97 ]: Kod 3079
BAJT [105 116 97 32 112 111 100 97 116 97 107 97 32 50 48 50 54 46 10 75 111 109 112 114 101 115 105 106 97 32 105 32 122 97 115 116 105 116 97 32 112 111 100 97 116 97 107 97 32 50 48 50 54 46 10 75 111 109 112 114 101 115 105 106 97 32 105 32 122 97 115 116 105 116 97 32 112 111 100 97 116 ]: Kod 3117
BAJT [105 116 97 32 112 111 100 97 116 97 107 97 32 50 48 50 54 46 10 75 111 109 112 114 101 115 105 106 97 32 105 32 122 97 115 116 105 116 97 32 112 111 100 97 116 97 107 97 32 50 48 50 54 46 10 75 111 109 112 114 101 115 105 106 97 32 105 32 122 97 115 116 105 116 97 32 112 111 100 97 116 97 ]: Kod 3174
BAJT [105 116 97 32 112 111 100 97 116 97 107 97 32 50 48 50 54 46 10 75 111 109 112 114 101 115 105 106 97 32 105 32 122 97 115 116 105 116 97 32 112 111 100 97 116 97 107 97 32 50 48 50 54 46 10 75 111 109 112 114 101 115 105 106 97 32 105 32 122 97 115 116 105 116 97 32 112 111 100 97 116 97 107 ]: Kod 3196
BAJT [105 116 97 32 112 111 100 97 116 97 107 97 32 50 48 50 54 46 10 75 111 109 112 114 101 115 105 106 97 32 105 32 122 97 115 116 105 116 97 32 112 111 100 97 116 97 107 97 32 50 48 50 54 46 10 75 111 109 112 114 101 115 105 106 97 32 105 32 122 97 115 116 105 116 97 32 112 111 100 97 116 97 107 97 ]: Kod 3213
BAJT [105 116 97 32 112 111 100 97 116 97 107 97 32 50 48 50 54 46 10 75 111 109 112 114 101 115 105 106 97 32 105 32 122 97 115 116 105 116 97 32 112 111 100 97 116 97 107 97 32 50 48 50 54 46 10 75 111 109 112 114 101 115 105 106 97 32 105 32 122 97 115 116 105 116 97 32 112 111 100 97 116 97 107 97 32 ]: Kod 3260
BAJT [105 116 97 32 112 111 100 97 116 97 107 97 32 50 48 50 54 46 10 75 111 109 112 114 101 115 105 106 97 32 105 32 122 97 115 116 105 116 97 32 112 111 100 97 116 97 107 97 32 50 48 50 54 46 10 75 111 109 112 114 101 115 105 106 97 32 105 32 122 97 115 116 105 116 97 32 112 111 100 97 116 97 107 97 32 50 ]: Kod 3292
BAJT [105 116 97 32 112 111 100 97 116 97 107 97 32 50 48 50 54 46 10 75 111 109 112 114 101 115 105 106 97 32 105 32 122 97 115 116 105 116 97 32 112 111 100 97 116 97 107 97 32 50 48 50 54 46 10 75 111 109 112 114 101 115 105 106 97 32 105 32 122 97 115 116 105 116 97 32 112 111 100 97 116 97 107 97 32 50 48 ]: Kod 3327
BAJT [105 116 97 32 112 111 100 97 116 97 107 97 32 50 48 50 54 46 10 75 111 109 112 114 101 115 105 106 97 32 105 32 122 97 115 116 105 116 97 32 112 111 100 97 116 97 107 97 32 50 48 50 54 46 10 75 111 109 112 114 101 115 105 106 97 32 105 32 122 97 115 116 105 116 97 32 112 111 100 97 116 97 107 97 32 50 48 50 ]: Kod 3374
BAJT [105 116 97 32 112 111 100 97 116 97 107 97 32 50 48 50 54 46 10 75 111 109 112 114 101 115 105 106 97 32 105 32 122 97 115 116 105 116 97 32 112 111 100 97 116 97 107 97 32 50 48 50 54 46 10 75 111 109 112 114 101 115 105 106 97 32 105 32 122 97 115 116 105 116 97 32 112 111 100 97 116 97 107 97 32 50 48 50 54 ]: Kod 3404
BAJT [105 116 97 32 112 111 100 97 116 97 107 97 32 50 48 50 54 46 10 75 111 109 112 114 101 115 105 106 97 32 105 32 122 97 115 116 105 116 97 32 112 111 100 97 116 97 107 97 32 50 48 50 54 46 10 75 111 109 112 114 101 115 105 106 97 32 105 32 122 97 115 116 105 116 97 32 112 111 100 97 116 97 107 97 32 50 48 50 54 46 ]: Kod 3422
BAJT [105 116 97 32 112 111 100 97 116 97 107 97 32 50 48 50 54 46 10 75 111 109 112 114 101 115 105 106 97 32 105 32 122 97 115 116 105 116 97 32 112 111 100 97 116 97 107 97 32 50 48 50 54 46 10 75 111 109 112 114 101 115 105 106 97 32 105 32 122 97 115 116 105 116 97 32 112 111 100 97 116 97 107 97 32 50 48 50 54 46 10 ]: Kod 3509
BAJT [105 116 97 32 112 111 100 97 116 97 107 97 32 50 48 50 54 46 10 75 111 109 112 114 101 115 105 106 97 32 105 32 122 97 115 116 105 116 97 32 112 111 100 97 116 97 107 97 32 50 48 50 54 46 10 75 111 109 112 114 101 115 105 106 97 32 105 32 122 97 115 116 105 116 97 32 112 111 100 97 116 97 107 97 32 50 48 50 54 46 10 75 ]: Kod 3511
BAJT [105 116 97 32 112 111 100 97 116 97 107 97 32 50 48 50 54 46 10 75 111 109 112 114 101 115 105 106 97 32 105 32 122 97 115 116 105 116 97 32 112 111 100 97 116 97 107 97 32 50 48 50 54 46 10 75 111 109 112 114 101 115 105 106 97 32 105 32 122 97 115 116 105 116 97 32 112 111 100 97 116 97 107 97 32 50 48 50 54 46 10 75 111 ]: Kod 3546
BAJT [105 116 97 32 112 111 100 97 116 97 107 97 32 50 48 50 54 46 10 75 111 109 112 114 101 115 105 106 97 32 105 32 122 97 115 116 105 116 97 32 112 111 100 97 116 97 107 97 32 50 48 50 54 46 10 75 111 109 112 114 101 115 105 106 97 32 105 32 122 97 115 116 105 116 97 32 112 111 100 97 116 97 107 97 32 50 48 50 54 46 10 75 111 109 ]: Kod 3588
BAJT [105 116 97 32 112 111 100 97 116 97 107 97 32 50 48 50 54 46 10 75 111 109 112 114 101 115 105 106 97 32 105 32 122 97 115 116 105 116 97 32 112 111 100 97 116 97 107 97 32 50 48 50 54 46 10 75 111 109 112 114 101 115 105 106 97 32 105 32 122 97 115 116 105 116 97 32 112 111 100 97 116 97 107 97 32 50 48 50 54 46 10 75 111 109 112 ]: Kod 3623
BAJT [105 116 97 32 112 111 100 97 116 97 107 97 32 50 48 50 54 46 10 75 111 109 112 114 101 115 105 106 97 32 105 32 122 97 115 116 105 116 97 32 112 111 100 97 116 97 107 97 32 50 48 50 54 46 10 75 111 109 112 114 101 115 105 106 97 32 105 32 122 97 115 116 105 116 97 32 112 111 100 97 116 97 107 97 32 50 48 50 54 46 10 75 111 109 112 114 ]: Kod 3669
BAJT [105 116 97 32 112 111 100 97 116 97 107 97 32 50 48 50 54 46 10 75 111 109 112 114 101 115 105 106 97 32 105 32 122 97 115 116 105 116 97 32 112 111 100 97 116 97 107 97 32 50 48 50 54 46 10 75 111 109 112 114 101 115 105 106 97 32 105 32 122 97 115 116 105 116 97 32 112 111 100 97 116 97 107 97 32 50 48 50 54 46 10 75 111 109 112 114 101 ]: Kod 3690
BAJT [105 116 97 32 112 111 100 97 116 97 107 97 32 50 48 50 54 46 10 75 111 109 112 114 101 115 105 106 97 32 105 32 122 97 115 116 105 116 97 32 112 111 100 97 116 97 107 97 32 50 48 50 54 46 10 75 111 109 112 114 101 115 105 106 97 32 105 32 122 97 115 116 105 116 97 32 112 111 100 97 116 97 107 97 32 50 48 50 54 46 10 75 111 109 112 114 101 115 ]: Kod 3696
BAJT [105 116 97 32 112 111 100 97 116 97 107 97 32 50 48 50 54 46 10 75 111 109 112 114 101 115 105 106 97 32 105 32 122 97 115 116 105 116 97 32 112 111 100 97 116 97 107 97 32 50 48 50 54 46 10 75 111 109 112 114 101 115 105 106 97 32 105 32 122 97 115 116 105 116 97 32 112 111 100 97 116 97 107 97 32 50 48 50 54 46 10 75 111 109 112 114 101 115 105 ]: Kod 3754
BAJT [105 116 97 32 112 111 100 97 116 97 107 97 32 50 48 50 54 46 10 75 111 109 112 114 101 115 105 106 97 32 105 32 122 97 115 116 105 116 97 32 112 111 100 97 116 97 107 97 32 50 48 50 54 46 10 75 111 109 112 114 101 115 105 106 97 32 105 32 122 97 115 116 105 116 97 32 112 111 100 97 116 97 107 97 32 50 48 50 54 46 10 75 111 109 112 114 101 115 105 106 ]: Kod 3812
BAJT [105 116 97 32 112 111 100 97 116 97 107 97 32 50 48 50 54 46 10 75 111 109 112 114 101 115 105 106 97 32 105 32 122 97 115 116 105 116 97 32 112 111 100 97 116 97 107 97 32 50 48 50 54 46 10 75 111 109 112 114 101 115 105 106 97 32 105 32 122 97 115 116 105 116 97 32 112 111 100 97 116 97 107 97 32 50 48 50 54 46 10 75 111 109 112 114 101 115 105 106 97 ]: Kod 3833
BAJT [105 116 97 32 112 111 100 97 116 97 107 97 32 50 48 50 54 46 10 75 111 109 112 114 101 115 105 106 97 32 105 32 122 97 115 116 105 116 97 32 112 111 100 97 116 97 107 97 32 50 48 50 54 46 10 75 111 109 112 114 101 115 105 106 97 32 105 32 122 97 115 116 105 116 97 32 112 111 100 97 116 97 107 97 32 50 48 50 54 46 10 75 111 109 112 114 101 115 105 106 97 32 ]: Kod 3866
BAJT [105 116 97 32 112 111 100 97 116 97 107 97 32 50 48 50 54 46 10 75 111 109 112 114 101 115 105 106 97 32 105 32 122 97 115 116 105 116 97 32 112 111 100 97 116 97 107 97 32 50 48 50 54 46 10 75 111 109 112 114 101 115 105 106 97 32 105 32 122 97 115 116 105 116 97 32 112 111 100 97 116 97 107 97 32 50 48 50 54 46 10 75 111 109 112 114 101 115 105 106 97 32 105 ]: Kod 3923
BAJT [105 116 97 32 112 111 100 97 116 97 107 97 32 50 48 50 54 46 10 75 111 109 112 114 101 115 105 106 97 32 105 32 122 97 115 116 105 116 97 32 112 111 100 97 116 97 107 97 32 50 48 50 54 46 10 75 111 109 112 114 101 115 105 106 97 32 105 32 122 97 115 116 105 116 97 32 112 111 100 97 116 97 107 97 32 50 48 50 54 46 10 75 111 109 112 114 101 115 105 106 97 32 105 32 ]: Kod 3943
BAJT [105 116 97 32 112 111 100 97 116 97 107 97 32 50 48 50 54 46 10 75 111 109 112 114 101 115 105 106 97 32 105 32 122 97 115 116 105 116 97 32 112 111 100 97 116 97 107 97 32 50 48 50 54 46 10 75 111 109 112 114 101 115 105 106 97 32 105 32 122 97 115 116 105 116 97 32 112 111 100 97 116 97 107 97 32 50 48 50 54 46 10 75 111 109 112 114 101 115 105 106 97 32 105 32 122 ]: Kod 3975
BAJT [105 116 97 32 112 111 100 97 116 97 107 97 32 50 48 50 54 46 10 75 111 109 112 114 101 115 105 106 97 32 105 32 122 97 115 116 105 116 97 32 112 111 100 97 116 97 107 97 32 50 48 50 54 46 10 75 111 109 112 114 101 115 105 106 97 32 105 32 122 97 115 116 105 116 97 32 112 111 100 97 116 97 107 97 32 50 48 50 54 46 10 75 111 109 112 114 101 115 105 106 97 32 105 32 122 97 ]: Kod 4016
BAJT [105 116 97 32 112 111 100 97 116 97 107 97 32 50 48 50 54 46 10 75 111 109 112 114 101 115 105 106 97 32 105 32 122 97 115 116 105 116 97 32 112 111 100 97 116 97 107 97 32 50 48 50 54 46 10 75 111 109 112 114 101 115 105 106 97 32 105 32 122 97 115 116 105 116 97 32 112 111 100 97 116 97 107 97 32 50 48 50 54 46 10 75 111 109 112 114 101 115 105 106 97 32 105 32 122 97 115 ]: Kod 4043
BAJT [105 116 97 32 112 111 100 97 116 97 107 97 32 50 48 50 54 46 10 75 111 109 112 114 101 115 105 106 97 32 105 32 122 97 115 116 105 116 97 32 112 111 100 97 116 97 107 97 32 50 48 50 54 46 10 75 111 109 112 114 101 115 105 106 97 32 105 32 122 97 115 116 105 116 97 32 112 111 100 97 116 97 107 97 32 50 48 50 54 46 10 75 111 109 112 114 101 115 105 106 97 32 105 32 122 97 115 116 ]: Kod 4085
BAJT [106 ]: Kod 106
BAJT [106 97 ]: Kod 264
BAJT [106 97 32 ]: Kod 293
BAJT [106 97 32 105 ]: Kod 351
BAJT [106 97 32 105 32 ]: Kod 363
BAJT [106 97 32 105 32 122 ]: Kod 434
BAJT [106 97 32 105 32 122 97 ]: Kod 452
BAJT [106 97 32 105 32 122 97 115 ]: Kod 475
BAJT [106 97 32 105 32 122 97 115 116 ]: Kod 496
BAJT [106 97 32 105 32 122 97 115 116 105 ]: Kod 581
BAJT [106 97 32 105 32 122 97 115 116 105 116 ]: Kod 596
BAJT [106 97 32 105 32 122 97 115 116 105 116 97 ]: Kod 617
BAJT [106 97 32 105 32 122 97 115 116 105 116 97 32 ]: Kod 679
BAJT [106 97 32 105 32 122 97 115 116 105 116 97 32 112 ]: Kod 716
BAJT [106 97 32 105 32 122 97 115 116 105 116 97 32 112 111 ]: Kod 755
BAJT [106 97 32 105 32 122 97 115 116 105 116 97 32 112 111 100 ]: Kod 779
BAJT [106 97 32 105 32 122 97 115 116 105 116 97 32 112 111 100 97 ]: Kod 816
BAJT [106 97 32 105 32 122 97 115 116 105 116 97 32 112 111 100 97 116 ]: Kod 840
BAJT [106 97 32 105 32 122 97 115 116 105 116 97 32 112 111 100 97 116 97 ]: Kod 887
BAJT [106 97 32 105 32 122 97 115 116 105 116 97 32 112 111 100 97 116 97 107 ]: Kod 891
BAJT [106 97 32 105 32 122 97 115 116 105 116 97 32 112 111 100 97 116 97 107 97 ]: Kod 950
BAJT [106 97 32 105 32 122 97 115 116 105 116 97 32 112 111 100 97 116 97 107 97 32 ]: Kod 999
BAJT [106 97 32 105 32 122 97 115 116 105 116 97 32 112 111 100 97 116 97 107 97 32 50 ]: Kod 1011
BAJT [106 97 32 105 32 122 97 115 116 105 116 97 32 112 111 100 97 116 97 107 97 32 50 48 ]: Kod 1061
BAJT [106 97 32 105 32 122 97 115 116 105 116 97 32 112 111 100 97 116 97 107 97 32 50 48 50 ]: Kod 1111
BAJT [106 97 32 105 32 122 97 115 116 105 116 97 32 112 111 100 97 116 97 107 97 32 50 48 50 54 ]: Kod 1117
BAJT [106 97 32 105 32 122 97 115 116 105 116 97 32 112 111 100 97 116 97 107 97 32 50 48 50 54 46 ]: Kod 1170
BAJT [106 97 32 105 32 122 97 115 116 105 116 97 32 112 111 100 97 116 97 107 97 32 50 48 50 54 46 10 ]: Kod 1221
BAJT [106 97 32 105 32 122 97 115 116 105 116 97 32 112 111 100 97 116 97 107 97 32 50 48 50 54 46 10 75 ]: Kod 1260
BAJT [106 97 32 105 32 122 97 115 116 105 116 97 32 112 111 100 97 116 97 107 97 32 50 48 50 54 46 10 75 111 ]: Kod 1286
BAJT [106 97 32 105 32 122 97 115 116 105 116 97 32 112 111 100 97 116 97 107 97 32 50 48 50 54 46 10 75 111 109 ]: Kod 1314
BAJT [106 97 32 105 32 122 97 115 116 105 116 97 32 112 111 100 97 116 97 107 97 32 50 48 50 54 46 10 75 111 109 112 ]: Kod 1369
BAJT [106 97 32 105 32 122 97 115 116 105 116 97 32 112 111 100 97 116 97 107 97 32 50 48 50 54 46 10 75 111 109 112 114 ]: Kod 1403
BAJT [106 97 32 105 32 122 97 115 116 105 116 97 32 112 111 100 97 116 97 107 97 32 50 48 50 54 46 10 75 111 109 112 114 101 ]: Kod 1427
BAJT [106 97 32 105 32 122 97 115 116 105 116 97 32 112 111 100 97 116 97 107 97 32 50 48 50 54 46 10 75 111 109 112 114 101 115 ]: Kod 1473
BAJT [106 97 32 105 32 122 97 115 116 105 116 97 32 112 111 100 97 116 97 107 97 32 50 48 50 54 46 10 75 111 109 112 114 101 115 105 ]: Kod 1502
BAJT [106 97 32 105 32 122 97 115 116 105 116 97 32 112 111 100 97 116 97 107 97 32 50 48 50 54 46 10 75 111 109 112 114 101 115 105 106 ]: Kod 1526
BAJT [106 97 32 105 32 122 97 115 116 105 116 97 32 112 111 100 97 116 97 107 97 32 50 48 50 54 46 10 75 111 109 112 114 101 115 105 106 97 ]: Kod 1527
BAJT [106 97 32 105 32 122 97 115 116 105 116 97 32 112 111 100 97 116 97 107 97 32 50 48 50 54 46 10 75 111 109 112 114 101 115 105 106 97 32 ]: Kod 1586
BAJT [106 97 32 105 32 122 97 115 116 105 116 97 32 112 111 100 97 116 97 107 97 32 50 48 50 54 46 10 75 111 109 112 114 101 115 105 106 97 32 105 ]: Kod 1647
BAJT [106 97 32 105 32 122 97 115 116 105 116 97 32 112 111 100 97 116 97 107 97 32 50 48 50 54 46 10 75 111 109 112 114 101 115 105 106 97 32 105 32 ]: Kod 1659
BAJT [106 97 32 105 32 122 97 115 116 105 116 97 32 112 111 100 97 116 97 107 97 32 50 48 50 54 46 10 75 111 109 112 114 101 115 105 106 97 32 105 32 122 ]: Kod 1730
BAJT [106 97 32 105 32 122 97 115 116 105 116 97 32 112 111 100 97 116 97 107 97 32 50 48 50 54 46 10 75 111 109 112 114 101 115 105 106 97 32 105 32 122 97 ]: Kod 1748
BAJT [106 97 32 105 32 122 97 115 116 105 116 97 32 112 111 100 97 116 97 107 97 32 50 48 50 54 46 10 75 111 109 112 114 101 115 105 106 97 32 105 32 122 97 115 ]: Kod 1771
BAJT [106 97 32 105 32 122 97 115 116 105 116 97 32 112 111 100 97 116 97 107 97 32 50 48 50 54 46 10 75 111 109 112 114 101 115 105 106 97 32 105 32 122 97 115 116 ]: Kod 1792
BAJT [106 97 32 105 32 122 97 115 116 105 116 97 32 112 111 100 97 116 97 107 97 32 50 48 50 54 46 10 75 111 109 112 114 101 115 105 106 97 32 105 32 122 97 115 116 105 ]: Kod 1877
BAJT [106 97 32 105 32 122 97 115 116 105 116 97 32 112 111 100 97 116 97 107 97 32 50 48 50 54 46 10 75 111 109 112 114 101 115 105 106 97 32 105 32 122 97 115 116 105 116 ]: Kod 1892
BAJT [106 97 32 105 32 122 97 115 116 105 116 97 32 112 111 100 97 116 97 107 97 32 50 48 50 54 46 10 75 111 109 112 114 101 115 105 106 97 32 105 32 122 97 115 116 105 116 97 ]: Kod 1913
BAJT [106 97 32 105 32 122 97 115 116 105 116 97 32 112 111 100 97 116 97 107 97 32 50 48 50 54 46 10 75 111 109 112 114 101 115 105 106 97 32 105 32 122 97 115 116 105 116 97 32 ]: Kod 1975
BAJT [106 97 32 105 32 122 97 115 116 105 116 97 32 112 111 100 97 116 97 107 97 32 50 48 50 54 46 10 75 111 109 112 114 101 115 105 106 97 32 105 32 122 97 115 116 105 116 97 32 112 ]: Kod 2012
BAJT [106 97 32 105 32 122 97 115 116 105 116 97 32 112 111 100 97 116 97 107 97 32 50 48 50 54 46 10 75 111 109 112 114 101 115 105 106 97 32 105 32 122 97 115 116 105 116 97 32 112 111 ]: Kod 2051
BAJT [106 97 32 105 32 122 97 115 116 105 116 97 32 112 111 100 97 116 97 107 97 32 50 48 50 54 46 10 75 111 109 112 114 101 115 105 106 97 32 105 32 122 97 115 116 105 116 97 32 112 111 100 ]: Kod 2075
BAJT [106 97 32 105 32 122 97 115 116 105 116 97 32 112 111 100 97 116 97 107 97 32 50 48 50 54 46 10 75 111 109 112 114 101 115 105 106 97 32 105 32 122 97 115 116 105 116 97 32 112 111 100 97 ]: Kod 2112
BAJT [106 97 32 105 32 122 97 115 116 105 116 97 32 112 111 100 97 116 97 107 97 32 50 48 50 54 46 10 75 111 109 112 114 101 115 105 106 97 32 105 32 122 97 115 116 105 116 97 32 112 111 100 97 116 ]: Kod 2136
BAJT [106 97 32 105 32 122 97 115 116 105 116 97 32 112 111 100 97 116 97 107 97 32 50 48 50 54 46 10 75 111 109 112 114 101 115 105 106 97 32 105 32 122 97 115 116 105 116 97 32 112 111 100 97 116 97 ]: Kod 2183
BAJT [106 97 32 105 32 122 97 115 116 105 116 97 32 112 111 100 97 116 97 107 97 32 50 48 50 54 46 10 75 111 109 112 114 101 115 105 106 97 32 105 32 122 97 115 116 105 116 97 32 112 111 100 97 116 97 107 ]: Kod 2187
BAJT [106 97 32 105 32 122 97 115 116 105 116 97 32 112 111 100 97 116 97 107 97 32 50 48 50 54 46 10 75 111 109 112 114 101 115 105 106 97 32 105 32 122 97 115 116 105 116 97 32 112 111 100 97 116 97 107 97 ]: Kod 2246
BAJT [106 97 32 105 32 122 97 115 116 105 116 97 32 112 111 100 97 116 97 107 97 32 50 48 50 54 46 10 75 111 109 112 114 101 115 105 106 97 32 105 32 122 97 115 116 105 116 97 32 112 111 100 97 116 97 107 97 32 ]: Kod 2295
BAJT [106 97 32 105 32 122 97 115 116 105 116 97 32 112 111 100 97 116 97 107 97 32 50 48 50 54 46 10 75 111 109 112 114 101 115 105 106 97 32 105 32 122 97 115 116 105 116 97 32 112 111 100 97 116 97 107 97 32 50 ]: Kod 2307
BAJT [106 97 32 105 32 122 97 115 116 105 116 97 32 112 111 100 97 116 97 107 97 32 50 48 50 54 46 10 75 111 109 112 114 101 115 105 106 97 32 105 32 122 97 115 116 105 116 97 32 112 111 100 97 116 97 107 97 32 50 48 ]: Kod 2357
BAJT [106 97 32 105 32 122 97 115 116 105 116 97 32 112 111 100 97 116 97 107 97 32 50 48 50 54 46 10 75 111 109 112 114 101 115 105 106 97 32 105 32 122 97 115 116 105 116 97 32 112 111 100 97 116 97 107 97 32 50 48 50 ]: Kod 2407
BAJT [106 97 32 105 32 122 97 115 116 105 116 97 32 112 111 100 97 116 97 107 97 32 50 48 50 54 46 10 75 111 109 112 114 101 115 105 106 97 32 105 32 122 97 115 116 105 116 97 32 112 111 100 97 116 97 107 97 32 50 48 50 54 ]: Kod 2413
BAJT [106 97 32 105 32 122 97 115 116 105 116 97 32 112 111 100 97 116 97 107 97 32 50 48 50 54 46 10 75 111 109 112 114 101 115 105 106 97 32 105 32 122 97 115 116 105 116 97 32 112 111 100 97 116 97 107 97 32 50 48 50 54 46 ]: Kod 2466
BAJT [106 97 32 105 32 122 97 115 116 105 116 97 32 112 111 100 97 116 97 107 97 32 50 48 50 54 46 10 75 111 109 112 114 101 115 105 106 97 32 105 32 122 97 115 116 105 116 97 32 112 111 100 97 116 97 107 97 32 50 48 50 54 46 10 ]: Kod 2517
BAJT [106 97 32 105 32 122 97 115 116 105 116 97 32 112 111 100 97 116 97 107 97 32 50 48 50 54 46 10 75 111 109 112 114 101 115 105 106 97 32 105 32 122 97 115 116 105 116 97 32 112 111 100 97 116 97 107 97 32 50 48 50 54 46 10 75 ]: Kod 2556
BAJT [106 97 32 105 32 122 97 115 116 105 116 97 32 112 111 100 97 116 97 107 97 32 50 48 50 54 46 10 75 111 109 112 114 101 115 105 106 97 32 105 32 122 97 115 116 105 116 97 32 112 111 100 97 116 97 107 97 32 50 48 50 54 46 10 75 111 ]: Kod 2582
BAJT [106 97 32 105 32 122 97 115 116 105 116 97 32 112 111 100 97 116 97 107 97 32 50 48 50 54 46 10 75 111 109 112 114 101 115 105 106 97 32 105 32 122 97 115 116 105 116 97 32 112 111 100 97 116 97 107 97 32 50 48 50 54 46 10 75 111 109 ]: Kod 2610
BAJT [106 97 32 105 32 122 97 115 116 105 116 97 32 112 111 100 97 116 97 107 97 32 50 48 50 54 46 10 75 111 109 112 114 101 115 105 106 97 32 105 32 122 97 115 116 105 116 97 32 112 111 100 97 116 97 107 97 32 50 48 50 54 46 10 75 111 109 112 ]: Kod 2665
BAJT [106 97 32 105 32 122 97 115 116 105 116 97 32 112 111 100 97 116 97 107 97 32 50 48 50 54 46 10 75 111 109 112 114 101 115 105 106 97 32 105 32 122 97 115 116 105 116 97 32 112 111 100 97 116 97 107 97 32 50 48 50 54 46 10 75 111 109 112 114 ]: Kod 2699
BAJT [106 97 32 105 32 122 97 115 116 105 116 97 32 112 111 100 97 116 97 107 97 32 50 48 50 54 46 10 75 111 109 112 114 101 115 105 106 97 32 105 32 122 97 115 116 105 116 97 32 112 111 100 97 116 97 107 97 32 50 48 50 54 46 10 75 111 109 112 114 101 ]: Kod 2723
BAJT [106 97 32 105 32 122 97 115 116 105 116 97 32 112 111 100 97 116 97 107 97 32 50 48 50 54 46 10 75 111 109 112 114 101 115 105 106 97 32 105 32 122 97 115 116 105 116 97 32 112 111 100 97 116 97 107 97 32 50 48 50 54 46 10 75 111 109 112 114 101 115 ]: Kod 2769
BAJT [106 97 32 105 32 122 97 115 116 105 116 97 32 112 111 100 97 116 97 107 97 32 50 48 50 54 46 10 75 111 109 112 114 101 115 105 106 97 32 105 32 122 97 115 116 105 116 97 32 112 111 100 97 116 97 107 97 32 50 48 50 54 46 10 75 111 109 112 114 101 115 105 ]: Kod 2798
BAJT [106 97 32 105 32 122 97 115 116 105 116 97 32 112 111 100 97 116 97 107 97 32 50 48 50 54 46 10 75 111 109 112 114 101 115 105 106 97 32 105 32 122 97 115 116 105 116 97 32 112 111 100 97 116 97 107 97 32 50 48 50 54 46 10 75 111 109 112 114 101 115 105 106 ]: Kod 2822
BAJT [106 97 32 105 32 122 97 115 116 105 116 97 32 112 111 100 97 116 97 107 97 32 50 48 50 54 46 10 75 111 109 112 114 101 115 105 106 97 32 105 32 122 97 115 116 105 116 97 32 112 111 100 97 116 97 107 97 32 50 48 50 54 46 10 75 111 109 112 114 101 115 105 106 97 ]: Kod 2823
BAJT [106 97 32 105 32 122 97 115 116 105 116 97 32 112 111 100 97 116 97 107 97 32 50 48 50 54 46 10 75 111 109 112 114 101 115 105 106 97 32 105 32 122 97 115 116 105 116 97 32 112 111 100 97 116 97 107 97 32 50 48 50 54 46 10 75 111 109 112 114 101 115 105 106 97 32 ]: Kod 2882
BAJT [106 97 32 105 32 122 97 115 116 105 116 97 32 112 111 100 97 116 97 107 97 32 50 48 50 54 46 10 75 111 109 112 114 101 115 105 106 97 32 105 32 122 97 115 116 105 116 97 32 112 111 100 97 116 97 107 97 32 50 48 50 54 46 10 75 111 109 112 114 101 115 105 106 97 32 105 ]: Kod 2943
BAJT [106 97 32 105 32 122 97 115 116 105 116 97 32 112 111 100 97 116 97 107 97 32 50 48 50 54 46 10 75 111 109 112 114 101 115 105 106 97 32 105 32 122 97 115 116 105 116 97 32 112 111 100 97 116 97 107 97 32 50 48 50 54 46 10 75 111 109 112 114 101 115 105 106 97 32 105 32 ]: Kod 2955
BAJT [106 97 32 105 32 122 97 115 116 105 116 97 32 112 111 100 97 116 97 107 97 32 50 48 50 54 46 10 75 111 109 112 114 101 115 105 106 97 32 105 32 122 97 115 116 105 116 97 32 112 111 100 97 116 97 107 97 32 50 48 50 54 46 10 75 111 109 112 114 101 115 105 106 97 32 105 32 122 ]: Kod 3026
BAJT [106 97 32 105 32 122 97 115 116 105 116 97 32 112 111 100 97 116 97 107 97 32 50 48 50 54 46 10 75 111 109 112 114 101 115 105 106 97 32 105 32 122 97 115 116 105 116 97 32 112 111 100 97 116 97 107 97 32 50 48 50 54 46 10 75 111 109 112 114 101 115 105 106 97 32 105 32 122 97 ]: Kod 3044
BAJT [106 97 32 105 32 122 97 115 116 105 116 97 32 112 111 100 97 116 97 107 97 32 50 48 50 54 46 10 75 111 109 112 114 101 115 105 106 97 32 105 32 122 97 115 116 105 116 97 32 112 111 100 97 116 97 107 97 32 50 48 50 54 46 10 75 111 109 112 114 101 115 105 106 97 32 105 32 122 97 115 ]: Kod 3067
BAJT [106 97 32 105 32 122 97 115 116 105 116 97 32 112 111 100 97 116 97 107 97 32 50 48 50 54 46 10 75 111 109 112 114 101 115 105 106 97 32 105 32 122 97 115 116 105 116 97 32 112 111 100 97 116 97 107 97 32 50 48 50 54 46 10 75 111 109 112 114 101 115 105 106 97 32 105 32 122 97 115 116 ]: Kod 3088
BAJT [106 97 32 105 32 122 97 115 116 105 116 97 32 112 111 100 97 116 97 107 97 32 50 48 50 54 46 10 75 111 109 112 114 101 115 105 106 97 32 105 32 122 97 115 116 105 116 97 32 112 111 100 97 116 97 107 97 32 50 48 50 54 46 10 75 111 109 112 114 101 115 105 106 97 32 105 32 122 97 115 116 105 ]: Kod 3173
BAJT [106 97 32 105 32 122 97 115 116 105 116 97 32 112 111 100 97 116 97 107 97 32 50 48 50 54 46 10 75 111 109 112 114 101 115 105 106 97 32 105 32 122 97 115 116 105 116 97 32 112 111 100 97 116 97 107 97 32 50 48 50 54 46 10 75 111 109 112 114 101 115 105 106 97 32 105 32 122 97 115 116 105 116 ]: Kod 3188
BAJT [106 97 32 105 32 122 97 115 116 105 116 97 32 112 111 100 97 116 97 107 97 32 50 48 50 54 46 10 75 111 109 112 114 101 115 105 106 97 32 105 32 122 97 115 116 105 116 97 32 112 111 100 97 116 97 107 97 32 50 48 50 54 46 10 75 111 109 112 114 101 115 105 106 97 32 105 32 122 97 115 116 105 116 97 ]: Kod 3209
BAJT [106 97 32 105 32 122 97 115 116 105 116 97 32 112 111 100 97 116 97 107 97 32 50 48 50 54 46 10 75 111 109 112 114 101 115 105 106 97 32 105 32 122 97 115 116 105 116 97 32 112 111 100 97 116 97 107 97 32 50 48 50 54 46 10 75 111 109 112 114 101 115 105 106 97 32 105 32 122 97 115 116 105 116 97 32 ]: Kod 3271
BAJT [106 97 32 105 32 122 97 115 116 105 116 97 32 112 111 100 97 116 97 107 97 32 50 48 50 54 46 10 75 111 109 112 114 101 115 105 106 97 32 105 32 122 97 115 116 105 116 97 32 112 111 100 97 116 97 107 97 32 50 48 50 54 46 10 75 111 109 112 114 101 115 105 106 97 32 105 32 122 97 115 116 105 116 97 32 112 ]: Kod 3308
BAJT [106 97 32 105 32 122 97 115 116 105 116 97 32 112 111 100 97 116 97 107 97 32 50 48 50 54 46 10 75 111 109 112 114 101 115 105 106 97 32 105 32 122 97 115 116 105 116 97 32 112 111 100 97 116 97 107 97 32 50 48 50 54 46 10 75 111 109 112 114 101 115 105 106 97 32 105 32 122 97 115 116 105 116 97 32 112 111 ]: Kod 3347
BAJT [106 97 32 105 32 122 97 115 116 105 116 97 32 112 111 100 97 116 97 107 97 32 50 48 50 54 46 10 75 111 109 112 114 101 115 105 106 97 32 105 32 122 97 115 116 105 116 97 32 112 111 100 97 116 97 107 97 32 50 48 50 54 46 10 75 111 109 112 114 101 115 105 106 97 32 105 32 122 97 115 116 105 116 97 32 112 111 100 ]: Kod 3371
BAJT [106 97 32 105 32 122 97 115 116 105 116 97 32 112 111 100 97 116 97 107 97 32 50 48 50 54 46 10 75 111 109 112 114 101 115 105 106 97 32 105 32 122 97 115 116 105 116 97 32 112 111 100 97 116 97 107 97 32 50 48 50 54 46 10 75 111 109 112 114 101 115 105 106 97 32 105 32 122 97 115 116 105 116 97 32 112 111 100 97 ]: Kod 3408
BAJT [106 97 32 105 32 122 97 115 116 105 116 97 32 112 111 100 97 116 97 107 97 32 50 48 50 54 46 10 75 111 109 112 114 101 115 105 106 97 32 105 32 122 97 115 116 105 116 97 32 112 111 100 97 116 97 107 97 32 50 48 50 54 46 10 75 111 109 112 114 101 115 105 106 97 32 105 32 122 97 115 116 105 116 97 32 112 111 100 97 116 ]: Kod 3432
BAJT [106 97 32 105 32 122 97 115 116 105 116 97 32 112 111 100 97 116 97 107 97 32 50 48 50 54 46 10 75 111 109 112 114 101 115 105 106 97 32 105 32 122 97 115 116 105 116 97 32 112 111 100 97 116 97 107 97 32 50 48 50 54 46 10 75 111 109 112 114 101 115 105 106 97 32 105 32 122 97 115 116 105 116 97 32 112 111 100 97 116 97 ]: Kod 3479
BAJT [106 97 32 105 32 122 97 115 116 105 116 97 32 112 111 100 97 116 97 107 97 32 50 48 50 54 46 10 75 111 109 112 114 101 115 105 106 97 32 105 32 122 97 115 116 105 116 97 32 112 111 100 97 116 97 107 97 32 50 48 50 54 46 10 75 111 109 112 114 101 115 105 106 97 32 105 32 122 97 115 116 105 116 97 32 112 111 100 97 116 97 107 ]: Kod 3483
BAJT [106 97 32 105 32 122 97 115 116 105 116 97 32 112 111 100 97 116 97 107 97 32 50 48 50 54 46 10 75 111 109 112 114 101 115 105 106 97 32 105 32 122 97 115 116 105 116 97 32 112 111 100 97 116 97 107 97 32 50 48 50 54 46 10 75 111 109 112 114 101 115 105 106 97 32 105 32 122 97 115 116 105 116 97 32 112 111 100 97 116 97 107 97 ]: Kod 3542
BAJT [106 97 32 105 32 122 97 115 116 105 116 97 32 112 111 100 97 116 97 107 97 32 50 48 50 54 46 10 75 111 109 112 114 101 115 105 106 97 32 105 32 122 97 115 116 105 116 97 32 112 111 100 97 116 97 107 97 32 50 48 50 54 46 10 75 111 109 112 114 101 115 105 106 97 32 105 32 122 97 115 116 105 116 97 32 112 111 100 97 116 97 107 97 32 ]: Kod 3591
BAJT [106 97 32 105 32 122 97 115 116 105 116 97 32 112 111 100 97 116 97 107 97 32 50 48 50 54 46 10 75 111 109 112 114 101 115 105 106 97 32 105 32 122 97 115 116 105 116 97 32 112 111 100 97 116 97 107 97 32 50 48 50 54 46 10 75 111 109 112 114 101 115 105 106 97 32 105 32 122 97 115 116 105 116 97 32 112 111 100 97 116 97 107 97 32 50 ]: Kod 3603
BAJT [106 97 32 105 32 122 97 115 116 105 116 97 32 112 111 100 97 116 97 107 97 32 50 48 50 54 46 10 75 111 109 112 114 101 115 105 106 97 32 105 32 122 97 115 116 105 116 97 32 112 111 100 97 116 97 107 97 32 50 48 50 54 46 10 75 111 109 112 114 101 115 105 106 97 32 105 32 122 97 115 116 105 116 97 32 112 111 100 97 116 97 107 97 32 50 48 ]: Kod 3653
BAJT [106 97 32 105 32 122 97 115 116 105 116 97 32 112 111 100 97 116 97 107 97 32 50 48 50 54 46 10 75 111 109 112 114 101 115 105 106 97 32 105 32 122 97 115 116 105 116 97 32 112 111 100 97 116 97 107 97 32 50 48 50 54 46 10 75 111 109 112 114 101 115 105 106 97 32 105 32 122 97 115 116 105 116 97 32 112 111 100 97 116 97 107 97 32 50 48 50 ]: Kod 3703
BAJT [106 97 32 105 32 122 97 115 116 105 116 97 32 112 111 100 97 116 97 107 97 32 50 48 50 54 46 10 75 111 109 112 114 101 115 105 106 97 32 105 32 122 97 115 116 105 116 97 32 112 111 100 97 116 97 107 97 32 50 48 50 54 46 10 75 111 109 112 114 101 115 105 106 97 32 105 32 122 97 115 116 105 116 97 32 112 111 100 97 116 97 107 97 32 50 48 50 54 ]: Kod 3709
BAJT [106 97 32 105 32 122 97 115 116 105 116 97 32 112 111 100 97 116 97 107 97 32 50 48 50 54 46 10 75 111 109 112 114 101 115 105 106 97 32 105 32 122 97 115 116 105 116 97 32 112 111 100 97 116 97 107 97 32 50 48 50 54 46 10 75 111 109 112 114 101 115 105 106 97 32 105 32 122 97 115 116 105 116 97 32 112 111 100 97 116 97 107 97 32 50 48 50 54 46 ]: Kod 3762
BAJT [106 97 32 105 32 122 97 115 116 105 116 97 32 112 111 100 97 116 97 107 97 32 50 48 50 54 46 10 75 111 109 112 114 101 115 105 106 97 32 105 32 122 97 115 116 105 116 97 32 112 111 100 97 116 97 107 97 32 50 48 50 54 46 10 75 111 109 112 114 101 115 105 106 97 32 105 32 122 97 115 116 105 116 97 32 112 111 100 97 116 97 107 97 32 50 48 50 54 46 10 ]: Kod 3813
BAJT [106 97 32 105 32 122 97 115 116 105 116 97 32 112 111 100 97 116 97 107 97 32 50 48 50 54 46 10 75 111 109 112 114 101 115 105 106 97 32 105 32 122 97 115 116 105 116 97 32 112 111 100 97 116 97 107 97 32 50 48 50 54 46 10 75 111 109 112 114 101 115 105 106 97 32 105 32 122 97 115 116 105 116 97 32 112 111 100 97 116 97 107 97 32 50 48 50 54 46 10 75 ]: Kod 3852
BAJT [106 97 32 105 32 122 97 115 116 105 116 97 32 112 111 100 97 116 97 107 97 32 50 48 50 54 46 10 75 111 109 112 114 101 115 105 106 97 32 105 32 122 97 115 116 105 116 97 32 112 111 100 97 116 97 107 97 32 50 48 50 54 46 10 75 111 109 112 114 101 115 105 106 97 32 105 32 122 97 115 116 105 116 97 32 112 111 100 97 116 97 107 97 32 50 48 50 54 46 10 75 111 ]: Kod 3878
BAJT [106 97 32 105 32 122 97 115 116 105 116 97 32 112 111 100 97 116 97 107 97 32 50 48 50 54 46 10 75 111 109 112 114 101 115 105 106 97 32 105 32 122 97 115 116 105 116 97 32 112 111 100 97 116 97 107 97 32 50 48 50 54 46 10 75 111 109 112 114 101 115 105 106 97 32 105 32 122 97 115 116 105 116 97 32 112 111 100 97 116 97 107 97 32 50 48 50 54 46 10 75 111 109 ]: Kod 3906
BAJT [106 97 32 105 32 122 97 115 116 105 116 97 32 112 111 100 97 116 97 107 97 32 50 48 50 54 46 10 75 111 109 112 114 101 115 105 106 97 32 105 32 122 97 115 116 105 116 97 32 112 111 100 97 116 97 107 97 32 50 48 50 54 46 10 75 111 109 112 114 101 115 105 106 97 32 105 32 122 97 115 116 105 116 97 32 112 111 100 97 116 97 107 97 32 50 48 50 54 46 10 75 111 109 112 ]: Kod 3961
BAJT [106 97 32 105 32 122 97 115 116 105 116 97 32 112 111 100 97 116 97 107 97 32 50 48 50 54 46 10 75 111 109 112 114 101 115 105 106 97 32 105 32 122 97 115 116 105 116 97 32 112 111 100 97 116 97 107 97 32 50 48 50 54 46 10 75 111 109 112 114 101 115 105 106 97 32 105 32 122 97 115 116 105 116 97 32 112 111 100 97 116 97 107 97 32 50 48 50 54 46 10 75 111 109 112 114 ]: Kod 3995
BAJT [106 97 32 105 32 122 97 115 116 105 116 97 32 112 111 100 97 116 97 107 97 32 50 48 50 54 46 10 75 111 109 112 114 101 115 105 106 97 32 105 32 122 97 115 116 105 116 97 32 112 111 100 97 116 97 107 97 32 50 48 50 54 46 10 75 111 109 112 114 101 115 105 106 97 32 105 32 122 97 115 116 105 116 97 32 112 111 100 97 116 97 107 97 32 50 48 50 54 46 10 75 111 109 112 114 101 ]: Kod 4019
BAJT [106 97 32 105 32 122 97 115 116 105 116 97 32 112 111 100 97 116 97 107 97 32 50 48 50 54 46 10 75 111 109 112 114 101 115 105 106 97 32 105 32 122 97 115 116 105 116 97 32 112 111 100 97 116 97 107 97 32 50 48 50 54 46 10 75 111 109 112 114 101 115 105 106 97 32 105 32 122 97 115 116 105 116 97 32 112 111 100 97 116 97 107 97 32 50 48 50 54 46 10 75 111 109 112 114 101 115 ]: Kod 4065
BAJT [106 97 32 105 32 122 97 115 116 105 116 97 32 112 111 100 97 116 97 107 97 32 50 48 50 54 46 10 75 111 109 112 114 101 115 105 106 97 32 105 32 122 97 115 116 105 116 97 32 112 111 100 97 116 97 107 97 32 50 48 50 54 46 10 75 111 109 112 114 101 115 105 106 97 32 105 32 122 97 115 116 105 116 97 32 112 111 100 97 116 97 107 97 32 50 48 50 54 46 10 75 111 109 112 114 101 115 105 ]: Kod 4094
BAJT [107 ]: Kod 107
BAJT [107 97 ]: Kod 281
BAJT [107 97 32 ]: Kod 320
BAJT [107 97 32 50 ]: Kod 334
BAJT [107 97 32 50 48 ]: Kod 368
BAJT [107 97 32 50 48 50 ]: Kod 410
BAJT [107 97 32 50 48 50 54 ]: Kod 455
BAJT [107 97 32 50 48 50 54 46 ]: Kod 508
BAJT [107 97 32 50 48 50 54 46 10 ]: Kod 513
BAJT [107 97 32 50 48 50 54 46 10 75 ]: Kod 544
BAJT [107 97 32 50 48 50 54 46 10 75 111 ]: Kod 605
BAJT [107 97 32 50 48 50 54 46 10 75 111 109 ]: Kod 635
BAJT [107 97 32 50 48 50 54 46 10 75 111 109 112 ]: Kod 663
BAJT [107 97 32 50 48 50 54 46 10 75 111 109 112 114 ]: Kod 698
BAJT [107 97 32 50 48 50 54 46 10 75 111 109 112 114 101 ]: Kod 728
BAJT [107 97 32 50 48 50 54 46 10 75 111 109 112 114 101 115 ]: Kod 766
BAJT [107 97 32 50 48 50 54 46 10 75 111 109 112 114 101 115 105 ]: Kod 824
BAJT [107 97 32 50 48 50 54 46 10 75 111 109 112 114 101 115 105 106 ]: Kod 839
BAJT [107 97 32 50 48 50 54 46 10 75 111 109 112 114 101 115 105 106 97 ]: Kod 892
BAJT [107 97 32 50 48 50 54 46 10 75 111 109 112 114 101 115 105 106 97 32 ]: Kod 894
BAJT [107 97 32 50 48 50 54 46 10 75 111 109 112 114 101 115 105 106 97 32 105 ]: Kod 942
BAJT [107 97 32 50 48 50 54 46 10 75 111 109 112 114 101 115 105 106 97 32 105 32 ]: Kod 976
BAJT [107 97 32 50 48 50 54 46 10 75 111 109 112 114 101 115 105 106 97 32 105 32 122 ]: Kod 1038
BAJT [107 97 32 50 48 50 54 46 10 75 111 109 112 114 101 115 105 106 97 32 105 32 122 97 ]: Kod 1079
BAJT [107 97 32 50 48 50 54 46 10 75 111 109 112 114 101 115 105 106 97 32 105 32 122 97 115 ]: Kod 1094
BAJT [107 97 32 50 48 50 54 46 10 75 111 109 112 114 101 115 105 106 97 32 105 32 122 97 115 116 ]: Kod 1144
BAJT [107 97 32 50 48 50 54 46 10 75 111 109 112 114 101 115 105 106 97 32 105 32 122 97 115 116 105 ]: Kod 1161
BAJT [107 97 32 50 48 50 54 46 10 75 111 109 112 114 101 115 105 106 97 32 105 32 122 97 115 116 105 116 ]: Kod 1190
BAJT [107 97 32 50 48 50 54 46 10 75 111 109 112 114 101 115 105 106 97 32 105 32 122 97 115 116 105 116 97 ]: Kod 1253
BAJT [107 97 32 50 48 50 54 46 10 75 111 109 112 114 101 115 105 106 97 32 105 32 122 97 115 116 105 116 97 32 ]: Kod 1299
BAJT [107 97 32 50 48 50 54 46 10 75 111 109 112 114 101 115 105 106 97 32 105 32 122 97 115 116 105 116 97 32 112 ]: Kod 1323
BAJT [107 97 32 50 48 50 54 46 10 75 111 109 112 114 101 115 105 106 97 32 105 32 122 97 115 116 105 116 97 32 112 111 ]: Kod 1349
BAJT [107 97 32 50 48 50 54 46 10 75 111 109 112 114 101 115 105 106 97 32 105 32 122 97 115 116 105 116 97 32 112 111 100 ]: Kod 1398
BAJT [107 97 32 50 48 50 54 46 10 75 111 109 112 114 101 115 105 106 97 32 105 32 122 97 115 116 105 116 97 32 112 111 100 97 ]: Kod 1408
BAJT [107 97 32 50 48 50 54 46 10 75 111 109 112 114 101 115 105 106 97 32 105 32 122 97 115 116 105 116 97 32 112 111 100 97 116 ]: Kod 1446
BAJT [107 97 32 50 48 50 54 46 10 75 111 109 112 114 101 115 105 106 97 32 105 32 122 97 115 116 105 116 97 32 112 111 100 97 116 97 ]: Kod 1485
BAJT [107 97 32 50 48 50 54 46 10 75 111 109 112 114 101 115 105 106 97 32 105 32 122 97 115 116 105 116 97 32 112 111 100 97 116 97 107 ]: Kod 1564
BAJT [107 97 32 50 48 50 54 46 10 75 111 109 112 114 101 115 105 106 97 32 105 32 122 97 115 116 105 116 97 32 112 111 100 97 116 97 107 97 ]: Kod 1565
BAJT [107 97 32 50 48 50 54 46 10 75 111 109 112 114 101 115 105 106 97 32 105 32 122 97 115 116 105 116 97 32 112 111 100 97 116 97 107 97 32 ]: Kod 1615
BAJT [107 97 32 50 48 50 54 46 10 75 111 109 112 114 101 115 105 106 97 32 105 32 122 97 115 116 105 116 97 32 112 111 100 97 116 97 107 97 32 50 ]: Kod 1630
BAJT [107 97 32 50 48 50 54 46 10 75 111 109 112 114 101 115 105 106 97 32 105 32 122 97 115 116 105 116 97 32 112 111 100 97 116 97 107 97 32 50 48 ]: Kod 1664
BAJT [107 97 32 50 48 50 54 46 10 75 111 109 112 114 101 115 105 106 97 32 105 32 122 97 115 116 105 116 97 32 112 111 100 97 116 97 107 97 32 50 48 50 ]: Kod 1706
BAJT [107 97 32 50 48 50 54 46 10 75 111 109 112 114 101 115 105 106 97 32 105 32 122 97 115 116 105 116 97 32 112 111 100 97 116 97 107 97 32 50 48 50 54 ]: Kod 1751
BAJT [107 97 32 50 48 50 54 46 10 75 111 109 112 114 101 115 105 106 97 32 105 32 122 97 115 116 105 116 97 32 112 111 100 97 116 97 107 97 32 50 48 50 54 46 ]: Kod 1804
BAJT [107 97 32 50 48 50 54 46 10 75 111 109 112 114 101 115 105 106 97 32 105 32 122 97 115 116 105 116 97 32 112 111 100 97 116 97 107 97 32 50 48 50 54 46 10 ]: Kod 1809
BAJT [107 97 32 50 48 50 54 46 10 75 111 109 112 114 101 115 105 106 97 32 105 32 122 97 115 116 105 116 97 32 112 111 100 97 116 97 107 97 32 50 48 50 54 46 10 75 ]: Kod 1840
BAJT [107 97 32 50 48 50 54 46 10 75 111 109 112 114 101 115 105 106 97 32 105 32 122 97 115 116 105 116 97 32 112 111 100 97 116 97 107 97 32 50 48 50 54 46 10 75 111 ]: Kod 1901
BAJT [107 97 32 50 48 50 54 46 10 75 111 109 112 114 101 115 105 106 97 32 105 32 122 97 115 116 105 116 97 32 112 111 100 97 116 97 107 97 32 50 48 50 54 46 10 75 111 109 ]: Kod 1931
BAJT [107 97 32 50 48 50 54 46 10 75 111 109 112 114 101 115 105 106 97 32 105 32 122 97 115 116 105 116 97 32 112 111 100 97 116 97 107 97 32 50 48 50 54 46 10 75 111 109 112 ]: Kod 1959
BAJT [107 97 32 50 48 50 54 46 10 75 111 109 112 114 101 115 105 106 97 32 105 32 122 97 115 116 105 116 97 32 112 111 100 97 116 97 107 97 32 50 48 50 54 46 10 75 111 109 112 114 ]: Kod 1994
BAJT [107 97 32 50 48 50 54 46 10 75 111 109 112 114 101 115 105 106 97 32 105 32 122 97 115 116 105 116 97 32 112 111 100 97 116 97 107 97 32 50 48 50 54 46 10 75 111 109 112 114 101 ]: Kod 2024
BAJT [107 97 32 50 48 50 54 46 10 75 111 109 112 114 101 115 105 106 97 32 105 32 122 97 115 116 105 116 97 32 112 111 100 97 116 97 107 97 32 50 48 50 54 46 10 75 111 109 112 114 101 115 ]: Kod 2062
BAJT [107 97 32 50 48 50 54 46 10 75 111 109 112 114 101 115 105 106 97 32 105 32 122 97 115 116 105 116 97 32 112 111 100 97 116 97 107 97 32 50 48 50 54 46 10 75 111 109 112 114 101 115 105 ]: Kod 2120
BAJT [107 97 32 50 48 50 54 46 10 75 111 109 112 114 101 115 105 106 97 32 105 32 122 97 115 116 105 116 97 32 112 111 100 97 116 97 107 97 32 50 48 50 54 46 10 75 111 109 112 114 101 115 105 106 ]: Kod 2135
BAJT [107 97 32 50 48 50 54 46 10 75 111 109 112 114 101 115 105 106 97 32 105 32 122 97 115 116 105 116 97 32 112 111 100 97 116 97 107 97 32 50 48 50 54 46 10 75 111 109 112 114 101 115 105 106 97 ]: Kod 2188
BAJT [107 97 32 50 48 50 54 46 10 75 111 109 112 114 101 115 105 106 97 32 105 32 122 97 115 116 105 116 97 32 112 111 100 97 116 97 107 97 32 50 48 50 54 46 10 75 111 109 112 114 101 115 105 106 97 32 ]: Kod 2190
BAJT [107 97 32 50 48 50 54 46 10 75 111 109 112 114 101 115 105 106 97 32 105 32 122 97 115 116 105 116 97 32 112 111 100 97 116 97 107 97 32 50 48 50 54 46 10 75 111 109 112 114 101 115 105 106 97 32 105 ]: Kod 2238
BAJT [107 97 32 50 48 50 54 46 10 75 111 109 112 114 101 115 105 106 97 32 105 32 122 97 115 116 105 116 97 32 112 111 100 97 116 97 107 97 32 50 48 50 54 46 10 75 111 109 112 114 101 115 105 106 97 32 105 32 ]: Kod 2272
BAJT [107 97 32 50 48 50 54 46 10 75 111 109 112 114 101 115 105 106 97 32 105 32 122 97 115 116 105 116 97 32 112 111 100 97 116 97 107 97 32 50 48 50 54 46 10 75 111 109 112 114 101 115 105 106 97 32 105 32 122 ]: Kod 2334
BAJT [107 97 32 50 48 50 54 46 10 75 111 109 112 114 101 115 105 106 97 32 105 32 122 97 115 116 105 116 97 32 112 111 100 97 116 97 107 97 32 50 48 50 54 46 10 75 111 109 112 114 101 115 105 106 97 32 105 32 122 97 ]: Kod 2375
BAJT [107 97 32 50 48 50 54 46 10 75 111 109 112 114 101 115 105 106 97 32 105 32 122 97 115 116 105 116 97 32 112 111 100 97 116 97 107 97 32 50 48 50 54 46 10 75 111 109 112 114 101 115 105 106 97 32 105 32 122 97 115 ]: Kod 2390
BAJT [107 97 32 50 48 50 54 46 10 75 111 109 112 114 101 115 105 106 97 32 105 32 122 97 115 116 105 116 97 32 112 111 100 97 116 97 107 97 32 50 48 50 54 46 10 75 111 109 112 114 101 115 105 106 97 32 105 32 122 97 115 116 ]: Kod 2440
BAJT [107 97 32 50 48 50 54 46 10 75 111 109 112 114 101 115 105 106 97 32 105 32 122 97 115 116 105 116 97 32 112 111 100 97 116 97 107 97 32 50 48 50 54 46 10 75 111 109 112 114 101 115 105 106 97 32 105 32 122 97 115 116 105 ]: Kod 2457
BAJT [107 97 32 50 48 50 54 46 10 75 111 109 112 114 101 115 105 106 97 32 105 32 122 97 115 116 105 116 97 32 112 111 100 97 116 97 107 97 32 50 48 50 54 46 10 75 111 109 112 114 101 115 105 106 97 32 105 32 122 97 115 116 105 116 ]: Kod 2486
BAJT [107 97 32 50 48 50 54 46 10 75 111 109 112 114 101 115 105 106 97 32 105 32 122 97 115 116 105 116 97 32 112 111 100 97 116 97 107 97 32 50 48 50 54 46 10 75 111 109 112 114 101 115 105 106 97 32 105 32 122 97 115 116 105 116 97 ]: Kod 2549
BAJT [107 97 32 50 48 50 54 46 10 75 111 109 112 114 101 115 105 106 97 32 105 32 122 97 115 116 105 116 97 32 112 111 100 97 116 97 107 97 32 50 48 50 54 46 10 75 111 109 112 114 101 115 105 106 97 32 105 32 122 97 115 116 105 116 97 32 ]: Kod 2595
BAJT [107 97 32 50 48 50 54 46 10 75 111 109 112 114 101 115 105 106 97 32 105 32 122 97 115 116 105 116 97 32 112 111 100 97 116 97 107 97 32 50 48 50 54 46 10 75 111 109 112 114 101 115 105 106 97 32 105 32 122 97 115 116 105 116 97 32 112 ]: Kod 2619
BAJT [107 97 32 50 48 50 54 46 10 75 111 109 112 114 101 115 105 106 97 32 105 32 122 97 115 116 105 116 97 32 112 111 100 97 116 97 107 97 32 50 48 50 54 46 10 75 111 109 112 114 101 115 105 106 97 32 105 32 122 97 115 116 105 116 97 32 112 111 ]: Kod 2645
BAJT [107 97 32 50 48 50 54 46 10 75 111 109 112 114 101 115 105 106 97 32 105 32 122 97 115 116 105 116 97 32 112 111 100 97 116 97 107 97 32 50 48 50 54 46 10 75 111 109 112 114 101 115 105 106 97 32 105 32 122 97 115 116 105 116 97 32 112 111 100 ]: Kod 2694
BAJT [107 97 32 50 48 50 54 46 10 75 111 109 112 114 101 115 105 106 97 32 105 32 122 97 115 116 105 116 97 32 112 111 100 97 116 97 107 97 32 50 48 50 54 46 10 75 111 109 112 114 101 115 105 106 97 32 105 32 122 97 115 116 105 116 97 32 112 111 100 97 ]: Kod 2704
BAJT [107 97 32 50 48 50 54 46 10 75 111 109 112 114 101 115 105 106 97 32 105 32 122 97 115 116 105 116 97 32 112 111 100 97 116 97 107 97 32 50 48 50 54 46 10 75 111 109 112 114 101 115 105 106 97 32 105 32 122 97 115 116 105 116 97 32 112 111 100 97 116 ]: Kod 2742
BAJT [107 97 32 50 48 50 54 46 10 75 111 109 112 114 101 115 105 106 97 32 105 32 122 97 115 116 105 116 97 32 112 111 100 97 116 97 107 97 32 50 48 50 54 46 10 75 111 109 112 114 101 115 105 106 97 32 105 32 122 97 115 116 105 116 97 32 112 111 100 97 116 97 ]: Kod 2781
BAJT [107 97 32 50 48 50 54 46 10 75 111 109 112 114 101 115 105 106 97 32 105 32 122 97 115 116 105 116 97 32 112 111 100 97 116 97 107 97 32 50 48 50 54 46 10 75 111 109 112 114 101 115 105 106 97 32 105 32 122 97 115 116 105 116 97 32 112 111 100 97 116 97 107 ]: Kod 2860
BAJT [107 97 32 50 48 50 54 46 10 75 111 109 112 114 101 115 105 106 97 32 105 32 122 97 115 116 105 116 97 32 112 111 100 97 116 97 107 97 32 50 48 50 54 46 10 75 111 109 112 114 101 115 105 106 97 32 105 32 122 97 115 116 105 116 97 32 112 111 100 97 116 97 107 97 ]: Kod 2861
BAJT [107 97 32 50 48 50 54 46 10 75 111 109 112 114 101 115 105 106 97 32 105 32 122 97 115 116 105 116 97 32 112 111 100 97 116 97 107 97 32 50 48 50 54 46 10 75 111 109 112 114 101 115 105 106 97 32 105 32 122 97 115 116 105 116 97 32 112 111 100 97 116 97 107 97 32 ]: Kod 2911
BAJT [107 97 32 50 48 50 54 46 10 75 111 109 112 114 101 115 105 106 97 32 105 32 122 97 115 116 105 116 97 32 112 111 100 97 116 97 107 97 32 50 48 50 54 46 10 75 111 109 112 114 101 115 105 106 97 32 105 32 122 97 115 116 105 116 97 32 112 111 100 97 116 97 107 97 32 50 ]: Kod 2926
BAJT [107 97 32 50 48 50 54 46 10 75 111 109 112 114 101 115 105 106 97 32 105 32 122 97 115 116 105 116 97 32 112 111 100 97 116 97 107 97 32 50 48 50 54 46 10 75 111 109 112 114 101 115 105 106 97 32 105 32 122 97 115 116 105 116 97 32 112 111 100 97 116 97 107 97 32 50 48 ]: Kod 2960
BAJT [107 97 32 50 48 50 54 46 10 75 111 109 112 114 101 115 105 106 97 32 105 32 122 97 115 116 105 116 97 32 112 111 100 97 116 97 107 97 32 50 48 50 54 46 10 75 111 109 112 114 101 115 105 106 97 32 105 32 122 97 115 116 105 116 97 32 112 111 100 97 116 97 107 97 32 50 48 50 ]: Kod 3002
BAJT [107 97 32 50 48 50 54 46 10 75 111 109 112 114 101 115 105 106 97 32 105 32 122 97 115 116 105 116 97 32 112 111 100 97 116 97 107 97 32 50 48 50 54 46 10 75 111 109 112 114 101 115 105 106 97 32 105 32 122 97 115 116 105 116 97 32 112 111 100 97 116 97 107 97 32 50 48 50 54 ]: Kod 3047
BAJT [107 97 32 50 48 50 54 46 10 75 111 109 112 114 101 115 105 106 97 32 105 32 122 97 115 116 105 116 97 32 112 111 100 97 116 97 107 97 32 50 48 50 54 46 10 75 111 109 112 114 101 115 105 106 97 32 105 32 122 97 115 116 105 116 97 32 112 111 100 97 116 97 107 97 32 50 48 50 54 46 ]: Kod 3100
BAJT [107 97 32 50 48 50 54 46 10 75 111 109 112 114 101 115 105 106 97 32 105 32 122 97 115 116 105 116 97 32 112 111 100 97 116 97 107 97 32 50 48 50 54 46 10 75 111 109 112 114 101 115 105 106 97 32 105 32 122 97 115 116 105 116 97 32 112 111 100 97 116 97 107 97 32 50 48 50 54 46 10 ]: Kod 3105
BAJT [107 97 32 50 48 50 54 46 10 75 111 109 112 114 101 115 105 106 97 32 105 32 122 97 115 116 105 116 97 32 112 111 100 97 116 97 107 97 32 50 48 50 54 46 10 75 111 109 112 114 101 115 105 106 97 32 105 32 122 97 115 116 105 116 97 32 112 111 100 97 116 97 107 97 32 50 48 50 54 46 10 75 ]: Kod 3136
BAJT [107 97 32 50 48 50 54 46 10 75 111 109 112 114 101 115 105 106 97 32 105 32 122 97 115 116 105 116 97 32 112 111 100 97 116 97 107 97 32 50 48 50 54 46 10 75 111 109 112 114 101 115 105 106 97 32 105 32 122 97 115 116 105 116 97 32 112 111 100 97 116 97 107 97 32 50 48 50 54 46 10 75 111 ]: Kod 3197
BAJT [107 97 32 50 48 50 54 46 10 75 111 109 112 114 101 115 105 106 97 32 105 32 122 97 115 116 105 116 97 32 112 111 100 97 116 97 107 97 32 50 48 50 54 46 10 75 111 109 112 114 101 115 105 106 97 32 105 32 122 97 115 116 105 116 97 32 112 111 100 97 116 97 107 97 32 50 48 50 54 46 10 75 111 109 ]: Kod 3227
BAJT [107 97 32 50 48 50 54 46 10 75 111 109 112 114 101 115 105 106 97 32 105 32 122 97 115 116 105 116 97 32 112 111 100 97 116 97 107 97 32 50 48 50 54 46 10 75 111 109 112 114 101 115 105 106 97 32 105 32 122 97 115 116 105 116 97 32 112 111 100 97 116 97 107 97 32 50 48 50 54 46 10 75 111 109 112 ]: Kod 3255
BAJT [107 97 32 50 48 50 54 46 10 75 111 109 112 114 101 115 105 106 97 32 105 32 122 97 115 116 105 116 97 32 112 111 100 97 116 97 107 97 32 50 48 50 54 46 10 75 111 109 112 114 101 115 105 106 97 32 105 32 122 97 115 116 105 116 97 32 112 111 100 97 116 97 107 97 32 50 48 50 54 46 10 75 111 109 112 114 ]: Kod 3290
BAJT [107 97 32 50 48 50 54 46 10 75 111 109 112 114 101 115 105 106 97 32 105 32 122 97 115 116 105 116 97 32 112 111 100 97 116 97 107 97 32 50 48 50 54 46 10 75 111 109 112 114 101 115 105 106 97 32 105 32 122 97 115 116 105 116 97 32 112 111 100 97 116 97 107 97 32 50 48 50 54 46 10 75 111 109 112 114 101 ]: Kod 3320
BAJT [107 97 32 50 48 50 54 46 10 75 111 109 112 114 101 115 105 106 97 32 105 32 122 97 115 116 105 116 97 32 112 111 100 97 116 97 107 97 32 50 48 50 54 46 10 75 111 109 112 114 101 115 105 106 97 32 105 32 122 97 115 116 105 116 97 32 112 111 100 97 116 97 107 97 32 50 48 50 54 46 10 75 111 109 112 114 101 115 ]: Kod 3358
BAJT [107 97 32 50 48 50 54 46 10 75 111 109 112 114 101 115 105 106 97 32 105 32 122 97 115 116 105 116 97 32 112 111 100 97 116 97 107 97 32 50 48 50 54 46 10 75 111 109 112 114 101 115 105 106 97 32 105 32 122 97 115 116 105 116 97 32 112 111 100 97 116 97 107 97 32 50 48 50 54 46 10 75 111 109 112 114 101 115 105 ]: Kod 3416
BAJT [107 97 32 50 48 50 54 46 10 75 111 109 112 114 101 115 105 106 97 32 105 32 122 97 115 116 105 116 97 32 112 111 100 97 116 97 107 97 32 50 48 50 54 46 10 75 111 109 112 114 101 115 105 106 97 32 105 32 122 97 115 116 105 116 97 32 112 111 100 97 116 97 107 97 32 50 48 50 54 46 10 75 111 109 112 114 101 115 105 106 ]: Kod 3431
BAJT [107 97 32 50 48 50 54 46 10 75 111 109 112 114 101 115 105 106 97 32 105 32 122 97 115 116 105 116 97 32 112 111 100 97 116 97 107 97 32 50 48 50 54 46 10 75 111 109 112 114 101 115 105 106 97 32 105 32 122 97 115 116 105 116 97 32 112 111 100 97 116 97 107 97 32 50 48 50 54 46 10 75 111 109 112 114 101 115 105 106 97 ]: Kod 3484
BAJT [107 97 32 50 48 50 54 46 10 75 111 109 112 114 101 115 105 106 97 32 105 32 122 97 115 116 105 116 97 32 112 111 100 97 116 97 107 97 32 50 48 50 54 46 10 75 111 109 112 114 101 115 105 106 97 32 105 32 122 97 115 116 105 116 97 32 112 111 100 97 116 97 107 97 32 50 48 50 54 46 10 75 111 109 112 114 101 115 105 106 97 32 ]: Kod 3486
BAJT [107 97 32 50 48 50 54 46 10 75 111 109 112 114 101 115 105 106 97 32 105 32 122 97 115 116 105 116 97 32 112 111 100 97 116 97 107 97 32 50 48 50 54 46 10 75 111 109 112 114 101 115 105 106 97 32 105 32 122 97 115 116 105 116 97 32 112 111 100 97 116 97 107 97 32 50 48 50 54 46 10 75 111 109 112 114 101 115 105 106 97 32 105 ]: Kod 3534
BAJT [107 97 32 50 48 50 54 46 10 75 111 109 112 114 101 115 105 106 97 32 105 32 122 97 115 116 105 116 97 32 112 111 100 97 116 97 107 97 32 50 48 50 54 46 10 75 111 109 112 114 101 115 105 106 97 32 105 32 122 97 115 116 105 116 97 32 112 111 100 97 116 97 107 97 32 50 48 50 54 46 10 75 111 109 112 114 101 115 105 106 97 32 105 32 ]: Kod 3568
BAJT [107 97 32 50 48 50 54 46 10 75 111 109 112 114 101 115 105 106 97 32 105 32 122 97 115 116 105 116 97 32 112 111 100 97 116 97 107 97 32 50 48 50 54 46 10 75 111 109 112 114 101 115 105 106 97 32 105 32 122 97 115 116 105 116 97 32 112 111 100 97 116 97 107 97 32 50 48 50 54 46 10 75 111 109 112 114 101 115 105 106 97 32 105 32 122 ]: Kod 3630
BAJT [107 97 32 50 48 50 54 46 10 75 111 109 112 114 101 115 105 106 97 32 105 32 122 97 115 116 105 116 97 32 112 111 100 97 116 97 107 97 32 50 48 50 54 46 10 75 111 109 112 114 101 115 105 106 97 32 105 32 122 97 115 116 105 116 97 32 112 111 100 97 116 97 107 97 32 50 48 50 54 46 10 75 111 109 112 114 101 115 105 106 97 32 105 32 122 97 ]: Kod 3671
BAJT [107 97 32 50 48 50 54 46 10 75 111 109 112 114 101 115 105 106 97 32 105 32 122 97 115 116 105 116 97 32 112 111 100 97 116 97 107 97 32 50 48 50 54 46 10 75 111 109 112 114 101 115 105 106 97 32 105 32 122 97 115 116 105 116 97 32 112 111 100 97 116 97 107 97 32 50 48 50 54 46 10 75 111 109 112 114 101 115 105 106 97 32 105 32 122 97 115 ]: Kod 3686
BAJT [107 97 32 50 48 50 54 46 10 75 111 109 112 114 101 115 105 106 97 32 105 32 122 97 115 116 105 116 97 32 112 111 100 97 116 97 107 97 32 50 48 50 54 46 10 75 111 109 112 114 101 115 105 106 97 32 105 32 122 97 115 116 105 116 97 32 112 111 100 97 116 97 107 97 32 50 48 50 54 46 10 75 111 109 112 114 101 115 105 106 97 32 105 32 122 97 115 116 ]: Kod 3736
BAJT [107 97 32 50 48 50 54 46 10 75 111 109 112 114 101 115 105 106 97 32 105 32 122 97 115 116 105 116 97 32 112 111 100 97 116 97 107 97 32 50 48 50 54 46 10 75 111 109 112 114 101 115 105 106 97 32 105 32 122 97 115 116 105 116 97 32 112 111 100 97 116 97 107 97 32 50 48 50 54 46 10 75 111 109 112 114 101 115 105 106 97 32 105 32 122 97 115 116 105 ]: Kod 3753
BAJT [107 97 32 50 48 50 54 46 10 75 111 109 112 114 101 115 105 106 97 32 105 32 122 97 115 116 105 116 97 32 112 111 100 97 116 97 107 97 32 50 48 50 54 46 10 75 111 109 112 114 101 115 105 106 97 32 105 32 122 97 115 116 105 116 97 32 112 111 100 97 116 97 107 97 32 50 48 50 54 46 10 75 111 109 112 114 101 115 105 106 97 32 105 32 122 97 115 116 105 116 ]: Kod 3782
BAJT [107 97 32 50 48 50 54 46 10 75 111 109 112 114 101 115 105 106 97 32 105 32 122 97 115 116 105 116 97 32 112 111 100 97 116 97 107 97 32 50 48 50 54 46 10 75 111 109 112 114 101 115 105 106 97 32 105 32 122 97 115 116 105 116 97 32 112 111 100 97 116 97 107 97 32 50 48 50 54 46 10 75 111 109 112 114 101 115 105 106 97 32 105 32 122 97 115 116 105 116 97 ]: Kod 3845
BAJT [107 97 32 50 48 50 54 46 10 75 111 109 112 114 101 115 105 106 97 32 105 32 122 97 115 116 105 116 97 32 112 111 100 97 116 97 107 97 32 50 48 50 54 46 10 75 111 109 112 114 101 115 105 106 97 32 105 32 122 97 115 116 105 116 97 32 112 111 100 97 116 97 107 97 32 50 48 50 54 46 10 75 111 109 112 114 101 115 105 106 97 32 105 32 122 97 115 116 105 116 97 32 ]: Kod 3891
BAJT [107 97 32 50 48 50 54 46 10 75 111 109 112 114 101 115 105 106 97 32 105 32 122 97 115 116 105 116 97 32 112 111 100 97 116 97 107 97 32 50 48 50 54 46 10 75 111 109 112 114 101 115 105 106 97 32 105 32 122 97 115 116 105 116 97 32 112 111 100 97 116 97 107 97 32 50 48 50 54 46 10 75 111 109 112 114 101 115 105 106 97 32 105 32 122 97 115 116 105 116 97 32 112 ]: Kod 3915
BAJT [107 97 32 50 48 50 54 46 10 75 111 109 112 114 101 115 105 106 97 32 105 32 122 97 115 116 105 116 97 32 112 111 100 97 116 97 107 97 32 50 48 50 54 46 10 75 111 109 112 114 101 115 105 106 97 32 105 32 122 97 115 116 105 116 97 32 112 111 100 97 116 97 107 97 32 50 48 50 54 46 10 75 111 109 112 114 101 115 105 106 97 32 105 32 122 97 115 116 105 116 97 32 112 111 ]: Kod 3941
BAJT [107 97 32 50 48 50 54 46 10 75 111 109 112 114 101 115 105 106 97 32 105 32 122 97 115 116 105 116 97 32 112 111 100 97 116 97 107 97 32 50 48 50 54 46 10 75 111 109 112 114 101 115 105 106 97 32 105 32 122 97 115 116 105 116 97 32 112 111 100 97 116 97 107 97 32 50 48 50 54 46 10 75 111 109 112 114 101 115 105 106 97 32 105 32 122 97 115 116 105 116 97 32 112 111 100 ]: Kod 3990
BAJT [107 97 32 50 48 50 54 46 10 75 111 109 112 114 101 115 105 106 97 32 105 32 122 97 115 116 105 116 97 32 112 111 100 97 116 97 107 97 32 50 48 50 54 46 10 75 111 109 112 114 101 115 105 106 97 32 105 32 122 97 115 116 105 116 97 32 112 111 100 97 116 97 107 97 32 50 48 50 54 46 10 75 111 109 112 114 101 115 105 106 97 32 105 32 122 97 115 116 105 116 97 32 112 111 100 97 ]: Kod 4000
BAJT [107 97 32 50 48 50 54 46 10 75 111 109 112 114 101 115 105 106 97 32 105 32 122 97 115 116 105 116 97 32 112 111 100 97 116 97 107 97 32 50 48 50 54 46 10 75 111 109 112 114 101 115 105 106 97 32 105 32 122 97 115 116 105 116 97 32 112 111 100 97 116 97 107 97 32 50 48 50 54 46 10 75 111 109 112 114 101 115 105 106 97 32 105 32 122 97 115 116 105 116 97 32 112 111 100 97 116 ]: Kod 4038
BAJT [107 97 32 50 48 50 54 46 10 75 111 109 112 114 101 115 105 106 97 32 105 32 122 97 115 116 105 116 97 32 112 111 100 97 116 97 107 97 32 50 48 50 54 46 10 75 111 109 112 114 101 115 105 106 97 32 105 32 122 97 115 116 105 116 97 32 112 111 100 97 116 97 107 97 32 50 48 50 54 46 10 75 111 109 112 114 101 115 105 106 97 32 105 32 122 97 115 116 105 116 97 32 112 111 100 97 116 97 ]: Kod 4077
BAJT [108 ]: Kod 108
BAJT [109 ]: Kod 109
BAJT [109 112 ]: Kod 258
BAJT [109 112 114 ]: Kod 290
BAJT [109 112 114 101 ]: Kod 349
BAJT [109 112 114 101 115 ]: Kod 388
BAJT [109 112 114 101 115 105 ]: Kod 405
BAJT [109 112 114 101 115 105 106 ]: Kod 451
BAJT [109 112 114 101 115 105 106 97 ]: Kod 490
BAJT [109 112 114 101 115 105 106 97 32 ]: Kod 532
BAJT [109 112 114 101 115 105 106 97 32 105 ]: Kod 553
BAJT [109 112 114 101 115 105 106 97 32 105 32 ]: Kod 557
BAJT [109 112 114 101 115 105 106 97 32 105 32 122 ]: Kod 636
BAJT [109 112 114 101 115 105 106 97 32 105 32 122 97 ]: Kod 655
BAJT [109 112 114 101 115 105 106 97 32 105 32 122 97 115 ]: Kod 661
BAJT [109 112 114 101 115 105 106 97 32 105 32 122 97 115 116 ]: Kod 752
BAJT [109 112 114 101 115 105 106 97 32 105 32 122 97 115 116 105 ]: Kod 781
BAJT [109 112 114 101 115 105 106 97 32 105 32 122 97 115 116 105 116 ]: Kod 802
BAJT [109 112 114 101 115 105 106 97 32 105 32 122 97 115 116 105 116 97 ]: Kod 863
BAJT [109 112 114 101 115 105 106 97 32 105 32 122 97 115 116 105 116 97 32 ]: Kod 869
BAJT [109 112 114 101 115 105 106 97 32 105 32 122 97 115 116 105 116 97 32 112 ]: Kod 922
BAJT [109 112 114 101 115 105 106 97 32 105 32 122 97 115 116 105 116 97 32 112 111 ]: Kod 964
BAJT [109 112 114 101 115 105 106 97 32 105 32 122 97 115 116 105 116 97 32 112 111 100 ]: Kod 997
BAJT [109 112 114 101 115 105 106 97 32 105 32 122 97 115 116 105 116 97 32 112 111 100 97 ]: Kod 1014
BAJT [109 112 114 101 115 105 106 97 32 105 32 122 97 115 116 105 116 97 32 112 111 100 97 116 ]: Kod 1053
BAJT [109 112 114 101 115 105 106 97 32 105 32 122 97 115 116 105 116 97 32 112 111 100 97 116 97 ]: Kod 1087
BAJT [109 112 114 101 115 105 106 97 32 105 32 122 97 115 116 105 116 97 32 112 111 100 97 116 97 107 ]: Kod 1143
BAJT [109 112 114 101 115 105 106 97 32 105 32 122 97 115 116 105 116 97 32 112 111 100 97 116 97 107 97 ]: Kod 1185
BAJT [109 112 114 101 115 105 106 97 32 105 32 122 97 115 116 105 116 97 32 112 111 100 97 116 97 107 97 32 ]: Kod 1230
BAJT [109 112 114 101 115 105 106 97 32 105 32 122 97 115 116 105 116 97 32 112 111 100 97 116 97 107 97 32 50 ]: Kod 1234
BAJT [109 112 114 101 115 105 106 97 32 105 32 122 97 115 116 105 116 97 32 112 111 100 97 116 97 107 97 32 50 48 ]: Kod 1271
BAJT [109 112 114 101 115 105 106 97 32 105 32 122 97 115 116 105 116 97 32 112 111 100 97 116 97 107 97 32 50 48 50 ]: Kod 1315
BAJT [109 112 114 101 115 105 106 97 32 105 32 122 97 115 116 105 116 97 32 112 111 100 97 116 97 107 97 32 50 48 50 54 ]: Kod 1354
BAJT [109 112 114 101 115 105 106 97 32 105 32 122 97 115 116 105 116 97 32 112 111 100 97 116 97 107 97 32 50 48 50 54 46 ]: Kod 1378
BAJT [109 112 114 101 115 105 106 97 32 105 32 122 97 115 116 105 116 97 32 112 111 100 97 116 97 107 97 32 50 48 50 54 46 10 ]: Kod 1429
BAJT [109 112 114 101 115 105 106 97 32 105 32 122 97 115 116 105 116 97 32 112 111 100 97 116 97 107 97 32 50 48 50 54 46 10 75 ]: Kod 1476
BAJT [109 112 114 101 115 105 106 97 32 105 32 122 97 115 116 105 116 97 32 112 111 100 97 116 97 107 97 32 50 48 50 54 46 10 75 111 ]: Kod 1508
BAJT [109 112 114 101 115 105 106 97 32 105 32 122 97 115 116 105 116 97 32 112 111 100 97 116 97 107 97 32 50 48 50 54 46 10 75 111 109 ]: Kod 1514
BAJT [109 112 114 101 115 105 106 97 32 105 32 122 97 115 116 105 116 97 32 112 111 100 97 116 97 107 97 32 50 48 50 54 46 10 75 111 109 112 ]: Kod 1515
BAJT [109 112 114 101 115 105 106 97 32 105 32 122 97 115 116 105 116 97 32 112 111 100 97 116 97 107 97 32 50 48 50 54 46 10 75 111 109 112 114 ]: Kod 1583
BAJT [109 112 114 101 115 105 106 97 32 105 32 122 97 115 116 105 116 97 32 112 111 100 97 116 97 107 97 32 50 48 50 54 46 10 75 111 109 112 114 101 ]: Kod 1645
BAJT [109 112 114 101 115 105 106 97 32 105 32 122 97 115 116 105 116 97 32 112 111 100 97 116 97 107 97 32 50 48 50 54 46 10 75 111 109 112 114 101 115 ]: Kod 1684
BAJT [109 112 114 101 115 105 106 97 32 105 32 122 97 115 116 105 116 97 32 112 111 100 97 116 97 107 97 32 50 48 50 54 46 10 75 111 109 112 114 101 115 105 ]: Kod 1701
BAJT [109 112 114 101 115 105 106 97 32 105 32 122 97 115 116 105 116 97 32 112 111 100 97 116 97 107 97 32 50 48 50 54 46 10 75 111 109 112 114 101 115 105 106 ]: Kod 1747
BAJT [109 112 114 101 115 105 106 97 32 105 32 122 97 115 116 105 116 97 32 112 111 100 97 116 97 107 97 32 50 48 50 54 46 10 75 111 109 112 114 101 115 105 106 97 ]: Kod 1786
BAJT [109 112 114 101 115 105 106 97 32 105 32 122 97 115 116 105 116 97 32 112 111 100 97 116 97 107 97 32 50 48 50 54 46 10 75 111 109 112 114 101 115 105 106 97 32 ]: Kod 1828
BAJT [109 112 114 101 115 105 106 97 32 105 32 122 97 115 116 105 116 97 32 112 111 100 97 116 97 107 97 32 50 48 50 54 46 10 75 111 109 112 114 101 115 105 106 97 32 105 ]: Kod 1849
BAJT [109 112 114 101 115 105 106 97 32 105 32 122 97 115 116 105 116 97 32 112 111 100 97 116 97 107 97 32 50 48 50 54 46 10 75 111 109 112 114 101 115 105 106 97 32 105 32 ]: Kod 1853
BAJT [109 112 114 101 115 105 106 97 32 105 32 122 97 115 116 105 116 97 32 112 111 100 97 116 97 107 97 32 50 48 50 54 46 10 75 111 109 112 114 101 115 105 106 97 32 105 32 122 ]: Kod 1932
BAJT [109 112 114 101 115 105 106 97 32 105 32 122 97 115 116 105 116 97 32 112 111 100 97 116 97 107 97 32 50 48 50 54 46 10 75 111 109 112 114 101 115 105 106 97 32 105 32 122 97 ]: Kod 1951
BAJT [109 112 114 101 115 105 106 97 32 105 32 122 97 115 116 105 116 97 32 112 111 100 97 116 97 107 97 32 50 48 50 54 46 10 75 111 109 112 114 101 115 105 106 97 32 105 32 122 97 115 ]: Kod 1957
BAJT [109 112 114 101 115 105 106 97 32 105 32 122 97 115 116 105 116 97 32 112 111 100 97 116 97 107 97 32 50 48 50 54 46 10 75 111 109 112 114 101 115 105 106 97 32 105 32 122 97 115 116 ]: Kod 2048
BAJT [109 112 114 101 115 105 106 97 32 105 32 122 97 115 116 105 116 97 32 112 111 100 97 116 97 107 97 32 50 48 50 54 46 10 75 111 109 112 114 101 115 105 106 97 32 105 32 122 97 115 116 105 ]: Kod 2077
BAJT [109 112 114 101 115 105 106 97 32 105 32 122 97 115 116 105 116 97 32 112 111 100 97 116 97 107 97 32 50 48 50 54 46 10 75 111 109 112 114 101 115 105 106 97 32 105 32 122 97 115 116 105 116 ]: Kod 2098
BAJT [109 112 114 101 115 105 106 97 32 105 32 122 97 115 116 105 116 97 32 112 111 100 97 116 97 107 97 32 50 48 50 54 46 10 75 111 109 112 114 101 115 105 106 97 32 105 32 122 97 115 116 105 116 97 ]: Kod 2159
BAJT [109 112 114 101 115 105 106 97 32 105 32 122 97 115 116 105 116 97 32 112 111 100 97 116 97 107 97 32 50 48 50 54 46 10 75 111 109 112 114 101 115 105 106 97 32 105 32 122 97 115 116 105 116 97 32 ]: Kod 2165
BAJT [109 112 114 101 115 105 106 97 32 105 32 122 97 115 116 105 116 97 32 112 111 100 97 116 97 107 97 32 50 48 50 54 46 10 75 111 109 112 114 101 115 105 106 97 32 105 32 122 97 115 116 105 116 97 32 112 ]: Kod 2218
BAJT [109 112 114 101 115 105 106 97 32 105 32 122 97 115 116 105 116 97 32 112 111 100 97 116 97 107 97 32 50 48 50 54 46 10 75 111 109 112 114 101 115 105 106 97 32 105 32 122 97 115 116 105 116 97 32 112 111 ]: Kod 2260
BAJT [109 112 114 101 115 105 106 97 32 105 32 122 97 115 116 105 116 97 32 112 111 100 97 116 97 107 97 32 50 48 50 54 46 10 75 111 109 112 114 101 115 105 106 97 32 105 32 122 97 115 116 105 116 97 32 112 111 100 ]: Kod 2293
BAJT [109 112 114 101 115 105 106 97 32 105 32 122 97 115 116 105 116 97 32 112 111 100 97 116 97 107 97 32 50 48 50 54 46 10 75 111 109 112 114 101 115 105 106 97 32 105 32 122 97 115 116 105 116 97 32 112 111 100 97 ]: Kod 2310
BAJT [109 112 114 101 115 105 106 97 32 105 32 122 97 115 116 105 116 97 32 112 111 100 97 116 97 107 97 32 50 48 50 54 46 10 75 111 109 112 114 101 115 105 106 97 32 105 32 122 97 115 116 105 116 97 32 112 111 100 97 116 ]: Kod 2349
BAJT [109 112 114 101 115 105 106 97 32 105 32 122 97 115 116 105 116 97 32 112 111 100 97 116 97 107 97 32 50 48 50 54 46 10 75 111 109 112 114 101 115 105 106 97 32 105 32 122 97 115 116 105 116 97 32 112 111 100 97 116 97 ]: Kod 2383
BAJT [109 112 114 101 115 105 106 97 32 105 32 122 97 115 116 105 116 97 32 112 111 100 97 116 97 107 97 32 50 48 50 54 46 10 75 111 109 112 114 101 115 105 106 97 32 105 32 122 97 115 116 105 116 97 32 112 111 100 97 116 97 107 ]: Kod 2439
BAJT [109 112 114 101 115 105 106 97 32 105 32 122 97 115 116 105 116 97 32 112 111 100 97 116 97 107 97 32 50 48 50 54 46 10 75 111 109 112 114 101 115 105 106 97 32 105 32 122 97 115 116 105 116 97 32 112 111 100 97 116 97 107 97 ]: Kod 2481
BAJT [109 112 114 101 115 105 106 97 32 105 32 122 97 115 116 105 116 97 32 112 111 100 97 116 97 107 97 32 50 48 50 54 46 10 75 111 109 112 114 101 115 105 106 97 32 105 32 122 97 115 116 105 116 97 32 112 111 100 97 116 97 107 97 32 ]: Kod 2526
BAJT [109 112 114 101 115 105 106 97 32 105 32 122 97 115 116 105 116 97 32 112 111 100 97 116 97 107 97 32 50 48 50 54 46 10 75 111 109 112 114 101 115 105 106 97 32 105 32 122 97 115 116 105 116 97 32 112 111 100 97 116 97 107 97 32 50 ]: Kod 2530
BAJT [109 112 114 101 115 105 106 97 32 105 32 122 97 115 116 105 116 97 32 112 111 100 97 116 97 107 97 32 50 48 50 54 46 10 75 111 109 112 114 101 115 105 106 97 32 105 32 122 97 115 116 105 116 97 32 112 111 100 97 116 97 107 97 32 50 48 ]: Kod 2567
BAJT [109 112 114 101 115 105 106 97 32 105 32 122 97 115 116 105 116 97 32 112 111 100 97 116 97 107 97 32 50 48 50 54 46 10 75 111 109 112 114 101 115 105 106 97 32 105 32 122 97 115 116 105 116 97 32 112 111 100 97 116 97 107 97 32 50 48 50 ]: Kod 2611
BAJT [109 112 114 101 115 105 106 97 32 105 32 122 97 115 116 105 116 97 32 112 111 100 97 116 97 107 97 32 50 48 50 54 46 10 75 111 109 112 114 101 115 105 106 97 32 105 32 122 97 115 116 105 116 97 32 112 111 100 97 116 97 107 97 32 50 48 50 54 ]: Kod 2650
BAJT [109 112 114 101 115 105 106 97 32 105 32 122 97 115 116 105 116 97 32 112 111 100 97 116 97 107 97 32 50 48 50 54 46 10 75 111 109 112 114 101 115 105 106 97 32 105 32 122 97 115 116 105 116 97 32 112 111 100 97 116 97 107 97 32 50 48 50 54 46 ]: Kod 2674
BAJT [109 112 114 101 115 105 106 97 32 105 32 122 97 115 116 105 116 97 32 112 111 100 97 116 97 107 97 32 50 48 50 54 46 10 75 111 109 112 114 101 115 105 106 97 32 105 32 122 97 115 116 105 116 97 32 112 111 100 97 116 97 107 97 32 50 48 50 54 46 10 ]: Kod 2725
BAJT [109 112 114 101 115 105 106 97 32 105 32 122 97 115 116 105 116 97 32 112 111 100 97 116 97 107 97 32 50 48 50 54 46 10 75 111 109 112 114 101 115 105 106 97 32 105 32 122 97 115 116 105 116 97 32 112 111 100 97 116 97 107 97 32 50 48 50 54 46 10 75 ]: Kod 2772
BAJT [109 112 114 101 115 105 106 97 32 105 32 122 97 115 116 105 116 97 32 112 111 100 97 116 97 107 97 32 50 48 50 54 46 10 75 111 109 112 114 101 115 105 106 97 32 105 32 122 97 115 116 105 116 97 32 112 111 100 97 116 97 107 97 32 50 48 50 54 46 10 75 111 ]: Kod 2804
BAJT [109 112 114 101 115 105 106 97 32 105 32 122 97 115 116 105 116 97 32 112 111 100 97 116 97 107 97 32 50 48 50 54 46 10 75 111 109 112 114 101 115 105 106 97 32 105 32 122 97 115 116 105 116 97 32 112 111 100 97 116 97 107 97 32 50 48 50 54 46 10 75 111 109 ]: Kod 2810
BAJT [109 112 114 101 115 105 106 97 32 105 32 122 97 115 116 105 116 97 32 112 111 100 97 116 97 107 97 32 50 48 50 54 46 10 75 111 109 112 114 101 115 105 106 97 32 105 32 122 97 115 116 105 116 97 32 112 111 100 97 116 97 107 97 32 50 48 50 54 46 10 75 111 109 112 ]: Kod 2811
BAJT [109 112 114 101 115 105 106 97 32 105 32 122 97 115 116 105 116 97 32 112 111 100 97 116 97 107 97 32 50 48 50 54 46 10 75 111 109 112 114 101 115 105 106 97 32 105 32 122 97 115 116 105 116 97 32 112 111 100 97 116 97 107 97 32 50 48 50 54 46 10 75 111 109 112 114 ]: Kod 2879
BAJT [109 112 114 101 115 105 106 97 32 105 32 122 97 115 116 105 116 97 32 112 111 100 97 116 97 107 97 32 50 48 50 54 46 10 75 111 109 112 114 101 115 105 106 97 32 105 32 122 97 115 116 105 116 97 32 112 111 100 97 116 97 107 97 32 50 48 50 54 46 10 75 111 109 112 114 101 ]: Kod 2941
BAJT [109 112 114 101 115 105 106 97 32 105 32 122 97 115 116 105 116 97 32 112 111 100 97 116 97 107 97 32 50 48 50 54 46 10 75 111 109 112 114 101 115 105 106 97 32 105 32 122 97 115 116 105 116 97 32 112 111 100 97 116 97 107 97 32 50 48 50 54 46 10 75 111 109 112 114 101 115 ]: Kod 2980
BAJT [109 112 114 101 115 105 106 97 32 105 32 122 97 115 116 105 116 97 32 112 111 100 97 116 97 107 97 32 50 48 50 54 46 10 75 111 109 112 114 101 115 105 106 97 32 105 32 122 97 115 116 105 116 97 32 112 111 100 97 116 97 107 97 32 50 48 50 54 46 10 75 111 109 112 114 101 115 105 ]: Kod 2997
BAJT [109 112 114 101 115 105 106 97 32 105 32 122 97 115 116 105 116 97 32 112 111 100 97 116 97 107 97 32 50 48 50 54 46 10 75 111 109 112 114 101 115 105 106 97 32 105 32 122 97 115 116 105 116 97 32 112 111 100 97 116 97 107 97 32 50 48 50 54 46 10 75 111 109 112 114 101 115 105 106 ]: Kod 3043
BAJT [109 112 114 101 115 105 106 97 32 105 32 122 97 115 116 105 116 97 32 112 111 100 97 116 97 107 97 32 50 48 50 54 46 10 75 111 109 112 114 101 115 105 106 97 32 105 32 122 97 115 116 105 116 97 32 112 111 100 97 116 97 107 97 32 50 48 50 54 46 10 75 111 109 112 114 101 115 105 106 97 ]: Kod 3082
BAJT [109 112 114 101 115 105 106 97 32 105 32 122 97 115 116 105 116 97 32 112 111 100 97 116 97 107 97 32 50 48 50 54 46 10 75 111 109 112 114 101 115 105 106 97 32 105 32 122 97 115 116 105 116 97 32 112 111 100 97 116 97 107 97 32 50 48 50 54 46 10 75 111 109 112 114 101 115 105 106 97 32 ]: Kod 3124
BAJT [109 112 114 101 115 105 106 97 32 105 32 122 97 115 116 105 116 97 32 112 111 100 97 116 97 107 97 32 50 48 50 54 46 10 75 111 109 112 114 101 115 105 106 97 32 105 32 122 97 115 116 105 116 97 32 112 111 100 97 116 97 107 97 32 50 48 50 54 46 10 75 111 109 112 114 101 115 105 106 97 32 105 ]: Kod 3145
BAJT [109 112 114 101 115 105 106 97 32 105 32 122 97 115 116 105 116 97 32 112 111 100 97 116 97 107 97 32 50 48 50 54 46 10 75 111 109 112 114 101 115 105 106 97 32 105 32 122 97 115 116 105 116 97 32 112 111 100 97 116 97 107 97 32 50 48 50 54 46 10 75 111 109 112 114 101 115 105 106 97 32 105 32 ]: Kod 3149
BAJT [109 112 114 101 115 105 106 97 32 105 32 122 97 115 116 105 116 97 32 112 111 100 97 116 97 107 97 32 50 48 50 54 46 10 75 111 109 112 114 101 115 105 106 97 32 105 32 122 97 115 116 105 116 97 32 112 111 100 97 116 97 107 97 32 50 48 50 54 46 10 75 111 109 112 114 101 115 105 106 97 32 105 32 122 ]: Kod 3228
BAJT [109 112 114 101 115 105 106 97 32 105 32 122 97 115 116 105 116 97 32 112 111 100 97 116 97 107 97 32 50 48 50 54 46 10 75 111 109 112 114 101 115 105 106 97 32 105 32 122 97 115 116 105 116 97 32 112 111 100 97 116 97 107 97 32 50 48 50 54 46 10 75 111 109 112 114 101 115 105 106 97 32 105 32 122 97 ]: Kod 3247
BAJT [109 112 114 101 115 105 106 97 32 105 32 122 97 115 116 105 116 97 32 112 111 100 97 116 97 107 97 32 50 48 50 54 46 10 75 111 109 112 114 101 115 105 106 97 32 105 32 122 97 115 116 105 116 97 32 112 111 100 97 116 97 107 97 32 50 48 50 54 46 10 75 111 109 112 114 101 115 105 106 97 32 105 32 122 97 115 ]: Kod 3253
BAJT [109 112 114 101 115 105 106 97 32 105 32 122 97 115 116 105 116 97 32 112 111 100 97 116 97 107 97 32 50 48 50 54 46 10 75 111 109 112 114 101 115 105 106 97 32 105 32 122 97 115 116 105 116 97 32 112 111 100 97 116 97 107 97 32 50 48 50 54 46 10 75 111 109 112 114 101 115 105 106 97 32 105 32 122 97 115 116 ]: Kod 3344
BAJT [109 112 114 101 115 105 106 97 32 105 32 122 97 115 116 105 116 97 32 112 111 100 97 116 97 107 97 32 50 48 50 54 46 10 75 111 109 112 114 101 115 105 106 97 32 105 32 122 97 115 116 105 116 97 32 112 111 100 97 116 97 107 97 32 50 48 50 54 46 10 75 111 109 112 114 101 115 105 106 97 32 105 32 122 97 115 116 105 ]: Kod 3373
BAJT [109 112 114 101 115 105 106 97 32 105 32 122 97 115 116 105 116 97 32 112 111 100 97 116 97 107 97 32 50 48 50 54 46 10 75 111 109 112 114 101 115 105 106 97 32 105 32 122 97 115 116 105 116 97 32 112 111 100 97 116 97 107 97 32 50 48 50 54 46 10 75 111 109 112 114 101 115 105 106 97 32 105 32 122 97 115 116 105 116 ]: Kod 3394
BAJT [109 112 114 101 115 105 106 97 32 105 32 122 97 115 116 105 116 97 32 112 111 100 97 116 97 107 97 32 50 48 50 54 46 10 75 111 109 112 114 101 115 105 106 97 32 105 32 122 97 115 116 105 116 97 32 112 111 100 97 116 97 107 97 32 50 48 50 54 46 10 75 111 109 112 114 101 115 105 106 97 32 105 32 122 97 115 116 105 116 97 ]: Kod 3455
BAJT [109 112 114 101 115 105 106 97 32 105 32 122 97 115 116 105 116 97 32 112 111 100 97 116 97 107 97 32 50 48 50 54 46 10 75 111 109 112 114 101 115 105 106 97 32 105 32 122 97 115 116 105 116 97 32 112 111 100 97 116 97 107 97 32 50 48 50 54 46 10 75 111 109 112 114 101 115 105 106 97 32 105 32 122 97 115 116 105 116 97 32 ]: Kod 3461
BAJT [109 112 114 101 115 105 106 97 32 105 32 122 97 115 116 105 116 97 32 112 111 100 97 116 97 107 97 32 50 48 50 54 46 10 75 111 109 112 114 101 115 105 106 97 32 105 32 122 97 115 116 105 116 97 32 112 111 100 97 116 97 107 97 32 50 48 50 54 46 10 75 111 109 112 114 101 115 105 106 97 32 105 32 122 97 115 116 105 116 97 32 112 ]: Kod 3514
BAJT [109 112 114 101 115 105 106 97 32 105 32 122 97 115 116 105 116 97 32 112 111 100 97 116 97 107 97 32 50 48 50 54 46 10 75 111 109 112 114 101 115 105 106 97 32 105 32 122 97 115 116 105 116 97 32 112 111 100 97 116 97 107 97 32 50 48 50 54 46 10 75 111 109 112 114 101 115 105 106 97 32 105 32 122 97 115 116 105 116 97 32 112 111 ]: Kod 3556
BAJT [109 112 114 101 115 105 106 97 32 105 32 122 97 115 116 105 116 97 32 112 111 100 97 116 97 107 97 32 50 48 50 54 46 10 75 111 109 112 114 101 115 105 106 97 32 105 32 122 97 115 116 105 116 97 32 112 111 100 97 116 97 107 97 32 50 48 50 54 46 10 75 111 109 112 114 101 115 105 106 97 32 105 32 122 97 115 116 105 116 97 32 112 111 100 ]: Kod 3589
BAJT [109 112 114 101 115 105 106 97 32 105 32 122 97 115 116 105 116 97 32 112 111 100 97 116 97 107 97 32 50 48 50 54 46 10 75 111 109 112 114 101 115 105 106 97 32 105 32 122 97 115 116 105 116 97 32 112 111 100 97 116 97 107 97 32 50 48 50 54 46 10 75 111 109 112 114 101 115 105 106 97 32 105 32 122 97 115 116 105 116 97 32 112 111 100 97 ]: Kod 3606
BAJT [109 112 114 101 115 105 106 97 32 105 32 122 97 115 116 105 116 97 32 112 111 100 97 116 97 107 97 32 50 48 50 54 46 10 75 111 109 112 114 101 115 105 106 97 32 105 32 122 97 115 116 105 116 97 32 112 111 100 97 116 97 107 97 32 50 48 50 54 46 10 75 111 109 112 114 101 115 105 106 97 32 105 32 122 97 115 116 105 116 97 32 112 111 100 97 116 ]: Kod 3645
BAJT [109 112 114 101 115 105 106 97 32 105 32 122 97 115 116 105 116 97 32 112 111 100 97 116 97 107 97 32 50 48 50 54 46 10 75 111 109 112 114 101 115 105 106 97 32 105 32 122 97 115 116 105 116 97 32 112 111 100 97 116 97 107 97 32 50 48 50 54 46 10 75 111 109 112 114 101 115 105 106 97 32 105 32 122 97 115 116 105 116 97 32 112 111 100 97 116 97 ]: Kod 3679
BAJT [109 112 114 101 115 105 106 97 32 105 32 122 97 115 116 105 116 97 32 112 111 100 97 116 97 107 97 32 50 48 50 54 46 10 75 111 109 112 114 101 115 105 106 97 32 105 32 122 97 115 116 105 116 97 32 112 111 100 97 116 97 107 97 32 50 48 50 54 46 10 75 111 109 112 114 101 115 105 106 97 32 105 32 122 97 115 116 105 116 97 32 112 111 100 97 116 97 107 ]: Kod 3735
BAJT [109 112 114 101 115 105 106 97 32 105 32 122 97 115 116 105 116 97 32 112 111 100 97 116 97 107 97 32 50 48 50 54 46 10 75 111 109 112 114 101 115 105 106 97 32 105 32 122 97 115 116 105 116 97 32 112 111 100 97 116 97 107 97 32 50 48 50 54 46 10 75 111 109 112 114 101 115 105 106 97 32 105 32 122 97 115 116 105 116 97 32 112 111 100 97 116 97 107 97 ]: Kod 3777
BAJT [109 112 114 101 115 105 106 97 32 105 32 122 97 115 116 105 116 97 32 112 111 100 97 116 97 107 97 32 50 48 50 54 46 10 75 111 109 112 114 101 115 105 106 97 32 105 32 122 97 115 116 105 116 97 32 112 111 100 97 116 97 107 97 32 50 48 50 54 46 10 75 111 109 112 114 101 115 105 106 97 32 105 32 122 97 115 116 105 116 97 32 112 111 100 97 116 97 107 97 32 ]: Kod 3822
BAJT [109 112 114 101 115 105 106 97 32 105 32 122 97 115 116 105 116 97 32 112 111 100 97 116 97 107 97 32 50 48 50 54 46 10 75 111 109 112 114 101 115 105 106 97 32 105 32 122 97 115 116 105 116 97 32 112 111 100 97 116 97 107 97 32 50 48 50 54 46 10 75 111 109 112 114 101 115 105 106 97 32 105 32 122 97 115 116 105 116 97 32 112 111 100 97 116 97 107 97 32 50 ]: Kod 3826
BAJT [109 112 114 101 115 105 106 97 32 105 32 122 97 115 116 105 116 97 32 112 111 100 97 116 97 107 97 32 50 48 50 54 46 10 75 111 109 112 114 101 115 105 106 97 32 105 32 122 97 115 116 105 116 97 32 112 111 100 97 116 97 107 97 32 50 48 50 54 46 10 75 111 109 112 114 101 115 105 106 97 32 105 32 122 97 115 116 105 116 97 32 112 111 100 97 116 97 107 97 32 50 48 ]: Kod 3863
BAJT [109 112 114 101 115 105 106 97 32 105 32 122 97 115 116 105 116 97 32 112 111 100 97 116 97 107 97 32 50 48 50 54 46 10 75 111 109 112 114 101 115 105 106 97 32 105 32 122 97 115 116 105 116 97 32 112 111 100 97 116 97 107 97 32 50 48 50 54 46 10 75 111 109 112 114 101 115 105 106 97 32 105 32 122 97 115 116 105 116 97 32 112 111 100 97 116 97 107 97 32 50 48 50 ]: Kod 3907
BAJT [109 112 114 101 115 105 106 97 32 105 32 122 97 115 116 105 116 97 32 112 111 100 97 116 97 107 97 32 50 48 50 54 46 10 75 111 109 112 114 101 115 105 106 97 32 105 32 122 97 115 116 105 116 97 32 112 111 100 97 116 97 107 97 32 50 48 50 54 46 10 75 111 109 112 114 101 115 105 106 97 32 105 32 122 97 115 116 105 116 97 32 112 111 100 97 116 97 107 97 32 50 48 50 54 ]: Kod 3946
BAJT [109 112 114 101 115 105 106 97 32 105 32 122 97 115 116 105 116 97 32 112 111 100 97 116 97 107 97 32 50 48 50 54 46 10 75 111 109 112 114 101 115 105 106 97 32 105 32 122 97 115 116 105 116 97 32 112 111 100 97 116 97 107 97 32 50 48 50 54 46 10 75 111 109 112 114 101 115 105 106 97 32 105 32 122 97 115 116 105 116 97 32 112 111 100 97 116 97 107 97 32 50 48 50 54 46 ]: Kod 3970
BAJT [109 112 114 101 115 105 106 97 32 105 32 122 97 115 116 105 116 97 32 112 111 100 97 116 97 107 97 32 50 48 50 54 46 10 75 111 109 112 114 101 115 105 106 97 32 105 32 122 97 115 116 105 116 97 32 112 111 100 97 116 97 107 97 32 50 48 50 54 46 10 75 111 109 112 114 101 115 105 106 97 32 105 32 122 97 115 116 105 116 97 32 112 111 100 97 116 97 107 97 32 50 48 50 54 46 10 ]: Kod 4021
BAJT [109 112 114 101 115 105 106 97 32 105 32 122 97 115 116 105 116 97 32 112 111 100 97 116 97 107 97 32 50 48 50 54 46 10 75 111 109 112 114 101 115 105 106 97 32 105 32 122 97 115 116 105 116 97 32 112 111 100 97 116 97 107 97 32 50 48 50 54 46 10 75 111 109 112 114 101 115 105 106 97 32 105 32 122 97 115 116 105 116 97 32 112 111 100 97 116 97 107 97 32 50 48 50 54 46 10 75 ]: Kod 4068
BAJT [110 ]: Kod 110
BAJT [111 ]: Kod 111
BAJT [111 100 ]: Kod 277
BAJT [111 100 97 ]: Kod 317
BAJT [111 100 97 116 ]: Kod 356
BAJT [111 100 97 116 97 ]: Kod 393
BAJT [111 100 97 116 97 107 ]: Kod 409
BAJT [111 100 97 116 97 107 97 ]: Kod 472
BAJT [111 100 97 116 97 107 97 32 ]: Kod 477
BAJT [111 100 97 116 97 107 97 32 50 ]: Kod 530
BAJT [111 100 97 116 97 107 97 32 50 48 ]: Kod 563
BAJT [111 100 97 116 97 107 97 32 50 48 50 ]: Kod 567
BAJT [111 100 97 116 97 107 97 32 50 48 50 54 ]: Kod 615
BAJT [111 100 97 116 97 107 97 32 50 48 50 54 46 ]: Kod 689
BAJT [111 100 97 116 97 107 97 32 50 48 50 54 46 10 ]: Kod 706
BAJT [111 100 97 116 97 107 97 32 50 48 50 54 46 10 75 ]: Kod 756
BAJT [111 100 97 116 97 107 97 32 50 48 50 54 46 10 75 111 ]: Kod 792
BAJT [111 100 97 116 97 107 97 32 50 48 50 54 46 10 75 111 109 ]: Kod 801
BAJT [111 100 97 116 97 107 97 32 50 48 50 54 46 10 75 111 109 112 ]: Kod 845
BAJT [111 100 97 116 97 107 97 32 50 48 50 54 46 10 75 111 109 112 114 ]: Kod 876
BAJT [111 100 97 116 97 107 97 32 50 48 50 54 46 10 75 111 109 112 114 101 ]: Kod 878
BAJT [111 100 97 116 97 107 97 32 50 48 50 54 46 10 75 111 109 112 114 101 115 ]: Kod 965
BAJT [111 100 97 116 97 107 97 32 50 48 50 54 46 10 75 111 109 112 114 101 115 105 ]: Kod 986
BAJT [111 100 97 116 97 107 97 32 50 48 50 54 46 10 75 111 109 112 114 101 115 105 106 ]: Kod 1010
BAJT [111 100 97 116 97 107 97 32 50 48 50 54 46 10 75 111 109 112 114 101 115 105 106 97 ]: Kod 1071
BAJT [111 100 97 116 97 107 97 32 50 48 50 54 46 10 75 111 109 112 114 101 115 105 106 97 32 ]: Kod 1122
BAJT [111 100 97 116 97 107 97 32 50 48 50 54 46 10 75 111 109 112 114 101 115 105 106 97 32 105 ]: Kod 1125
BAJT [111 100 97 116 97 107 97 32 50 48 50 54 46 10 75 111 109 112 114 101 115 105 106 97 32 105 32 ]: Kod 1183
BAJT [111 100 97 116 97 107 97 32 50 48 50 54 46 10 75 111 109 112 114 101 115 105 106 97 32 105 32 122 ]: Kod 1207
BAJT [111 100 97 116 97 107 97 32 50 48 50 54 46 10 75 111 109 112 114 101 115 105 106 97 32 105 32 122 97 ]: Kod 1236
BAJT [111 100 97 116 97 107 97 32 50 48 50 54 46 10 75 111 109 112 114 101 115 105 106 97 32 105 32 122 97 115 ]: Kod 1284
BAJT [111 100 97 116 97 107 97 32 50 48 50 54 46 10 75 111 109 112 114 101 115 105 106 97 32 105 32 122 97 115 116 ]: Kod 1336
BAJT [111 100 97 116 97 107 97 32 50 48 50 54 46 10 75 111 109 112 114 101 115 105 106 97 32 105 32 122 97 115 116 105 ]: Kod 1350
BAJT [111 100 97 116 97 107 97 32 50 48 50 54 46 10 75 111 109 112 114 101 115 105 106 97 32 105 32 122 97 115 116 105 116 ]: Kod 1366
BAJT [111 100 97 116 97 107 97 32 50 48 50 54 46 10 75 111 109 112 114 101 115 105 106 97 32 105 32 122 97 115 116 105 116 97 ]: Kod 1422
BAJT [111 100 97 116 97 107 97 32 50 48 50 54 46 10 75 111 109 112 114 101 115 105 106 97 32 105 32 122 97 115 116 105 116 97 32 ]: Kod 1449
BAJT [111 100 97 116 97 107 97 32 50 48 50 54 46 10 75 111 109 112 114 101 115 105 106 97 32 105 32 122 97 115 116 105 116 97 32 112 ]: Kod 1489
BAJT [111 100 97 116 97 107 97 32 50 48 50 54 46 10 75 111 109 112 114 101 115 105 106 97 32 105 32 122 97 115 116 105 116 97 32 112 111 ]: Kod 1554
BAJT [111 100 97 116 97 107 97 32 50 48 50 54 46 10 75 111 109 112 114 101 115 105 106 97 32 105 32 122 97 115 116 105 116 97 32 112 111 100 ]: Kod 1555
BAJT [111 100 97 116 97 107 97 32 50 48 50 54 46 10 75 111 109 112 114 101 115 105 106 97 32 105 32 122 97 115 116 105 116 97 32 112 111 100 97 ]: Kod 1611
BAJT [111 100 97 116 97 107 97 32 50 48 50 54 46 10 75 111 109 112 114 101 115 105 106 97 32 105 32 122 97 115 116 105 116 97 32 112 111 100 97 116 ]: Kod 1652
BAJT [111 100 97 116 97 107 97 32 50 48 50 54 46 10 75 111 109 112 114 101 115 105 106 97 32 105 32 122 97 115 116 105 116 97 32 112 111 100 97 116 97 ]: Kod 1689
BAJT [111 100 97 116 97 107 97 32 50 48 50 54 46 10 75 111 109 112 114 101 115 105 106 97 32 105 32 122 97 115 116 105 116 97 32 112 111 100 97 116 97 107 ]: Kod 1705
BAJT [111 100 97 116 97 107 97 32 50 48 50 54 46 10 75 111 109 112 114 101 115 105 106 97 32 105 32 122 97 115 116 105 116 97 32 112 111 100 97 116 97 107 97 ]: Kod 1768
BAJT [111 100 97 116 97 107 97 32 50 48 50 54 46 10 75 111 109 112 114 101 115 105 106 97 32 105 32 122 97 115 116 105 116 97 32 112 111 100 97 116 97 107 97 32 ]: Kod 1773
BAJT [111 100 97 116 97 107 97 32 50 48 50 54 46 10 75 111 109 112 114 101 115 105 106 97 32 105 32 122 97 115 116 105 116 97 32 112 111 100 97 116 97 107 97 32 50 ]: Kod 1826
BAJT [111 100 97 116 97 107 97 32 50 48 50 54 46 10 75 111 109 112 114 101 115 105 106 97 32 105 32 122 97 115 116 105 116 97 32 112 111 100 97 116 97 107 97 32 50 48 ]: Kod 1859
BAJT [111 100 97 116 97 107 97 32 50 48 50 54 46 10 75 111 109 112 114 101 115 105 106 97 32 105 32 122 97 115 116 105 116 97 32 112 111 100 97 116 97 107 97 32 50 48 50 ]: Kod 1863
BAJT [111 100 97 116 97 107 97 32 50 48 50 54 46 10 75 111 109 112 114 101 115 105 106 97 32 105 32 122 97 115 116 105 116 97 32 112 111 100 97 116 97 107 97 32 50 48 50 54 ]: Kod 1911
BAJT [111 100 97 116 97 107 97 32 50 48 50 54 46 10 75 111 109 112 114 101 115 105 106 97 32 105 32 122 97 115 116 105 116 97 32 112 111 100 97 116 97 107 97 32 50 48 50 54 46 ]: Kod 1985
BAJT [111 100 97 116 97 107 97 32 50 48 50 54 46 10 75 111 109 112 114 101 115 105 106 97 32 105 32 122 97 115 116 105 116 97 32 112 111 100 97 116 97 107 97 32 50 48 50 54 46 10 ]: Kod 2002
BAJT [111 100 97 116 97 107 97 32 50 48 50 54 46 10 75 111 109 112 114 101 115 105 106 97 32 105 32 122 97 115 116 105 116 97 32 112 111 100 97 116 97 107 97 32 50 48 50 54 46 10 75 ]: Kod 2052
BAJT [111 100 97 116 97 107 97 32 50 48 50 54 46 10 75 111 109 112 114 101 115 105 106 97 32 105 32 122 97 115 116 105 116 97 32 112 111 100 97 116 97 107 97 32 50 48 50 54 46 10 75 111 ]: Kod 2088
BAJT [111 100 97 116 97 107 97 32 50 48 50 54 46 10 75 111 109 112 114 101 115 105 106 97 32 105 32 122 97 115 116 105 116 97 32 112 111 100 97 116 97 107 97 32 50 48 50 54 46 10 75 111 109 ]: Kod 2097
BAJT [111 100 97 116 97 107 97 32 50 48 50 54 46 10 75 111 109 112 114 101 115 105 106 97 32 105 32 122 97 115 116 105 116 97 32 112 111 100 97 116 97 107 97 32 50 48 50 54 46 10 75 111 109 112 ]: Kod 2141
BAJT [111 100 97 116 97 107 97 32 50 48 50 54 46 10 75 111 109 112 114 101 115 105 106 97 32 105 32 122 97 115 116 105 116 97 32 112 111 100 97 116 97 107 97 32 50 48 50 54 46 10 75 111 109 112 114 ]: Kod 2172
BAJT [111 100 97 116 97 107 97 32 50 48 50 54 46 10 75 111 109 112 114 101 115 105 106 97 32 105 32 122 97 115 116 105 116 97 32 112 111 100 97 116 97 107 97 32 50 48 50 54 46 10 75 111 109 112 114 101 ]: Kod 2174
BAJT [111 100 97 116 97 107 97 32 50 48 50 54 46 10 75 111 109 112 114 101 115 105 106 97 32 105 32 122 97 115 116 105 116 97 32 112 111 100 97 116 97 107 97 32 50 48 50 54 46 10 75 111 109 112 114 101 115 ]: Kod 2261
BAJT [111 100 97 116 97 107 97 32 50 48 50 54 46 10 75 111 109 112 114 101 115 105 106 97 32 105 32 122 97 115 116 105 116 97 32 112 111 100 97 116 97 107 97 32 50 48 50 54 46 10 75 111 109 112 114 101 115 105 ]: Kod 2282
BAJT [111 100 97 116 97 107 97 32 50 48 50 54 46 10 75 111 109 112 114 101 115 105 106 97 32 105 32 122 97 115 116 105 116 97 32 112 111 100 97 116 97 107 97 32 50 48 50 54 46 10 75 111 109 112 114 101 115 105 106 ]: Kod 2306
BAJT [111 100 97 116 97 107 97 32 50 48 50 54 46 10 75 111 109 112 114 101 115 105 106 97 32 105 32 122 97 115 116 105 116 97 32 112 111 100 97 116 97 107 97 32 50 48 50 54 46 10 75 111 109 112 114 101 115 105 106 97 ]: Kod 2367
BAJT [111 100 97 116 97 107 97 32 50 48 50 54 46 10 75 111 109 112 114 101 115 105 106 97 32 105 32 122 97 115 116 105 116 97 32 112 111 100 97 116 97 107 97 32 50 48 50 54 46 10 75 111 109 112 114 101 115 105 106 97 32 ]: Kod 2418
BAJT [111 100 97 116 97 107 97 32 50 48 50 54 46 10 75 111 109 112 114 101 115 105 106 97 32 105 32 122 97 115 116 105 116 97 32 112 111 100 97 116 97 107 97 32 50 48 50 54 46 10 75 111 109 112 114 101 115 105 106 97 32 105 ]: Kod 2421
BAJT [111 100 97 116 97 107 97 32 50 48 50 54 46 10 75 111 109 112 114 101 115 105 106 97 32 105 32 122 97 115 116 105 116 97 32 112 111 100 97 116 97 107 97 32 50 48 50 54 46 10 75 111 109 112 114 101 115 105 106 97 32 105 32 ]: Kod 2479
BAJT [111 100 97 116 97 107 97 32 50 48 50 54 46 10 75 111 109 112 114 101 115 105 106 97 32 105 32 122 97 115 116 105 116 97 32 112 111 100 97 116 97 107 97 32 50 48 50 54 46 10 75 111 109 112 114 101 115 105 106 97 32 105 32 122 ]: Kod 2503
BAJT [111 100 97 116 97 107 97 32 50 48 50 54 46 10 75 111 109 112 114 101 115 105 106 97 32 105 32 122 97 115 116 105 116 97 32 112 111 100 97 116 97 107 97 32 50 48 50 54 46 10 75 111 109 112 114 101 115 105 106 97 32 105 32 122 97 ]: Kod 2532
BAJT [111 100 97 116 97 107 97 32 50 48 50 54 46 10 75 111 109 112 114 101 115 105 106 97 32 105 32 122 97 115 116 105 116 97 32 112 111 100 97 116 97 107 97 32 50 48 50 54 46 10 75 111 109 112 114 101 115 105 106 97 32 105 32 122 97 115 ]: Kod 2580
BAJT [111 100 97 116 97 107 97 32 50 48 50 54 46 10 75 111 109 112 114 101 115 105 106 97 32 105 32 122 97 115 116 105 116 97 32 112 111 100 97 116 97 107 97 32 50 48 50 54 46 10 75 111 109 112 114 101 115 105 106 97 32 105 32 122 97 115 116 ]: Kod 2632
BAJT [111 100 97 116 97 107 97 32 50 48 50 54 46 10 75 111 109 112 114 101 115 105 106 97 32 105 32 122 97 115 116 105 116 97 32 112 111 100 97 116 97 107 97 32 50 48 50 54 46 10 75 111 109 112 114 101 115 105 106 97 32 105 32 122 97 115 116 105 ]: Kod 2646
BAJT [111 100 97 116 97 107 97 32 50 48 50 54 46 10 75 111 109 112 114 101 115 105 106 97 32 105 32 122 97 115 116 105 116 97 32 112 111 100 97 116 97 107 97 32 50 48 50 54 46 10 75 111 109 112 114 101 115 105 106 97 32 105 32 122 97 115 116 105 116 ]: Kod 2662
BAJT [111 100 97 116 97 107 97 32 50 48 50 54 46 10 75 111 109 112 114 101 115 105 106 97 32 105 32 122 97 115 116 105 116 97 32 112 111 100 97 116 97 107 97 32 50 48 50 54 46 10 75 111 109 112 114 101 115 105 106 97 32 105 32 122 97 115 116 105 116 97 ]: Kod 2718
BAJT [111 100 97 116 97 107 97 32 50 48 50 54 46 10 75 111 109 112 114 101 115 105 106 97 32 105 32 122 97 115 116 105 116 97 32 112 111 100 97 116 97 107 97 32 50 48 50 54 46 10 75 111 109 112 114 101 115 105 106 97 32 105 32 122 97 115 116 105 116 97 32 ]: Kod 2745
BAJT [111 100 97 116 97 107 97 32 50 48 50 54 46 10 75 111 109 112 114 101 115 105 106 97 32 105 32 122 97 115 116 105 116 97 32 112 111 100 97 116 97 107 97 32 50 48 50 54 46 10 75 111 109 112 114 101 115 105 106 97 32 105 32 122 97 115 116 105 116 97 32 112 ]: Kod 2785
BAJT [111 100 97 116 97 107 97 32 50 48 50 54 46 10 75 111 109 112 114 101 115 105 106 97 32 105 32 122 97 115 116 105 116 97 32 112 111 100 97 116 97 107 97 32 50 48 50 54 46 10 75 111 109 112 114 101 115 105 106 97 32 105 32 122 97 115 116 105 116 97 32 112 111 ]: Kod 2850
BAJT [111 100 97 116 97 107 97 32 50 48 50 54 46 10 75 111 109 112 114 101 115 105 106 97 32 105 32 122 97 115 116 105 116 97 32 112 111 100 97 116 97 107 97 32 50 48 50 54 46 10 75 111 109 112 114 101 115 105 106 97 32 105 32 122 97 115 116 105 116 97 32 112 111 100 ]: Kod 2851
BAJT [111 100 97 116 97 107 97 32 50 48 50 54 46 10 75 111 109 112 114 101 115 105 106 97 32 105 32 122 97 115 116 105 116 97 32 112 111 100 97 116 97 107 97 32 50 48 50 54 46 10 75 111 109 112 114 101 115 105 106 97 32 105 32 122 97 115 116 105 116 97 32 112 111 100 97 ]: Kod 2907
BAJT [111 100 97 116 97 107 97 32 50 48 50 54 46 10 75 111 109 112 114 101 115 105 106 97 32 105 32 122 97 115 116 105 116 97 32 112 111 100 97 116 97 107 97 32 50 48 50 54 46 10 75 111 109 112 114 101 115 105 106 97 32 105 32 122 97 115 116 105 116 97 32 112 111 100 97 116 ]: Kod 2948
BAJT [111 100 97 116 97 107 97 32 50 48 50 54 46 10 75 111 109 112 114 101 115 105 106 97 32 105 32 122 97 115 116 105 116 97 32 112 111 100 97 116 97 107 97 32 50 48 50 54 46 10 75 111 109 112 114 101 115 105 106 97 32 105 32 122 97 115 116 105 116 97 32 112 111 100 97 116 97 ]: Kod 2985
BAJT [111 100 97 116 97 107 97 32 50 48 50 54 46 10 75 111 109 112 114 101 115 105 106 97 32 105 32 122 97 115 116 105 116 97 32 112 111 100 97 116 97 107 97 32 50 48 50 54 46 10 75 111 109 112 114 101 115 105 106 97 32 105 32 122 97 115 116 105 116 97 32 112 111 100 97 116 97 107 ]: Kod 3001
BAJT [111 100 97 116 97 107 97 32 50 48 50 54 46 10 75 111 109 112 114 101 115 105 106 97 32 105 32 122 97 115 116 105 116 97 32 112 111 100 97 116 97 107 97 32 50 48 50 54 46 10 75 111 109 112 114 101 115 105 106 97 32 105 32 122 97 115 116 105 116 97 32 112 111 100 97 116 97 107 97 ]: Kod 3064
BAJT [111 100 97 116 97 107 97 32 50 48 50 54 46 10 75 111 109 112 114 101 115 105 106 97 32 105 32 122 97 115 116 105 116 97 32 112 111 100 97 116 97 107 97 32 50 48 50 54 46 10 75 111 109 112 114 101 115 105 106 97 32 105 32 122 97 115 116 105 116 97 32 112 111 100 97 116 97 107 97 32 ]: Kod 3069
BAJT [111 100 97 116 97 107 97 32 50 48 50 54 46 10 75 111 109 112 114 101 115 105 106 97 32 105 32 122 97 115 116 105 116 97 32 112 111 100 97 116 97 107 97 32 50 48 50 54 46 10 75 111 109 112 114 101 115 105 106 97 32 105 32 122 97 115 116 105 116 97 32 112 111 100 97 116 97 107 97 32 50 ]: Kod 3122
BAJT [111 100 97 116 97 107 97 32 50 48 50 54 46 10 75 111 109 112 114 101 115 105 106 97 32 105 32 122 97 115 116 105 116 97 32 112 111 100 97 116 97 107 97 32 50 48 50 54 46 10 75 111 109 112 114 101 115 105 106 97 32 105 32 122 97 115 116 105 116 97 32 112 111 100 97 116 97 107 97 32 50 48 ]: Kod 3155
BAJT [111 100 97 116 97 107 97 32 50 48 50 54 46 10 75 111 109 112 114 101 115 105 106 97 32 105 32 122 97 115 116 105 116 97 32 112 111 100 97 116 97 107 97 32 50 48 50 54 46 10 75 111 109 112 114 101 115 105 106 97 32 105 32 122 97 115 116 105 116 97 32 112 111 100 97 116 97 107 97 32 50 48 50 ]: Kod 3159
BAJT [111 100 97 116 97 107 97 32 50 48 50 54 46 10 75 111 109 112 114 101 115 105 106 97 32 105 32 122 97 115 116 105 116 97 32 112 111 100 97 116 97 107 97 32 50 48 50 54 46 10 75 111 109 112 114 101 115 105 106 97 32 105 32 122 97 115 116 105 116 97 32 112 111 100 97 116 97 107 97 32 50 48 50 54 ]: Kod 3207
BAJT [111 100 97 116 97 107 97 32 50 48 50 54 46 10 75 111 109 112 114 101 115 105 106 97 32 105 32 122 97 115 116 105 116 97 32 112 111 100 97 116 97 107 97 32 50 48 50 54 46 10 75 111 109 112 114 101 115 105 106 97 32 105 32 122 97 115 116 105 116 97 32 112 111 100 97 116 97 107 97 32 50 48 50 54 46 ]: Kod 3281
BAJT [111 100 97 116 97 107 97 32 50 48 50 54 46 10 75 111 109 112 114 101 115 105 106 97 32 105 32 122 97 115 116 105 116 97 32 112 111 100 97 116 97 107 97 32 50 48 50 54 46 10 75 111 109 112 114 101 115 105 106 97 32 105 32 122 97 115 116 105 116 97 32 112 111 100 97 116 97 107 97 32 50 48 50 54 46 10 ]: Kod 3298
BAJT [111 100 97 116 97 107 97 32 50 48 50 54 46 10 75 111 109 112 114 101 115 105 106 97 32 105 32 122 97 115 116 105 116 97 32 112 111 100 97 116 97 107 97 32 50 48 50 54 46 10 75 111 109 112 114 101 115 105 106 97 32 105 32 122 97 115 116 105 116 97 32 112 111 100 97 116 97 107 97 32 50 48 50 54 46 10 75 ]: Kod 3348
BAJT [111 100 97 116 97 107 97 32 50 48 50 54 46 10 75 111 109 112 114 101 115 105 106 97 32 105 32 122 97 115 116 105 116 97 32 112 111 100 97 116 97 107 97 32 50 48 50 54 46 10 75 111 109 112 114 101 115 105 106 97 32 105 32 122 97 115 116 105 116 97 32 112 111 100 97 116 97 107 97 32 50 48 50 54 46 10 75 111 ]: Kod 3384
BAJT [111 100 97 116 97 107 97 32 50 48 50 54 46 10 75 111 109 112 114 101 115 105 106 97 32 105 32 122 97 115 116 105 116 97 32 112 111 100 97 116 97 107 97 32 50 48 50 54 46 10 75 111 109 112 114 101 115 105 106 97 32 105 32 122 97 115 116 105 116 97 32 112 111 100 97 116 97 107 97 32 50 48 50 54 46 10 75 111 109 ]: Kod 3393
BAJT [111 100 97 116 97 107 97 32 50 48 50 54 46 10 75 111 109 112 114 101 115 105 106 97 32 105 32 122 97 115 116 105 116 97 32 112 111 100 97 116 97 107 97 32 50 48 50 54 46 10 75 111 109 112 114 101 115 105 106 97 32 105 32 122 97 115 116 105 116 97 32 112 111 100 97 116 97 107 97 32 50 48 50 54 46 10 75 111 109 112 ]: Kod 3437
BAJT [111 100 97 116 97 107 97 32 50 48 50 54 46 10 75 111 109 112 114 101 115 105 106 97 32 105 32 122 97 115 116 105 116 97 32 112 111 100 97 116 97 107 97 32 50 48 50 54 46 10 75 111 109 112 114 101 115 105 106 97 32 105 32 122 97 115 116 105 116 97 32 112 111 100 97 116 97 107 97 32 50 48 50 54 46 10 75 111 109 112 114 ]: Kod 3468
BAJT [111 100 97 116 97 107 97 32 50 48 50 54 46 10 75 111 109 112 114 101 115 105 106 97 32 105 32 122 97 115 116 105 116 97 32 112 111 100 97 116 97 107 97 32 50 48 50 54 46 10 75 111 109 112 114 101 115 105 106 97 32 105 32 122 97 115 116 105 116 97 32 112 111 100 97 116 97 107 97 32 50 48 50 54 46 10 75 111 109 112 114 101 ]: Kod 3470
BAJT [111 100 97 116 97 107 97 32 50 48 50 54 46 10 75 111 109 112 114 101 115 105 106 97 32 105 32 122 97 115 116 105 116 97 32 112 111 100 97 116 97 107 97 32 50 48 50 54 46 10 75 111 109 112 114 101 115 105 106 97 32 105 32 122 97 115 116 105 116 97 32 112 111 100 97 116 97 107 97 32 50 48 50 54 46 10 75 111 109 112 114 101 115 ]: Kod 3557
BAJT [111 100 97 116 97 107 97 32 50 48 50 54 46 10 75 111 109 112 114 101 115 105 106 97 32 105 32 122 97 115 116 105 116 97 32 112 111 100 97 116 97 107 97 32 50 48 50 54 46 10 75 111 109 112 114 101 115 105 106 97 32 105 32 122 97 115 116 105 116 97 32 112 111 100 97 116 97 107 97 32 50 48 50 54 46 10 75 111 109 112 114 101 115 105 ]: Kod 3578
BAJT [111 100 97 116 97 107 97 32 50 48 50 54 46 10 75 111 109 112 114 101 115 105 106 97 32 105 32 122 97 115 116 105 116 97 32 112 111 100 97 116 97 107 97 32 50 48 50 54 46 10 75 111 109 112 114 101 115 105 106 97 32 105 32 122 97 115 116 105 116 97 32 112 111 100 97 116 97 107 97 32 50 48 50 54 46 10 75 111 109 112 114 101 115 105 106 ]: Kod 3602
BAJT [111 100 97 116 97 107 97 32 50 48 50 54 46 10 75 111 109 112 114 101 115 105 106 97 32 105 32 122 97 115 116 105 116 97 32 112 111 100 97 116 97 107 97 32 50 48 50 54 46 10 75 111 109 112 114 101 115 105 106 97 32 105 32 122 97 115 116 105 116 97 32 112 111 100 97 116 97 107 97 32 50 48 50 54 46 10 75 111 109 112 114 101 115 105 106 97 ]: Kod 3663
BAJT [111 100 97 116 97 107 97 32 50 48 50 54 46 10 75 111 109 112 114 101 115 105 106 97 32 105 32 122 97 115 116 105 116 97 32 112 111 100 97 116 97 107 97 32 50 48 50 54 46 10 75 111 109 112 114 101 115 105 106 97 32 105 32 122 97 115 116 105 116 97 32 112 111 100 97 116 97 107 97 32 50 48 50 54 46 10 75 111 109 112 114 101 115 105 106 97 32 ]: Kod 3714
BAJT [111 100 97 116 97 107 97 32 50 48 50 54 46 10 75 111 109 112 114 101 115 105 106 97 32 105 32 122 97 115 116 105 116 97 32 112 111 100 97 116 97 107 97 32 50 48 50 54 46 10 75 111 109 112 114 101 115 105 106 97 32 105 32 122 97 115 116 105 116 97 32 112 111 100 97 116 97 107 97 32 50 48 50 54 46 10 75 111 109 112 114 101 115 105 106 97 32 105 ]: Kod 3717
BAJT [111 100 97 116 97 107 97 32 50 48 50 54 46 10 75 111 109 112 114 101 115 105 106 97 32 105 32 122 97 115 116 105 116 97 32 112 111 100 97 116 97 107 97 32 50 48 50 54 46 10 75 111 109 112 114 101 115 105 106 97 32 105 32 122 97 115 116 105 116 97 32 112 111 100 97 116 97 107 97 32 50 48 50 54 46 10 75 111 109 112 114 101 115 105 106 97 32 105 32 ]: Kod 3775
BAJT [111 100 97 116 97 107 97 32 50 48 50 54 46 10 75 111 109 112 114 101 115 105 106 97 32 105 32 122 97 115 116 105 116 97 32 112 111 100 97 116 97 107 97 32 50 48 50 54 46 10 75 111 109 112 114 101 115 105 106 97 32 105 32 122 97 115 116 105 116 97 32 112 111 100 97 116 97 107 97 32 50 48 50 54 46 10 75 111 109 112 114 101 115 105 106 97 32 105 32 122 ]: Kod 3799
BAJT [111 100 97 116 97 107 97 32 50 48 50 54 46 10 75 111 109 112 114 101 115 105 106 97 32 105 32 122 97 115 116 105 116 97 32 112 111 100 97 116 97 107 97 32 50 48 50 54 46 10 75 111 109 112 114 101 115 105 106 97 32 105 32 122 97 115 116 105 116 97 32 112 111 100 97 116 97 107 97 32 50 48 50 54 46 10 75 111 109 112 114 101 115 105 106 97 32 105 32 122 97 ]: Kod 3828
BAJT [111 100 97 116 97 107 97 32 50 48 50 54 46 10 75 111 109 112 114 101 115 105 106 97 32 105 32 122 97 115 116 105 116 97 32 112 111 100 97 116 97 107 97 32 50 48 50 54 46 10 75 111 109 112 114 101 115 105 106 97 32 105 32 122 97 115 116 105 116 97 32 112 111 100 97 116 97 107 97 32 50 48 50 54 46 10 75 111 109 112 114 101 115 105 106 97 32 105 32 122 97 115 ]: Kod 3876
BAJT [111 100 97 116 97 107 97 32 50 48 50 54 46 10 75 111 109 112 114 101 115 105 106 97 32 105 32 122 97 115 116 105 116 97 32 112 111 100 97 116 97 107 97 32 50 48 50 54 46 10 75 111 109 112 114 101 115 105 106 97 32 105 32 122 97 115 116 105 116 97 32 112 111 100 97 116 97 107 97 32 50 48 50 54 46 10 75 111 109 112 114 101 115 105 106 97 32 105 32 122 97 115 116 ]: Kod 3928
BAJT [111 100 97 116 97 107 97 32 50 48 50 54 46 10 75 111 109 112 114 101 115 105 106 97 32 105 32 122 97 115 116 105 116 97 32 112 111 100 97 116 97 107 97 32 50 48 50 54 46 10 75 111 109 112 114 101 115 105 106 97 32 105 32 122 97 115 116 105 116 97 32 112 111 100 97 116 97 107 97 32 50 48 50 54 46 10 75 111 109 112 114 101 115 105 106 97 32 105 32 122 97 115 116 105 ]: Kod 3942
BAJT [111 100 97 116 97 107 97 32 50 48 50 54 46 10 75 111 109 112 114 101 115 105 106 97 32 105 32 122 97 115 116 105 116 97 32 112 111 100 97 116 97 107 97 32 50 48 50 54 46 10 75 111 109 112 114 101 115 105 106 97 32 105 32 122 97 115 116 105 116 97 32 112 111 100 97 116 97 107 97 32 50 48 50 54 46 10 75 111 109 112 114 101 115 105 106 97 32 105 32 122 97 115 116 105 116 ]: Kod 3958
BAJT [111 100 97 116 97 107 97 32 50 48 50 54 46 10 75 111 109 112 114 101 115 105 106 97 32 105 32 122 97 115 116 105 116 97 32 112 111 100 97 116 97 107 97 32 50 48 50 54 46 10 75 111 109 112 114 101 115 105 106 97 32 105 32 122 97 115 116 105 116 97 32 112 111 100 97 116 97 107 97 32 50 48 50 54 46 10 75 111 109 112 114 101 115 105 106 97 32 105 32 122 97 115 116 105 116 97 ]: Kod 4014
BAJT [111 100 97 116 97 107 97 32 50 48 50 54 46 10 75 111 109 112 114 101 115 105 106 97 32 105 32 122 97 115 116 105 116 97 32 112 111 100 97 116 97 107 97 32 50 48 50 54 46 10 75 111 109 112 114 101 115 105 106 97 32 105 32 122 97 115 116 105 116 97 32 112 111 100 97 116 97 107 97 32 50 48 50 54 46 10 75 111 109 112 114 101 115 105 106 97 32 105 32 122 97 115 116 105 116 97 32 ]: Kod 4041
BAJT [111 100 97 116 97 107 97 32 50 48 50 54 46 10 75 111 109 112 114 101 115 105 106 97 32 105 32 122 97 115 116 105 116 97 32 112 111 100 97 116 97 107 97 32 50 48 50 54 46 10 75 111 109 112 114 101 115 105 106 97 32 105 32 122 97 115 116 105 116 97 32 112 111 100 97 116 97 107 97 32 50 48 50 54 46 10 75 111 109 112 114 101 115 105 106 97 32 105 32 122 97 115 116 105 116 97 32 112 ]: Kod 4081
BAJT [111 109 ]: Kod 257
BAJT [111 109 112 ]: Kod 307
BAJT [111 109 112 114 ]: Kod 361
BAJT [111 109 112 114 101 ]: Kod 379
BAJT [111 109 112 114 101 115 ]: Kod 412
BAJT [111 109 112 114 101 115 105 ]: Kod 445
BAJT [111 109 112 114 101 115 105 106 ]: Kod 495
BAJT [111 109 112 114 101 115 105 106 97 ]: Kod 523
BAJT [111 109 112 114 101 115 105 106 97 32 ]: Kod 549
BAJT [111 109 112 114 101 115 105 106 97 32 105 ]: Kod 606
BAJT [111 109 112 114 101 115 105 106 97 32 105 32 ]: Kod 649
BAJT [111 109 112 114 101 115 105 106 97 32 105 32 122 ]: Kod 658
BAJT [111 109 112 114 101 115 105 106 97 32 105 32 122 97 ]: Kod 721
BAJT [111 109 112 114 101 115 105 106 97 32 105 32 122 97 115 ]: Kod 739
BAJT [111 109 112 114 101 115 105 106 97 32 105 32 122 97 115 116 ]: Kod 793
BAJT [111 109 112 114 101 115 105 106 97 32 105 32 122 97 115 116 105 ]: Kod 811
BAJT [111 109 112 114 101 115 105 106 97 32 105 32 122 97 115 116 105 116 ]: Kod 865
BAJT [111 109 112 114 101 115 105 106 97 32 105 32 122 97 115 116 105 116 97 ]: Kod 871
BAJT [111 109 112 114 101 115 105 106 97 32 105 32 122 97 115 116 105 116 97 32 ]: Kod 937
BAJT [111 109 112 114 101 115 105 106 97 32 105 32 122 97 115 116 105 116 97 32 112 ]: Kod 955
BAJT [111 109 112 114 101 115 105 106 97 32 105 32 122 97 115 116 105 116 97 32 112 111 ]: Kod 1009
BAJT [111 109 112 114 101 115 105 106 97 32 105 32 122 97 115 116 105 116 97 32 112 111 100 ]: Kod 1027
BAJT [111 109 112 114 101 115 105 106 97 32 105 32 122 97 115 116 105 116 97 32 112 111 100 97 ]: Kod 1081
BAJT [111 109 112 114 101 115 105 106 97 32 105 32 122 97 115 116 105 116 97 32 112 111 100 97 116 ]: Kod 1090
BAJT [111 109 112 114 101 115 105 106 97 32 105 32 122 97 115 116 105 116 97 32 112 111 100 97 116 97 ]: Kod 1153
BAJT [111 109 112 114 101 115 105 106 97 32 105 32 122 97 115 116 105 116 97 32 112 111 100 97 116 97 107 ]: Kod 1160
BAJT [111 109 112 114 101 115 105 106 97 32 105 32 122 97 115 116 105 116 97 32 112 111 100 97 116 97 107 97 ]: Kod 1197
BAJT [111 109 112 114 101 115 105 106 97 32 105 32 122 97 115 116 105 116 97 32 112 111 100 97 116 97 107 97 32 ]: Kod 1243
BAJT [111 109 112 114 101 115 105 106 97 32 105 32 122 97 115 116 105 116 97 32 112 111 100 97 116 97 107 97 32 50 ]: Kod 1287
BAJT [111 109 112 114 101 115 105 106 97 32 105 32 122 97 115 116 105 116 97 32 112 111 100 97 116 97 107 97 32 50 48 ]: Kod 1309
BAJT [111 109 112 114 101 115 105 106 97 32 105 32 122 97 115 116 105 116 97 32 112 111 100 97 116 97 107 97 32 50 48 50 ]: Kod 1347
BAJT [111 109 112 114 101 115 105 106 97 32 105 32 122 97 115 116 105 116 97 32 112 111 100 97 116 97 107 97 32 50 48 50 54 ]: Kod 1387
BAJT [111 109 112 114 101 115 105 106 97 32 105 32 122 97 115 116 105 116 97 32 112 111 100 97 116 97 107 97 32 50 48 50 54 46 ]: Kod 1441
BAJT [111 109 112 114 101 115 105 106 97 32 105 32 122 97 115 116 105 116 97 32 112 111 100 97 116 97 107 97 32 50 48 50 54 46 10 ]: Kod 1459
BAJT [111 109 112 114 101 115 105 106 97 32 105 32 122 97 115 116 105 116 97 32 112 111 100 97 116 97 107 97 32 50 48 50 54 46 10 75 ]: Kod 1509
BAJT [111 109 112 114 101 115 105 106 97 32 105 32 122 97 115 116 105 116 97 32 112 111 100 97 116 97 107 97 32 50 48 50 54 46 10 75 111 ]: Kod 1512
BAJT [111 109 112 114 101 115 105 106 97 32 105 32 122 97 115 116 105 116 97 32 112 111 100 97 116 97 107 97 32 50 48 50 54 46 10 75 111 109 ]: Kod 1513
BAJT [111 109 112 114 101 115 105 106 97 32 105 32 122 97 115 116 105 116 97 32 112 111 100 97 116 97 107 97 32 50 48 50 54 46 10 75 111 109 112 ]: Kod 1601
BAJT [111 109 112 114 101 115 105 106 97 32 105 32 122 97 115 116 105 116 97 32 112 111 100 97 116 97 107 97 32 50 48 50 54 46 10 75 111 109 112 114 ]: Kod 1657
BAJT [111 109 112 114 101 115 105 106 97 32 105 32 122 97 115 116 105 116 97 32 112 111 100 97 116 97 107 97 32 50 48 50 54 46 10 75 111 109 112 114 101 ]: Kod 1675
BAJT [111 109 112 114 101 115 105 106 97 32 105 32 122 97 115 116 105 116 97 32 112 111 100 97 116 97 107 97 32 50 48 50 54 46 10 75 111 109 112 114 101 115 ]: Kod 1708
BAJT [111 109 112 114 101 115 105 106 97 32 105 32 122 97 115 116 105 116 97 32 112 111 100 97 116 97 107 97 32 50 48 50 54 46 10 75 111 109 112 114 101 115 105 ]: Kod 1741
BAJT [111 109 112 114 101 115 105 106 97 32 105 32 122 97 115 116 105 116 97 32 112 111 100 97 116 97 107 97 32 50 48 50 54 46 10 75 111 109 112 114 101 115 105 106 ]: Kod 1791
BAJT [111 109 112 114 101 115 105 106 97 32 105 32 122 97 115 116 105 116 97 32 112 111 100 97 116 97 107 97 32 50 48 50 54 46 10 75 111 109 112 114 101 115 105 106 97 ]: Kod 1819
BAJT [111 109 112 114 101 115 105 106 97 32 105 32 122 97 115 116 105 116 97 32 112 111 100 97 116 97 107 97 32 50 48 50 54 46 10 75 111 109 112 114 101 115 105 106 97 32 ]: Kod 1845
BAJT [111 109 112 114 101 115 105 106 97 32 105 32 122 97 115 116 105 116 97 32 112 111 100 97 116 97 107 97 32 50 48 50 54 46 10 75 111 109 112 114 101 115 105 106 97 32 105 ]: Kod 1902
BAJT [111 109 112 114 101 115 105 106 97 32 105 32 122 97 115 116 105 116 97 32 112 111 100 97 116 97 107 97 32 50 48 50 54 46 10 75 111 109 112 114 101 115 105 106 97 32 105 32 ]: Kod 1945
BAJT [111 109 112 114 101 115 105 106 97 32 105 32 122 97 115 116 105 116 97 32 112 111 100 97 116 97 107 97 32 50 48 50 54 46 10 75 111 109 112 114 101 115 105 106 97 32 105 32 122 ]: Kod 1954
BAJT [111 109 112 114 101 115 105 106 97 32 105 32 122 97 115 116 105 116 97 32 112 111 100 97 116 97 107 97 32 50 48 50 54 46 10 75 111 109 112 114 101 115 105 106 97 32 105 32 122 97 ]: Kod 2017
BAJT [111 109 112 114 101 115 105 106 97 32 105 32 122 97 115 116 105 116 97 32 112 111 100 97 116 97 107 97 32 50 48 50 54 46 10 75 111 109 112 114 101 115 105 106 97 32 105 32 122 97 115 ]: Kod 2035
BAJT [111 109 112 114 101 115 105 106 97 32 105 32 122 97 115 116 105 116 97 32 112 111 100 97 116 97 107 97 32 50 48 50 54 46 10 75 111 109 112 114 101 115 105 106 97 32 105 32 122 97 115 116 ]: Kod 2089
BAJT [111 109 112 114 101 115 105 106 97 32 105 32 122 97 115 116 105 116 97 32 112 111 100 97 116 97 107 97 32 50 48 50 54 46 10 75 111 109 112 114 101 115 105 106 97 32 105 32 122 97 115 116 105 ]: Kod 2107
BAJT [111 109 112 114 101 115 105 106 97 32 105 32 122 97 115 116 105 116 97 32 112 111 100 97 116 97 107 97 32 50 48 50 54 46 10 75 111 109 112 114 101 115 105 106 97 32 105 32 122 97 115 116 105 116 ]: Kod 2161
BAJT [111 109 112 114 101 115 105 106 97 32 105 32 122 97 115 116 105 116 97 32 112 111 100 97 116 97 107 97 32 50 48 50 54 46 10 75 111 109 112 114 101 115 105 106 97 32 105 32 122 97 115 116 105 116 97 ]: Kod 2167
BAJT [111 109 112 114 101 115 105 106 97 32 105 32 122 97 115 116 105 116 97 32 112 111 100 97 116 97 107 97 32 50 48 50 54 46 10 75 111 109 112 114 101 115 105 106 97 32 105 32 122 97 115 116 105 116 97 32 ]: Kod 2233
BAJT [111 109 112 114 101 115 105 106 97 32 105 32 122 97 115 116 105 116 97 32 112 111 100 97 116 97 107 97 32 50 48 50 54 46 10 75 111 109 112 114 101 115 105 106 97 32 105 32 122 97 115 116 105 116 97 32 112 ]: Kod 2251
BAJT [111 109 112 114 101 115 105 106 97 32 105 32 122 97 115 116 105 116 97 32 112 111 100 97 116 97 107 97 32 50 48 50 54 46 10 75 111 109 112 114 101 115 105 106 97 32 105 32 122 97 115 116 105 116 97 32 112 111 ]: Kod 2305
BAJT [111 109 112 114 101 115 105 106 97 32 105 32 122 97 115 116 105 116 97 32 112 111 100 97 116 97 107 97 32 50 48 50 54 46 10 75 111 109 112 114 101 115 105 106 97 32 105 32 122 97 115 116 105 116 97 32 112 111 100 ]: Kod 2323
BAJT [111 109 112 114 101 115 105 106 97 32 105 32 122 97 115 116 105 116 97 32 112 111 100 97 116 97 107 97 32 50 48 50 54 46 10 75 111 109 112 114 101 115 105 106 97 32 105 32 122 97 115 116 105 116 97 32 112 111 100 97 ]: Kod 2377
BAJT [111 109 112 114 101 115 105 106 97 32 105 32 122 97 115 116 105 116 97 32 112 111 100 97 116 97 107 97 32 50 48 50 54 46 10 75 111 109 112 114 101 115 105 106 97 32 105 32 122 97 115 116 105 116 97 32 112 111 100 97 116 ]: Kod 2386
BAJT [111 109 112 114 101 115 105 106 97 32 105 32 122 97 115 116 105 116 97 32 112 111 100 97 116 97 107 97 32 50 48 50 54 46 10 75 111 109 112 114 101 115 105 106 97 32 105 32 122 97 115 116 105 116 97 32 112 111 100 97 116 97 ]: Kod 2449
BAJT [111 109 112 114 101 115 105 106 97 32 105 32 122 97 115 116 105 116 97 32 112 111 100 97 116 97 107 97 32 50 48 50 54 46 10 75 111 109 112 114 101 115 105 106 97 32 105 32 122 97 115 116 105 116 97 32 112 111 100 97 116 97 107 ]: Kod 2456
BAJT [111 109 112 114 101 115 105 106 97 32 105 32 122 97 115 116 105 116 97 32 112 111 100 97 116 97 107 97 32 50 48 50 54 46 10 75 111 109 112 114 101 115 105 106 97 32 105 32 122 97 115 116 105 116 97 32 112 111 100 97 116 97 107 97 ]: Kod 2493
BAJT [111 109 112 114 101 115 105 106 97 32 105 32 122 97 115 116 105 116 97 32 112 111 100 97 116 97 107 97 32 50 48 50 54 46 10 75 111 109 112 114 101 115 105 106 97 32 105 32 122 97 115 116 105 116 97 32 112 111 100 97 116 97 107 97 32 ]: Kod 2539
BAJT [111 109 112 114 101 115 105 106 97 32 105 32 122 97 115 116 105 116 97 32 112 111 100 97 116 97 107 97 32 50 48 50 54 46 10 75 111 109 112 114 101 115 105 106 97 32 105 32 122 97 115 116 105 116 97 32 112 111 100 97 116 97 107 97 32 50 ]: Kod 2583
BAJT [111 109 112 114 101 115 105 106 97 32 105 32 122 97 115 116 105 116 97 32 112 111 100 97 116 97 107 97 32 50 48 50 54 46 10 75 111 109 112 114 101 115 105 106 97 32 105 32 122 97 115 116 105 116 97 32 112 111 100 97 116 97 107 97 32 50 48 ]: Kod 2605
BAJT [111 109 112 114 101 115 105 106 97 32 105 32 122 97 115 116 105 116 97 32 112 111 100 97 116 97 107 97 32 50 48 50 54 46 10 75 111 109 112 114 101 115 105 106 97 32 105 32 122 97 115 116 105 116 97 32 112 111 100 97 116 97 107 97 32 50 48 50 ]: Kod 2643
BAJT [111 109 112 114 101 115 105 106 97 32 105 32 122 97 115 116 105 116 97 32 112 111 100 97 116 97 107 97 32 50 48 50 54 46 10 75 111 109 112 114 101 115 105 106 97 32 105 32 122 97 115 116 105 116 97 32 112 111 100 97 116 97 107 97 32 50 48 50 54 ]: Kod 2683
BAJT [111 109 112 114 101 115 105 106 97 32 105 32 122 97 115 116 105 116 97 32 112 111 100 97 116 97 107 97 32 50 48 50 54 46 10 75 111 109 112 114 101 115 105 106 97 32 105 32 122 97 115 116 105 116 97 32 112 111 100 97 116 97 107 97 32 50 48 50 54 46 ]: Kod 2737
BAJT [111 109 112 114 101 115 105 106 97 32 105 32 122 97 115 116 105 116 97 32 112 111 100 97 116 97 107 97 32 50 48 50 54 46 10 75 111 109 112 114 101 115 105 106 97 32 105 32 122 97 115 116 105 116 97 32 112 111 100 97 116 97 107 97 32 50 48 50 54 46 10 ]: Kod 2755
BAJT [111 109 112 114 101 115 105 106 97 32 105 32 122 97 115 116 105 116 97 32 112 111 100 97 116 97 107 97 32 50 48 50 54 46 10 75 111 109 112 114 101 115 105 106 97 32 105 32 122 97 115 116 105 116 97 32 112 111 100 97 116 97 107 97 32 50 48 50 54 46 10 75 ]: Kod 2805
BAJT [111 109 112 114 101 115 105 106 97 32 105 32 122 97 115 116 105 116 97 32 112 111 100 97 116 97 107 97 32 50 48 50 54 46 10 75 111 109 112 114 101 115 105 106 97 32 105 32 122 97 115 116 105 116 97 32 112 111 100 97 116 97 107 97 32 50 48 50 54 46 10 75 111 ]: Kod 2808
BAJT [111 109 112 114 101 115 105 106 97 32 105 32 122 97 115 116 105 116 97 32 112 111 100 97 116 97 107 97 32 50 48 50 54 46 10 75 111 109 112 114 101 115 105 106 97 32 105 32 122 97 115 116 105 116 97 32 112 111 100 97 116 97 107 97 32 50 48 50 54 46 10 75 111 109 ]: Kod 2809
BAJT [111 109 112 114 101 115 105 106 97 32 105 32 122 97 115 116 105 116 97 32 112 111 100 97 116 97 107 97 32 50 48 50 54 46 10 75 111 109 112 114 101 115 105 106 97 32 105 32 122 97 115 116 105 116 97 32 112 111 100 97 116 97 107 97 32 50 48 50 54 46 10 75 111 109 112 ]: Kod 2897
BAJT [111 109 112 114 101 115 105 106 97 32 105 32 122 97 115 116 105 116 97 32 112 111 100 97 116 97 107 97 32 50 48 50 54 46 10 75 111 109 112 114 101 115 105 106 97 32 105 32 122 97 115 116 105 116 97 32 112 111 100 97 116 97 107 97 32 50 48 50 54 46 10 75 111 109 112 114 ]: Kod 2953
BAJT [111 109 112 114 101 115 105 106 97 32 105 32 122 97 115 116 105 116 97 32 112 111 100 97 116 97 107 97 32 50 48 50 54 46 10 75 111 109 112 114 101 115 105 106 97 32 105 32 122 97 115 116 105 116 97 32 112 111 100 97 116 97 107 97 32 50 48 50 54 46 10 75 111 109 112 114 101 ]: Kod 2971
BAJT [111 109 112 114 101 115 105 106 97 32 105 32 122 97 115 116 105 116 97 32 112 111 100 97 116 97 107 97 32 50 48 50 54 46 10 75 111 109 112 114 101 115 105 106 97 32 105 32 122 97 115 116 105 116 97 32 112 111 100 97 116 97 107 97 32 50 48 50 54 46 10 75 111 109 112 114 101 115 ]: Kod 3004
BAJT [111 109 112 114 101 115 105 106 97 32 105 32 122 97 115 116 105 116 97 32 112 111 100 97 116 97 107 97 32 50 48 50 54 46 10 75 111 109 112 114 101 115 105 106 97 32 105 32 122 97 115 116 105 116 97 32 112 111 100 97 116 97 107 97 32 50 48 50 54 46 10 75 111 109 112 114 101 115 105 ]: Kod 3037
BAJT [111 109 112 114 101 115 105 106 97 32 105 32 122 97 115 116 105 116 97 32 112 111 100 97 116 97 107 97 32 50 48 50 54 46 10 75 111 109 112 114 101 115 105 106 97 32 105 32 122 97 115 116 105 116 97 32 112 111 100 97 116 97 107 97 32 50 48 50 54 46 10 75 111 109 112 114 101 115 105 106 ]: Kod 3087
BAJT [111 109 112 114 101 115 105 106 97 32 105 32 122 97 115 116 105 116 97 32 112 111 100 97 116 97 107 97 32 50 48 50 54 46 10 75 111 109 112 114 101 115 105 106 97 32 105 32 122 97 115 116 105 116 97 32 112 111 100 97 116 97 107 97 32 50 48 50 54 46 10 75 111 109 112 114 101 115 105 106 97 ]: Kod 3115
BAJT [111 109 112 114 101 115 105 106 97 32 105 32 122 97 115 116 105 116 97 32 112 111 100 97 116 97 107 97 32 50 48 50 54 46 10 75 111 109 112 114 101 115 105 106 97 32 105 32 122 97 115 116 105 116 97 32 112 111 100 97 116 97 107 97 32 50 48 50 54 46 10 75 111 109 112 114 101 115 105 106 97 32 ]: Kod 3141
BAJT [111 109 112 114 101 115 105 106 97 32 105 32 122 97 115 116 105 116 97 32 112 111 100 97 116 97 107 97 32 50 48 50 54 46 10 75 111 109 112 114 101 115 105 106 97 32 105 32 122 97 115 116 105 116 97 32 112 111 100 97 116 97 107 97 32 50 48 50 54 46 10 75 111 109 112 114 101 115 105 106 97 32 105 ]: Kod 3198
BAJT [111 109 112 114 101 115 105 106 97 32 105 32 122 97 115 116 105 116 97 32 112 111 100 97 116 97 107 97 32 50 48 50 54 46 10 75 111 109 112 114 101 115 105 106 97 32 105 32 122 97 115 116 105 116 97 32 112 111 100 97 116 97 107 97 32 50 48 50 54 46 10 75 111 109 112 114 101 115 105 106 97 32 105 32 ]: Kod 3241
BAJT [111 109 112 114 101 115 105 106 97 32 105 32 122 97 115 116 105 116 97 32 112 111 100 97 116 97 107 97 32 50 48 50 54 46 10 75 111 109 112 114 101 115 105 106 97 32 105 32 122 97 115 116 105 116 97 32 112 111 100 97 116 97 107 97 32 50 48 50 54 46 10 75 111 109 112 114 101 115 105 106 97 32 105 32 122 ]: Kod 3250
BAJT [111 109 112 114 101 115 105 106 97 32 105 32 122 97 115 116 105 116 97 32 112 111 100 97 116 97 107 97 32 50 48 50 54 46 10 75 111 109 112 114 101 115 105 106 97 32 105 32 122 97 115 116 105 116 97 32 112 111 100 97 116 97 107 97 32 50 48 50 54 46 10 75 111 109 112 114 101 115 105 106 97 32 105 32 122 97 ]: Kod 3313
BAJT [111 109 112 114 101 115 105 106 97 32 105 32 122 97 115 116 105 116 97 32 112 111 100 97 116 97 107 97 32 50 48 50 54 46 10 75 111 109 112 114 101 115 105 106 97 32 105 32 122 97 115 116 105 116 97 32 112 111 100 97 116 97 107 97 32 50 48 50 54 46 10 75 111 109 112 114 101 115 105 106 97 32 105 32 122 97 115 ]: Kod 3331
BAJT [111 109 112 114 101 115 105 106 97 32 105 32 122 97 115 116 105 116 97 32 112 111 100 97 116 97 107 97 32 50 48 50 54 46 10 75 111 109 112 114 101 115 105 106 97 32 105 32 122 97 115 116 105 116 97 32 112 111 100 97 116 97 107 97 32 50 48 50 54 46 10 75 111 109 112 114 101 115 105 106 97 32 105 32 122 97 115 116 ]: Kod 3385
BAJT [111 109 112 114 101 115 105 106 97 32 105 32 122 97 115 116 105 116 97 32 112 111 100 97 116 97 107 97 32 50 48 50 54 46 10 75 111 109 112 114 101 115 105 106 97 32 105 32 122 97 115 116 105 116 97 32 112 111 100 97 116 97 107 97 32 50 48 50 54 46 10 75 111 109 112 114 101 115 105 106 97 32 105 32 122 97 115 116 105 ]: Kod 3403
BAJT [111 109 112 114 101 115 105 106 97 32 105 32 122 97 115 116 105 116 97 32 112 111 100 97 116 97 107 97 32 50 48 50 54 46 10 75 111 109 112 114 101 115 105 106 97 32 105 32 122 97 115 116 105 116 97 32 112 111 100 97 116 97 107 97 32 50 48 50 54 46 10 75 111 109 112 114 101 115 105 106 97 32 105 32 122 97 115 116 105 116 ]: Kod 3457
BAJT [111 109 112 114 101 115 105 106 97 32 105 32 122 97 115 116 105 116 97 32 112 111 100 97 116 97 107 97 32 50 48 50 54 46 10 75 111 109 112 114 101 115 105 106 97 32 105 32 122 97 115 116 105 116 97 32 112 111 100 97 116 97 107 97 32 50 48 50 54 46 10 75 111 109 112 114 101 115 105 106 97 32 105 32 122 97 115 116 105 116 97 ]: Kod 3463
BAJT [111 109 112 114 101 115 105 106 97 32 105 32 122 97 115 116 105 116 97 32 112 111 100 97 116 97 107 97 32 50 48 50 54 46 10 75 111 109 112 114 101 115 105 106 97 32 105 32 122 97 115 116 105 116 97 32 112 111 100 97 116 97 107 97 32 50 48 50 54 46 10 75 111 109 112 114 101 115 105 106 97 32 105 32 122 97 115 116 105 116 97 32 ]: Kod 3529
BAJT [111 109 112 114 101 115 105 106 97 32 105 32 122 97 115 116 105 116 97 32 112 111 100 97 116 97 107 97 32 50 48 50 54 46 10 75 111 109 112 114 101 115 105 106 97 32 105 32 122 97 115 116 105 116 97 32 112 111 100 97 116 97 107 97 32 50 48 50 54 46 10 75 111 109 112 114 101 115 105 106 97 32 105 32 122 97 115 116 105 116 97 32 112 ]: Kod 3547
BAJT [111 109 112 114 101 115 105 106 97 32 105 32 122 97 115 116 105 116 97 32 112 111 100 97 116 97 107 97 32 50 48 50 54 46 10 75 111 109 112 114 101 115 105 106 97 32 105 32 122 97 115 116 105 116 97 32 112 111 100 97 116 97 107 97 32 50 48 50 54 46 10 75 111 109 112 114 101 115 105 106 97 32 105 32 122 97 115 116 105 116 97 32 112 111 ]: Kod 3601
BAJT [111 109 112 114 101 115 105 106 97 32 105 32 122 97 115 116 105 116 97 32 112 111 100 97 116 97 107 97 32 50 48 50 54 46 10 75 111 109 112 114 101 115 105 106 97 32 105 32 122 97 115 116 105 116 97 32 112 111 100 97 116 97 107 97 32 50 48 50 54 46 10 75 111 109 112 114 101 115 105 106 97 32 105 32 122 97 115 116 105 116 97 32 112 111 100 ]: Kod 3619
BAJT [111 109 112 114 101 115 105 106 97 32 105 32 122 97 115 116 105 116 97 32 112 111 100 97 116 97 107 97 32 50 48 50 54 46 10 75 111 109 112 114 101 115 105 106 97 32 105 32 122 97 115 116 105 116 97 32 112 111 100 97 116 97 107 97 32 50 48 50 54 46 10 75 111 109 112 114 101 115 105 106 97 32 105 32 122 97 115 116 105 116 97 32 112 111 100 97 ]: Kod 3673
BAJT [111 109 112 114 101 115 105 106 97 32 105 32 122 97 115 116 105 116 97 32 112 111 100 97 116 97 107 97 32 50 48 50 54 46 10 75 111 109 112 114 101 115 105 106 97 32 105 32 122 97 115 116 105 116 97 32 112 111 100 97 116 97 107 97 32 50 48 50 54 46 10 75 111 109 112 114 101 115 105 106 97 32 105 32 122 97 115 116 105 116 97 32 112 111 100 97 116 ]: Kod 3682
BAJT [111 109 112 114 101 115 105 106 97 32 105 32 122 97 115 116 105 116 97 32 112 111 100 97 116 97 107 97 32 50 48 50 54 46 10 75 111 109 112 114 101 115 105 106 97 32 105 32 122 97 115 116 105 116 97 32 112 111 100 97 116 97 107 97 32 50 48 50 54 46 10 75 111 109 112 114 101 115 105 106 97 32 105 32 122 97 115 116 105 116 97 32 112 111 100 97 116 97 ]: Kod 3745
BAJT [111 109 112 114 101 115 105 106 97 32 105 32 122 97 115 116 105 116 97 32 112 111 100 97 116 97 107 97 32 50 48 50 54 46 10 75 111 109 112 114 101 115 105 106 97 32 105 32 122 97 115 116 105 116 97 32 112 111 100 97 116 97 107 97 32 50 48 50 54 46 10 75 111 109 112 114 101 115 105 106 97 32 105 32 122 97 115 116 105 116 97 32 112 111 100 97 116 97 107 ]: Kod 3752
BAJT [111 109 112 114 101 115 105 106 97 32 105 32 122 97 115 116 105 116 97 32 112 111 100 97 116 97 107 97 32 50 48 50 54 46 10 75 111 109 112 114 101 115 105 106 97 32 105 32 122 97 115 116 105 116 97 32 112 111 100 97 116 97 107 97 32 50 48 50 54 46 10 75 111 109 112 114 101 115 105 106 97 32 105 32 122 97 115 116 105 116 97 32 112 111 100 97 116 97 107 97 ]: Kod 3789
BAJT [111 109 112 114 101 115 105 106 97 32 105 32 122 97 115 116 105 116 97 32 112 111 100 97 116 97 107 97 32 50 48 50 54 46 10 75 111 109 112 114 101 115 105 106 97 32 105 32 122 97 115 116 105 116 97 32 112 111 100 97 116 97 107 97 32 50 48 50 54 46 10 75 111 109 112 114 101 115 105 106 97 32 105 32 122 97 115 116 105 116 97 32 112 111 100 97 116 97 107 97 32 ]: Kod 3835
BAJT [111 109 112 114 101 115 105 106 97 32 105 32 122 97 115 116 105 116 97 32 112 111 100 97 116 97 107 97 32 50 48 50 54 46 10 75 111 109 112 114 101 115 105 106 97 32 105 32 122 97 115 116 105 116 97 32 112 111 100 97 116 97 107 97 32 50 48 50 54 46 10 75 111 109 112 114 101 115 105 106 97 32 105 32 122 97 115 116 105 116 97 32 112 111 100 97 116 97 107 97 32 50 ]: Kod 3879
BAJT [111 109 112 114 101 115 105 106 97 32 105 32 122 97 115 116 105 116 97 32 112 111 100 97 116 97 107 97 32 50 48 50 54 46 10 75 111 109 112 114 101 115 105 106 97 32 105 32 122 97 115 116 105 116 97 32 112 111 100 97 116 97 107 97 32 50 48 50 54 46 10 75 111 109 112 114 101 115 105 106 97 32 105 32 122 97 115 116 105 116 97 32 112 111 100 97 116 97 107 97 32 50 48 ]: Kod 3901
BAJT [111 109 112 114 101 115 105 106 97 32 105 32 122 97 115 116 105 116 97 32 112 111 100 97 116 97 107 97 32 50 48 50 54 46 10 75 111 109 112 114 101 115 105 106 97 32 105 32 122 97 115 116 105 116 97 32 112 111 100 97 116 97 107 97 32 50 48 50 54 46 10 75 111 109 112 114 101 115 105 106 97 32 105 32 122 97 115 116 105 116 97 32 112 111 100 97 116 97 107 97 32 50 48 50 ]: Kod 3939
BAJT [111 109 112 114 101 115 105 106 97 32 105 32 122 97 115 116 105 116 97 32 112 111 100 97 116 97 107 97 32 50 48 50 54 46 10 75 111 109 112 114 101 115 105 106 97 32 105 32 122 97 115 116 105 116 97 32 112 111 100 97 116 97 107 97 32 50 48 50 54 46 10 75 111 109 112 114 101 115 105 106 97 32 105 32 122 97 115 116 105 116 97 32 112 111 100 97 116 97 107 97 32 50 48 50 54 ]: Kod 3979
BAJT [111 109 112 114 101 115 105 106 97 32 105 32 122 97 115 116 105 116 97 32 112 111 100 97 116 97 107 97 32 50 48 50 54 46 10 75 111 109 112 114 101 115 105 106 97 32 105 32 122 97 115 116 105 116 97 32 112 111 100 97 116 97 107 97 32 50 48 50 54 46 10 75 111 109 112 114 101 115 105 106 97 32 105 32 122 97 115 116 105 116 97 32 112 111 100 97 116 97 107 97 32 50 48 50 54 46 ]: Kod 4033
BAJT [111 109 112 114 101 115 105 106 97 32 105 32 122 97 115 116 105 116 97 32 112 111 100 97 116 97 107 97 32 50 48 50 54 46 10 75 111 109 112 114 101 115 105 106 97 32 105 32 122 97 115 116 105 116 97 32 112 111 100 97 116 97 107 97 32 50 48 50 54 46 10 75 111 109 112 114 101 115 105 106 97 32 105 32 122 97 115 116 105 116 97 32 112 111 100 97 116 97 107 97 32 50 48 50 54 46 10 ]: Kod 4051
BAJT [112 ]: Kod 112
BAJT [112 111 ]: Kod 276
BAJT [112 111 100 ]: Kod 300
BAJT [112 111 100 97 ]: Kod 332
BAJT [112 111 100 97 116 ]: Kod 384
BAJT [112 111 100 97 116 97 ]: Kod 416
BAJT [112 111 100 97 116 97 107 ]: Kod 454
BAJT [112 111 100 97 116 97 107 97 ]: Kod 460
BAJT [112 111 100 97 116 97 107 97 32 ]: Kod 539
BAJT [112 111 100 97 116 97 107 97 32 50 ]: Kod 559
BAJT [112 111 100 97 116 97 107 97 32 50 48 ]: Kod 608
BAJT [112 111 100 97 116 97 107 97 32 50 48 50 ]: Kod 641
BAJT [112 111 100 97 116 97 107 97 32 50 48 50 54 ]: Kod 686
BAJT [112 111 100 97 116 97 107 97 32 50 48 50 54 46 ]: Kod 717
BAJT [112 111 100 97 116 97 107 97 32 50 48 50 54 46 10 ]: Kod 725
BAJT [112 111 100 97 116 97 107 97 32 50 48 50 54 46 10 75 ]: Kod 768
BAJT [112 111 100 97 116 97 107 97 32 50 48 50 54 46 10 75 111 ]: Kod 810
BAJT [112 111 100 97 116 97 107 97 32 50 48 50 54 46 10 75 111 109 ]: Kod 862
BAJT [112 111 100 97 116 97 107 97 32 50 48 50 54 46 10 75 111 109 112 ]: Kod 874
BAJT [112 111 100 97 116 97 107 97 32 50 48 50 54 46 10 75 111 109 112 114 ]: Kod 923
BAJT [112 111 100 97 116 97 107 97 32 50 48 50 54 46 10 75 111 109 112 114 101 ]: Kod 956
BAJT [112 111 100 97 116 97 107 97 32 50 48 50 54 46 10 75 111 109 112 114 101 115 ]: Kod 974
BAJT [112 111 100 97 116 97 107 97 32 50 48 50 54 46 10 75 111 109 112 114 101 115 105 ]: Kod 1041
BAJT [112 111 100 97 116 97 107 97 32 50 48 50 54 46 10 75 111 109 112 114 101 115 105 106 ]: Kod 1060
BAJT [112 111 100 97 116 97 107 97 32 50 48 50 54 46 10 75 111 109 112 114 101 115 105 106 97 ]: Kod 1119
BAJT [112 111 100 97 116 97 107 97 32 50 48 50 54 46 10 75 111 109 112 114 101 115 105 106 97 32 ]: Kod 1138
BAJT [112 111 100 97 116 97 107 97 32 50 48 50 54 46 10 75 111 109 112 114 101 115 105 106 97 32 105 ]: Kod 1158
BAJT [112 111 100 97 116 97 107 97 32 50 48 50 54 46 10 75 111 109 112 114 101 115 105 106 97 32 105 32 ]: Kod 1199
BAJT [112 111 100 97 116 97 107 97 32 50 48 50 54 46 10 75 111 109 112 114 101 115 105 106 97 32 105 32 122 ]: Kod 1203
BAJT [112 111 100 97 116 97 107 97 32 50 48 50 54 46 10 75 111 109 112 114 101 115 105 106 97 32 105 32 122 97 ]: Kod 1263
BAJT [112 111 100 97 116 97 107 97 32 50 48 50 54 46 10 75 111 109 112 114 101 115 105 106 97 32 105 32 122 97 115 ]: Kod 1324
BAJT [112 111 100 97 116 97 107 97 32 50 48 50 54 46 10 75 111 109 112 114 101 115 105 106 97 32 105 32 122 97 115 116 ]: Kod 1343
BAJT [112 111 100 97 116 97 107 97 32 50 48 50 54 46 10 75 111 109 112 114 101 115 105 106 97 32 105 32 122 97 115 116 105 ]: Kod 1382
BAJT [112 111 100 97 116 97 107 97 32 50 48 50 54 46 10 75 111 109 112 114 101 115 105 106 97 32 105 32 122 97 115 116 105 116 ]: Kod 1410
BAJT [112 111 100 97 116 97 107 97 32 50 48 50 54 46 10 75 111 109 112 114 101 115 105 106 97 32 105 32 122 97 115 116 105 116 97 ]: Kod 1466
BAJT [112 111 100 97 116 97 107 97 32 50 48 50 54 46 10 75 111 109 112 114 101 115 105 106 97 32 105 32 122 97 115 116 105 116 97 32 ]: Kod 1490
BAJT [112 111 100 97 116 97 107 97 32 50 48 50 54 46 10 75 111 109 112 114 101 115 105 106 97 32 105 32 122 97 115 116 105 116 97 32 112 ]: Kod 1552
BAJT [112 111 100 97 116 97 107 97 32 50 48 50 54 46 10 75 111 109 112 114 101 115 105 106 97 32 105 32 122 97 115 116 105 116 97 32 112 111 ]: Kod 1553
BAJT [112 111 100 97 116 97 107 97 32 50 48 50 54 46 10 75 111 109 112 114 101 115 105 106 97 32 105 32 122 97 115 116 105 116 97 32 112 111 100 ]: Kod 1594
BAJT [112 111 100 97 116 97 107 97 32 50 48 50 54 46 10 75 111 109 112 114 101 115 105 106 97 32 105 32 122 97 115 116 105 116 97 32 112 111 100 97 ]: Kod 1628
BAJT [112 111 100 97 116 97 107 97 32 50 48 50 54 46 10 75 111 109 112 114 101 115 105 106 97 32 105 32 122 97 115 116 105 116 97 32 112 111 100 97 116 ]: Kod 1680
BAJT [112 111 100 97 116 97 107 97 32 50 48 50 54 46 10 75 111 109 112 114 101 115 105 106 97 32 105 32 122 97 115 116 105 116 97 32 112 111 100 97 116 97 ]: Kod 1712
BAJT [112 111 100 97 116 97 107 97 32 50 48 50 54 46 10 75 111 109 112 114 101 115 105 106 97 32 105 32 122 97 115 116 105 116 97 32 112 111 100 97 116 97 107 ]: Kod 1750
BAJT [112 111 100 97 116 97 107 97 32 50 48 50 54 46 10 75 111 109 112 114 101 115 105 106 97 32 105 32 122 97 115 116 105 116 97 32 112 111 100 97 116 97 107 97 ]: Kod 1756
BAJT [112 111 100 97 116 97 107 97 32 50 48 50 54 46 10 75 111 109 112 114 101 115 105 106 97 32 105 32 122 97 115 116 105 116 97 32 112 111 100 97 116 97 107 97 32 ]: Kod 1835
BAJT [112 111 100 97 116 97 107 97 32 50 48 50 54 46 10 75 111 109 112 114 101 115 105 106 97 32 105 32 122 97 115 116 105 116 97 32 112 111 100 97 116 97 107 97 32 50 ]: Kod 1855
BAJT [112 111 100 97 116 97 107 97 32 50 48 50 54 46 10 75 111 109 112 114 101 115 105 106 97 32 105 32 122 97 115 116 105 116 97 32 112 111 100 97 116 97 107 97 32 50 48 ]: Kod 1904
BAJT [112 111 100 97 116 97 107 97 32 50 48 50 54 46 10 75 111 109 112 114 101 115 105 106 97 32 105 32 122 97 115 116 105 116 97 32 112 111 100 97 116 97 107 97 32 50 48 50 ]: Kod 1937
BAJT [112 111 100 97 116 97 107 97 32 50 48 50 54 46 10 75 111 109 112 114 101 115 105 106 97 32 105 32 122 97 115 116 105 116 97 32 112 111 100 97 116 97 107 97 32 50 48 50 54 ]: Kod 1982
BAJT [112 111 100 97 116 97 107 97 32 50 48 50 54 46 10 75 111 109 112 114 101 115 105 106 97 32 105 32 122 97 115 116 105 116 97 32 112 111 100 97 116 97 107 97 32 50 48 50 54 46 ]: Kod 2013
BAJT [112 111 100 97 116 97 107 97 32 50 48 50 54 46 10 75 111 109 112 114 101 115 105 106 97 32 105 32 122 97 115 116 105 116 97 32 112 111 100 97 116 97 107 97 32 50 48 50 54 46 10 ]: Kod 2021
BAJT [112 111 100 97 116 97 107 97 32 50 48 50 54 46 10 75 111 109 112 114 101 115 105 106 97 32 105 32 122 97 115 116 105 116 97 32 112 111 100 97 116 97 107 97 32 50 48 50 54 46 10 75 ]: Kod 2064
BAJT [112 111 100 97 116 97 107 97 32 50 48 50 54 46 10 75 111 109 112 114 101 115 105 106 97 32 105 32 122 97 115 116 105 116 97 32 112 111 100 97 116 97 107 97 32 50 48 50 54 46 10 75 111 ]: Kod 2106
BAJT [112 111 100 97 116 97 107 97 32 50 48 50 54 46 10 75 111 109 112 114 101 115 105 106 97 32 105 32 122 97 115 116 105 116 97 32 112 111 100 97 116 97 107 97 32 50 48 50 54 46 10 75 111 109 ]: Kod 2158
BAJT [112 111 100 97 116 97 107 97 32 50 48 50 54 46 10 75 111 109 112 114 101 115 105 106 97 32 105 32 122 97 115 116 105 116 97 32 112 111 100 97 116 97 107 97 32 50 48 50 54 46 10 75 111 109 112 ]: Kod 2170
BAJT [112 111 100 97 116 97 107 97 32 50 48 50 54 46 10 75 111 109 112 114 101 115 105 106 97 32 105 32 122 97 115 116 105 116 97 32 112 111 100 97 116 97 107 97 32 50 48 50 54 46 10 75 111 109 112 114 ]: Kod 2219
BAJT [112 111 100 97 116 97 107 97 32 50 48 50 54 46 10 75 111 109 112 114 101 115 105 106 97 32 105 32 122 97 115 116 105 116 97 32 112 111 100 97 116 97 107 97 32 50 48 50 54 46 10 75 111 109 112 114 101 ]: Kod 2252
BAJT [112 111 100 97 116 97 107 97 32 50 48 50 54 46 10 75 111 109 112 114 101 115 105 106 97 32 105 32 122 97 115 116 105 116 97 32 112 111 100 97 116 97 107 97 32 50 48 50 54 46 10 75 111 109 112 114 101 115 ]: Kod 2270
BAJT [112 111 100 97 116 97 107 97 32 50 48 50 54 46 10 75 111 109 112 114 101 115 105 106 97 32 105 32 122 97 115 116 105 116 97 32 112 111 100 97 116 97 107 97 32 50 48 50 54 46 10 75 111 109 112 114 101 115 105 ]: Kod 2337
BAJT [112 111 100 97 116 97 107 97 32 50 48 50 54 46 10 75 111 109 112 114 101 115 105 106 97 32 105 32 122 97 115 116 105 116 97 32 112 111 100 97 116 97 107 97 32 50 48 50 54 46 10 75 111 109 112 114 101 115 105 106 ]: Kod 2356
BAJT [112 111 100 97 116 97 107 97 32 50 48 50 54 46 10 75 111 109 112 114 101 115 105 106 97 32 105 32 122 97 115 116 105 116 97 32 112 111 100 97 116 97 107 97 32 50 48 50 54 46 10 75 111 109 112 114 101 115 105 106 97 ]: Kod 2415
BAJT [112 111 100 97 116 97 107 97 32 50 48 50 54 46 10 75 111 109 112 114 101 115 105 106 97 32 105 32 122 97 115 116 105 116 97 32 112 111 100 97 116 97 107 97 32 50 48 50 54 46 10 75 111 109 112 114 101 115 105 106 97 32 ]: Kod 2434
BAJT [112 111 100 97 116 97 107 97 32 50 48 50 54 46 10 75 111 109 112 114 101 115 105 106 97 32 105 32 122 97 115 116 105 116 97 32 112 111 100 97 116 97 107 97 32 50 48 50 54 46 10 75 111 109 112 114 101 115 105 106 97 32 105 ]: Kod 2454
BAJT [112 111 100 97 116 97 107 97 32 50 48 50 54 46 10 75 111 109 112 114 101 115 105 106 97 32 105 32 122 97 115 116 105 116 97 32 112 111 100 97 116 97 107 97 32 50 48 50 54 46 10 75 111 109 112 114 101 115 105 106 97 32 105 32 ]: Kod 2495
BAJT [112 111 100 97 116 97 107 97 32 50 48 50 54 46 10 75 111 109 112 114 101 115 105 106 97 32 105 32 122 97 115 116 105 116 97 32 112 111 100 97 116 97 107 97 32 50 48 50 54 46 10 75 111 109 112 114 101 115 105 106 97 32 105 32 122 ]: Kod 2499
BAJT [112 111 100 97 116 97 107 97 32 50 48 50 54 46 10 75 111 109 112 114 101 115 105 106 97 32 105 32 122 97 115 116 105 116 97 32 112 111 100 97 116 97 107 97 32 50 48 50 54 46 10 75 111 109 112 114 101 115 105 106 97 32 105 32 122 97 ]: Kod 2559
BAJT [112 111 100 97 116 97 107 97 32 50 48 50 54 46 10 75 111 109 112 114 101 115 105 106 97 32 105 32 122 97 115 116 105 116 97 32 112 111 100 97 116 97 107 97 32 50 48 50 54 46 10 75 111 109 112 114 101 115 105 106 97 32 105 32 122 97 115 ]: Kod 2620
BAJT [112 111 100 97 116 97 107 97 32 50 48 50 54 46 10 75 111 109 112 114 101 115 105 106 97 32 105 32 122 97 115 116 105 116 97 32 112 111 100 97 116 97 107 97 32 50 48 50 54 46 10 75 111 109 112 114 101 115 105 106 97 32 105 32 122 97 115 116 ]: Kod 2639
BAJT [112 111 100 97 116 97 107 97 32 50 48 50 54 46 10 75 111 109 112 114 101 115 105 106 97 32 105 32 122 97 115 116 105 116 97 32 112 111 100 97 116 97 107 97 32 50 48 50 54 46 10 75 111 109 112 114 101 115 105 106 97 32 105 32 122 97 115 116 105 ]: Kod 2678
BAJT [112 111 100 97 116 97 107 97 32 50 48 50 54 46 10 75 111 109 112 114 101 115 105 106 97 32 105 32 122 97 115 116 105 116 97 32 112 111 100 97 116 97 107 97 32 50 48 50 54 46 10 75 111 109 112 114 101 115 105 106 97 32 105 32 122 97 115 116 105 116 ]: Kod 2706
BAJT [112 111 100 97 116 97 107 97 32 50 48 50 54 46 10 75 111 109 112 114 101 115 105 106 97 32 105 32 122 97 115 116 105 116 97 32 112 111 100 97 116 97 107 97 32 50 48 50 54 46 10 75 111 109 112 114 101 115 105 106 97 32 105 32 122 97 115 116 105 116 97 ]: Kod 2762
BAJT [112 111 100 97 116 97 107 97 32 50 48 50 54 46 10 75 111 109 112 114 101 115 105 106 97 32 105 32 122 97 115 116 105 116 97 32 112 111 100 97 116 97 107 97 32 50 48 50 54 46 10 75 111 109 112 114 101 115 105 106 97 32 105 32 122 97 115 116 105 116 97 32 ]: Kod 2786
BAJT [112 111 100 97 116 97 107 97 32 50 48 50 54 46 10 75 111 109 112 114 101 115 105 106 97 32 105 32 122 97 115 116 105 116 97 32 112 111 100 97 116 97 107 97 32 50 48 50 54 46 10 75 111 109 112 114 101 115 105 106 97 32 105 32 122 97 115 116 105 116 97 32 112 ]: Kod 2848
BAJT [112 111 100 97 116 97 107 97 32 50 48 50 54 46 10 75 111 109 112 114 101 115 105 106 97 32 105 32 122 97 115 116 105 116 97 32 112 111 100 97 116 97 107 97 32 50 48 50 54 46 10 75 111 109 112 114 101 115 105 106 97 32 105 32 122 97 115 116 105 116 97 32 112 111 ]: Kod 2849
BAJT [112 111 100 97 116 97 107 97 32 50 48 50 54 46 10 75 111 109 112 114 101 115 105 106 97 32 105 32 122 97 115 116 105 116 97 32 112 111 100 97 116 97 107 97 32 50 48 50 54 46 10 75 111 109 112 114 101 115 105 106 97 32 105 32 122 97 115 116 105 116 97 32 112 111 100 ]: Kod 2890
BAJT [112 111 100 97 116 97 107 97 32 50 48 50 54 46 10 75 111 109 112 114 101 115 105 106 97 32 105 32 122 97 115 116 105 116 97 32 112 111 100 97 116 97 107 97 32 50 48 50 54 46 10 75 111 109 112 114 101 115 105 106 97 32 105 32 122 97 115 116 105 116 97 32 112 111 100 97 ]: Kod 2924
BAJT [112 111 100 97 116 97 107 97 32 50 48 50 54 46 10 75 111 109 112 114 101 115 105 106 97 32 105 32 122 97 115 116 105 116 97 32 112 111 100 97 116 97 107 97 32 50 48 50 54 46 10 75 111 109 112 114 101 115 105 106 97 32 105 32 122 97 115 116 105 116 97 32 112 111 100 97 116 ]: Kod 2976
BAJT [112 111 100 97 116 97 107 97 32 50 48 50 54 46 10 75 111 109 112 114 101 115 105 106 97 32 105 32 122 97 115 116 105 116 97 32 112 111 100 97 116 97 107 97 32 50 48 50 54 46 10 75 111 109 112 114 101 115 105 106 97 32 105 32 122 97 115 116 105 116 97 32 112 111 100 97 116 97 ]: Kod 3008
BAJT [112 111 100 97 116 97 107 97 32 50 48 50 54 46 10 75 111 109 112 114 101 115 105 106 97 32 105 32 122 97 115 116 105 116 97 32 112 111 100 97 116 97 107 97 32 50 48 50 54 46 10 75 111 109 112 114 101 115 105 106 97 32 105 32 122 97 115 116 105 116 97 32 112 111 100 97 116 97 107 ]: Kod 3046
BAJT [112 111 100 97 116 97 107 97 32 50 48 50 54 46 10 75 111 109 112 114 101 115 105 106 97 32 105 32 122 97 115 116 105 116 97 32 112 111 100 97 116 97 107 97 32 50 48 50 54 46 10 75 111 109 112 114 101 115 105 106 97 32 105 32 122 97 115 116 105 116 97 32 112 111 100 97 116 97 107 97 ]: Kod 3052
BAJT [112 111 100 97 116 97 107 97 32 50 48 50 54 46 10 75 111 109 112 114 101 115 105 106 97 32 105 32 122 97 115 116 105 116 97 32 112 111 100 97 116 97 107 97 32 50 48 50 54 46 10 75 111 109 112 114 101 115 105 106 97 32 105 32 122 97 115 116 105 116 97 32 112 111 100 97 116 97 107 97 32 ]: Kod 3131
BAJT [112 111 100 97 116 97 107 97 32 50 48 50 54 46 10 75 111 109 112 114 101 115 105 106 97 32 105 32 122 97 115 116 105 116 97 32 112 111 100 97 116 97 107 97 32 50 48 50 54 46 10 75 111 109 112 114 101 115 105 106 97 32 105 32 122 97 115 116 105 116 97 32 112 111 100 97 116 97 107 97 32 50 ]: Kod 3151
BAJT [112 111 100 97 116 97 107 97 32 50 48 50 54 46 10 75 111 109 112 114 101 115 105 106 97 32 105 32 122 97 115 116 105 116 97 32 112 111 100 97 116 97 107 97 32 50 48 50 54 46 10 75 111 109 112 114 101 115 105 106 97 32 105 32 122 97 115 116 105 116 97 32 112 111 100 97 116 97 107 97 32 50 48 ]: Kod 3200
BAJT [112 111 100 97 116 97 107 97 32 50 48 50 54 46 10 75 111 109 112 114 101 115 105 106 97 32 105 32 122 97 115 116 105 116 97 32 112 111 100 97 116 97 107 97 32 50 48 50 54 46 10 75 111 109 112 114 101 115 105 106 97 32 105 32 122 97 115 116 105 116 97 32 112 111 100 97 116 97 107 97 32 50 48 50 ]: Kod 3233
BAJT [112 111 100 97 116 97 107 97 32 50 48 50 54 46 10 75 111 109 112 114 101 115 105 106 97 32 105 32 122 97 115 116 105 116 97 32 112 111 100 97 116 97 107 97 32 50 48 50 54 46 10 75 111 109 112 114 101 115 105 106 97 32 105 32 122 97 115 116 105 116 97 32 112 111 100 97 116 97 107 97 32 50 48 50 54 ]: Kod 3278
BAJT [112 111 100 97 116 97 107 97 32 50 48 50 54 46 10 75 111 109 112 114 101 115 105 106 97 32 105 32 122 97 115 116 105 116 97 32 112 111 100 97 116 97 107 97 32 50 48 50 54 46 10 75 111 109 112 114 101 115 105 106 97 32 105 32 122 97 115 116 105 116 97 32 112 111 100 97 116 97 107 97 32 50 48 50 54 46 ]: Kod 3309
BAJT [112 111 100 97 116 97 107 97 32 50 48 50 54 46 10 75 111 109 112 114 101 115 105 106 97 32 105 32 122 97 115 116 105 116 97 32 112 111 100 97 116 97 107 97 32 50 48 50 54 46 10 75 111 109 112 114 101 115 105 106 97 32 105 32 122 97 115 116 105 116 97 32 112 111 100 97 116 97 107 97 32 50 48 50 54 46 10 ]: Kod 3317
BAJT [112 111 100 97 116 97 107 97 32 50 48 50 54 46 10 75 111 109 112 114 101 115 105 106 97 32 105 32 122 97 115 116 105 116 97 32 112 111 100 97 116 97 107 97 32 50 48 50 54 46 10 75 111 109 112 114 101 115 105 106 97 32 105 32 122 97 115 116 105 116 97 32 112 111 100 97 116 97 107 97 32 50 48 50 54 46 10 75 ]: Kod 3360
BAJT [112 111 100 97 116 97 107 97 32 50 48 50 54 46 10 75 111 109 112 114 101 115 105 106 97 32 105 32 122 97 115 116 105 116 97 32 112 111 100 97 116 97 107 97 32 50 48 50 54 46 10 75 111 109 112 114 101 115 105 106 97 32 105 32 122 97 115 116 105 116 97 32 112 111 100 97 116 97 107 97 32 50 48 50 54 46 10 75 111 ]: Kod 3402
BAJT [112 111 100 97 116 97 107 97 32 50 48 50 54 46 10 75 111 109 112 114 101 115 105 106 97 32 105 32 122 97 115 116 105 116 97 32 112 111 100 97 116 97 107 97 32 50 48 50 54 46 10 75 111 109 112 114 101 115 105 106 97 32 105 32 122 97 115 116 105 116 97 32 112 111 100 97 116 97 107 97 32 50 48 50 54 46 10 75 111 109 ]: Kod 3454
BAJT [112 111 100 97 116 97 107 97 32 50 48 50 54 46 10 75 111 109 112 114 101 115 105 106 97 32 105 32 122 97 115 116 105 116 97 32 112 111 100 97 116 97 107 97 32 50 48 50 54 46 10 75 111 109 112 114 101 115 105 106 97 32 105 32 122 97 115 116 105 116 97 32 112 111 100 97 116 97 107 97 32 50 48 50 54 46 10 75 111 109 112 ]: Kod 3466
BAJT [112 111 100 97 116 97 107 97 32 50 48 50 54 46 10 75 111 109 112 114 101 115 105 106 97 32 105 32 122 97 115 116 105 116 97 32 112 111 100 97 116 97 107 97 32 50 48 50 54 46 10 75 111 109 112 114 101 115 105 106 97 32 105 32 122 97 115 116 105 116 97 32 112 111 100 97 116 97 107 97 32 50 48 50 54 46 10 75 111 109 112 114 ]: Kod 3515
BAJT [112 111 100 97 116 97 107 97 32 50 48 50 54 46 10 75 111 109 112 114 101 115 105 106 97 32 105 32 122 97 115 116 105 116 97 32 112 111 100 97 116 97 107 97 32 50 48 50 54 46 10 75 111 109 112 114 101 115 105 106 97 32 105 32 122 97 115 116 105 116 97 32 112 111 100 97 116 97 107 97 32 50 48 50 54 46 10 75 111 109 112 114 101 ]: Kod 3548
BAJT [112 111 100 97 116 97 107 97 32 50 48 50 54 46 10 75 111 109 112 114 101 115 105 106 97 32 105 32 122 97 115 116 105 116 97 32 112 111 100 97 116 97 107 97 32 50 48 50 54 46 10 75 111 109 112 114 101 115 105 106 97 32 105 32 122 97 115 116 105 116 97 32 112 111 100 97 116 97 107 97 32 50 48 50 54 46 10 75 111 109 112 114 101 115 ]: Kod 3566
BAJT [112 111 100 97 116 97 107 97 32 50 48 50 54 46 10 75 111 109 112 114 101 115 105 106 97 32 105 32 122 97 115 116 105 116 97 32 112 111 100 97 116 97 107 97 32 50 48 50 54 46 10 75 111 109 112 114 101 115 105 106 97 32 105 32 122 97 115 116 105 116 97 32 112 111 100 97 116 97 107 97 32 50 48 50 54 46 10 75 111 109 112 114 101 115 105 ]: Kod 3633
BAJT [112 111 100 97 116 97 107 97 32 50 48 50 54 46 10 75 111 109 112 114 101 115 105 106 97 32 105 32 122 97 115 116 105 116 97 32 112 111 100 97 116 97 107 97 32 50 48 50 54 46 10 75 111 109 112 114 101 115 105 106 97 32 105 32 122 97 115 116 105 116 97 32 112 111 100 97 116 97 107 97 32 50 48 50 54 46 10 75 111 109 112 114 101 115 105 106 ]: Kod 3652
BAJT [112 111 100 97 116 97 107 97 32 50 48 50 54 46 10 75 111 109 112 114 101 115 105 106 97 32 105 32 122 97 115 116 105 116 97 32 112 111 100 97 116 97 107 97 32 50 48 50 54 46 10 75 111 109 112 114 101 115 105 106 97 32 105 32 122 97 115 116 105 116 97 32 112 111 100 97 116 97 107 97 32 50 48 50 54 46 10 75 111 109 112 114 101 115 105 106 97 ]: Kod 3711
BAJT [112 111 100 97 116 97 107 97 32 50 48 50 54 46 10 75 111 109 112 114 101 115 105 106 97 32 105 32 122 97 115 116 105 116 97 32 112 111 100 97 116 97 107 97 32 50 48 50 54 46 10 75 111 109 112 114 101 115 105 106 97 32 105 32 122 97 115 116 105 116 97 32 112 111 100 97 116 97 107 97 32 50 48 50 54 46 10 75 111 109 112 114 101 115 105 106 97 32 ]: Kod 3730
BAJT [112 111 100 97 116 97 107 97 32 50 48 50 54 46 10 75 111 109 112 114 101 115 105 106 97 32 105 32 122 97 115 116 105 116 97 32 112 111 100 97 116 97 107 97 32 50 48 50 54 46 10 75 111 109 112 114 101 115 105 106 97 32 105 32 122 97 115 116 105 116 97 32 112 111 100 97 116 97 107 97 32 50 48 50 54 46 10 75 111 109 112 114 101 115 105 106 97 32 105 ]: Kod 3750
BAJT [112 111 100 97 116 97 107 97 32 50 48 50 54 46 10 75 111 109 112 114 101 115 105 106 97 32 105 32 122 97 115 116 105 116 97 32 112 111 100 97 116 97 107 97 32 50 48 50 54 46 10 75 111 109 112 114 101 115 105 106 97 32 105 32 122 97 115 116 105 116 97 32 112 111 100 97 116 97 107 97 32 50 48 50 54 46 10 75 111 109 112 114 101 115 105 106 97 32 105 32 ]: Kod 3791
BAJT [112 111 100 97 116 97 107 97 32 50 48 50 54 46 10 75 111 109 112 114 101 115 105 106 97 32 105 32 122 97 115 116 105 116 97 32 112 111 100 97 116 97 107 97 32 50 48 50 54 46 10 75 111 109 112 114 101 115 105 106 97 32 105 32 122 97 115 116 105 116 97 32 112 111 100 97 116 97 107 97 32 50 48 50 54 46 10 75 111 109 112 114 101 115 105 106 97 32 105 32 122 ]: Kod 3795
BAJT [112 111 100 97 116 97 107 97 32 50 48 50 54 46 10 75 111 109 112 114 101 115 105 106 97 32 105 32 122 97 115 116 105 116 97 32 112 111 100 97 116 97 107 97 32 50 48 50 54 46 10 75 111 109 112 114 101 115 105 106 97 32 105 32 122 97 115 116 105 116 97 32 112 111 100 97 116 97 107 97 32 50 48 50 54 46 10 75 111 109 112 114 101 115 105 106 97 32 105 32 122 97 ]: Kod 3855
BAJT [112 111 100 97 116 97 107 97 32 50 48 50 54 46 10 75 111 109 112 114 101 115 105 106 97 32 105 32 122 97 115 116 105 116 97 32 112 111 100 97 116 97 107 97 32 50 48 50 54 46 10 75 111 109 112 114 101 115 105 106 97 32 105 32 122 97 115 116 105 116 97 32 112 111 100 97 116 97 107 97 32 50 48 50 54 46 10 75 111 109 112 114 101 115 105 106 97 32 105 32 122 97 115 ]: Kod 3916
BAJT [112 111 100 97 116 97 107 97 32 50 48 50 54 46 10 75 111 109 112 114 101 115 105 106 97 32 105 32 122 97 115 116 105 116 97 32 112 111 100 97 116 97 107 97 32 50 48 50 54 46 10 75 111 109 112 114 101 115 105 106 97 32 105 32 122 97 115 116 105 116 97 32 112 111 100 97 116 97 107 97 32 50 48 50 54 46 10 75 111 109 112 114 101 115 105 106 97 32 105 32 122 97 115 116 ]: Kod 3935
BAJT [112 111 100 97 116 97 107 97 32 50 48 50 54 46 10 75 111 109 112 114 101 115 105 106 97 32 105 32 122 97 115 116 105 116 97 32 112 111 100 97 116 97 107 97 32 50 48 50 54 46 10 75 111 109 112 114 101 115 105 106 97 32 105 32 122 97 115 116 105 116 97 32 112 111 100 97 116 97 107 97 32 50 48 50 54 46 10 75 111 109 112 114 101 115 105 106 97 32 105 32 122 97 115 116 105 ]: Kod 3974
BAJT [112 111 100 97 116 97 107 97 32 50 48 50 54 46 10 75 111 109 112 114 101 115 105 106 97 32 105 32 122 97 115 116 105 116 97 32 112 111 100 97 116 97 107 97 32 50 48 50 54 46 10 75 111 109 112 114 101 115 105 106 97 32 105 32 122 97 115 116 105 116 97 32 112 111 100 97 116 97 107 97 32 50 48 50 54 46 10 75 111 109 112 114 101 115 105 106 97 32 105 32 122 97 115 116 105 116 ]: Kod 4002
BAJT [112 111 100 97 116 97 107 97 32 50 48 50 54 46 10 75 111 109 112 114 101 115 105 106 97 32 105 32 122 97 115 116 105 116 97 32 112 111 100 97 116 97 107 97 32 50 48 50 54 46 10 75 111 109 112 114 101 115 105 106 97 32 105 32 122 97 115 116 105 116 97 32 112 111 100 97 116 97 107 97 32 50 48 50 54 46 10 75 111 109 112 114 101 115 105 106 97 32 105 32 122 97 115 116 105 116 97 ]: Kod 4058
BAJT [112 111 100 97 116 97 107 97 32 50 48 50 54 46 10 75 111 109 112 114 101 115 105 106 97 32 105 32 122 97 115 116 105 116 97 32 112 111 100 97 116 97 107 97 32 50 48 50 54 46 10 75 111 109 112 114 101 115 105 106 97 32 105 32 122 97 115 116 105 116 97 32 112 111 100 97 116 97 107 97 32 50 48 50 54 46 10 75 111 109 112 114 101 115 105 106 97 32 105 32 122 97 115 116 105 116 97 32 ]: Kod 4082
BAJT [112 114 ]: Kod 259
BAJT [112 114 101 ]: Kod 308
BAJT [112 114 101 115 ]: Kod 326
BAJT [112 114 101 115 105 ]: Kod 371
BAJT [112 114 101 115 105 106 ]: Kod 433
BAJT [112 114 101 115 105 106 97 ]: Kod 457
BAJT [112 114 101 115 105 106 97 32 ]: Kod 485
BAJT [112 114 101 115 105 106 97 32 105 ]: Kod 519
BAJT [112 114 101 115 105 106 97 32 105 32 ]: Kod 561
BAJT [112 114 101 115 105 106 97 32 105 32 122 ]: Kod 599
BAJT [112 114 101 115 105 106 97 32 105 32 122 97 ]: Kod 646
BAJT [112 114 101 115 105 106 97 32 105 32 122 97 115 ]: Kod 664
BAJT [112 114 101 115 105 106 97 32 105 32 122 97 115 116 ]: Kod 710
BAJT [112 114 101 115 105 106 97 32 105 32 122 97 115 116 105 ]: Kod 734
BAJT [112 114 101 115 105 106 97 32 105 32 122 97 115 116 105 116 ]: Kod 762
BAJT [112 114 101 115 105 106 97 32 105 32 122 97 115 116 105 116 97 ]: Kod 827
BAJT [112 114 101 115 105 106 97 32 105 32 122 97 115 116 105 116 97 32 ]: Kod 846
BAJT [112 114 101 115 105 106 97 32 105 32 122 97 115 116 105 116 97 32 112 ]: Kod 873
BAJT [112 114 101 115 105 106 97 32 105 32 122 97 115 116 105 116 97 32 112 111 ]: Kod 875
BAJT [112 114 101 115 105 106 97 32 105 32 122 97 115 116 105 116 97 32 112 111 100 ]: Kod 939
BAJT [112 114 101 115 105 106 97 32 105 32 122 97 115 116 105 116 97 32 112 111 100 97 ]: Kod 980
BAJT [112 114 101 115 105 106 97 32 105 32 122 97 115 116 105 116 97 32 112 111 100 97 116 ]: Kod 1032
BAJT [112 114 101 115 105 106 97 32 105 32 122 97 115 116 105 116 97 32 112 111 100 97 116 97 ]: Kod 1067
BAJT [112 114 101 115 105 106 97 32 105 32 122 97 115 116 105 116 97 32 112 111 100 97 116 97 107 ]: Kod 1093
BAJT [112 114 101 115 105 106 97 32 105 32 122 97 115 116 105 116 97 32 112 111 100 97 116 97 107 97 ]: Kod 1133
BAJT [112 114 101 115 105 106 97 32 105 32 122 97 115 116 105 116 97 32 112 111 100 97 116 97 107 97 32 ]: Kod 1167
BAJT [112 114 101 115 105 106 97 32 105 32 122 97 115 116 105 116 97 32 112 111 100 97 116 97 107 97 32 50 ]: Kod 1201
BAJT [112 114 101 115 105 106 97 32 105 32 122 97 115 116 105 116 97 32 112 111 100 97 116 97 107 97 32 50 48 ]: Kod 1247
BAJT [112 114 101 115 105 106 97 32 105 32 122 97 115 116 105 116 97 32 112 111 100 97 116 97 107 97 32 50 48 50 ]: Kod 1276
BAJT [112 114 101 115 105 106 97 32 105 32 122 97 115 116 105 116 97 32 112 111 100 97 116 97 107 97 32 50 48 50 54 ]: Kod 1321
BAJT [112 114 101 115 105 106 97 32 105 32 122 97 115 116 105 116 97 32 112 111 100 97 116 97 107 97 32 50 48 50 54 46 ]: Kod 1370
BAJT [112 114 101 115 105 106 97 32 105 32 122 97 115 116 105 116 97 32 112 111 100 97 116 97 107 97 32 50 48 50 54 46 10 ]: Kod 1395
BAJT [112 114 101 115 105 106 97 32 105 32 122 97 115 116 105 116 97 32 112 111 100 97 116 97 107 97 32 50 48 50 54 46 10 75 ]: Kod 1416
BAJT [112 114 101 115 105 106 97 32 105 32 122 97 115 116 105 116 97 32 112 111 100 97 116 97 107 97 32 50 48 50 54 46 10 75 111 ]: Kod 1458
BAJT [112 114 101 115 105 106 97 32 105 32 122 97 115 116 105 116 97 32 112 111 100 97 116 97 107 97 32 50 48 50 54 46 10 75 111 109 ]: Kod 1507
BAJT [112 114 101 115 105 106 97 32 105 32 122 97 115 116 105 116 97 32 112 111 100 97 116 97 107 97 32 50 48 50 54 46 10 75 111 109 112 ]: Kod 1516
BAJT [112 114 101 115 105 106 97 32 105 32 122 97 115 116 105 116 97 32 112 111 100 97 116 97 107 97 32 50 48 50 54 46 10 75 111 109 112 114 ]: Kod 1517
BAJT [112 114 101 115 105 106 97 32 105 32 122 97 115 116 105 116 97 32 112 111 100 97 116 97 107 97 32 50 48 50 54 46 10 75 111 109 112 114 101 ]: Kod 1602
BAJT [112 114 101 115 105 106 97 32 105 32 122 97 115 116 105 116 97 32 112 111 100 97 116 97 107 97 32 50 48 50 54 46 10 75 111 109 112 114 101 115 ]: Kod 1622
BAJT [112 114 101 115 105 106 97 32 105 32 122 97 115 116 105 116 97 32 112 111 100 97 116 97 107 97 32 50 48 50 54 46 10 75 111 109 112 114 101 115 105 ]: Kod 1667
BAJT [112 114 101 115 105 106 97 32 105 32 122 97 115 116 105 116 97 32 112 111 100 97 116 97 107 97 32 50 48 50 54 46 10 75 111 109 112 114 101 115 105 106 ]: Kod 1729
BAJT [112 114 101 115 105 106 97 32 105 32 122 97 115 116 105 116 97 32 112 111 100 97 116 97 107 97 32 50 48 50 54 46 10 75 111 109 112 114 101 115 105 106 97 ]: Kod 1753
BAJT [112 114 101 115 105 106 97 32 105 32 122 97 115 116 105 116 97 32 112 111 100 97 116 97 107 97 32 50 48 50 54 46 10 75 111 109 112 114 101 115 105 106 97 32 ]: Kod 1781
BAJT [112 114 101 115 105 106 97 32 105 32 122 97 115 116 105 116 97 32 112 111 100 97 116 97 107 97 32 50 48 50 54 46 10 75 111 109 112 114 101 115 105 106 97 32 105 ]: Kod 1815
BAJT [112 114 101 115 105 106 97 32 105 32 122 97 115 116 105 116 97 32 112 111 100 97 116 97 107 97 32 50 48 50 54 46 10 75 111 109 112 114 101 115 105 106 97 32 105 32 ]: Kod 1857
BAJT [112 114 101 115 105 106 97 32 105 32 122 97 115 116 105 116 97 32 112 111 100 97 116 97 107 97 32 50 48 50 54 46 10 75 111 109 112 114 101 115 105 106 97 32 105 32 122 ]: Kod 1895
BAJT [112 114 101 115 105 106 97 32 105 32 122 97 115 116 105 116 97 32 112 111 100 97 116 97 107 97 32 50 48 50 54 46 10 75 111 109 112 114 101 115 105 106 97 32 105 32 122 97 ]: Kod 1942
BAJT [112 114 101 115 105 106 97 32 105 32 122 97 115 116 105 116 97 32 112 111 100 97 116 97 107 97 32 50 48 50 54 46 10 75 111 109 112 114 101 115 105 106 97 32 105 32 122 97 115 ]: Kod 1960
BAJT [112 114 101 115 105 106 97 32 105 32 122 97 115 116 105 116 97 32 112 111 100 97 116 97 107 97 32 50 48 50 54 46 10 75 111 109 112 114 101 115 105 106 97 32 105 32 122 97 115 116 ]: Kod 2006
BAJT [112 114 101 115 105 106 97 32 105 32 122 97 115 116 105 116 97 32 112 111 100 97 116 97 107 97 32 50 48 50 54 46 10 75 111 109 112 114 101 115 105 106 97 32 105 32 122 97 115 116 105 ]: Kod 2030
BAJT [112 114 101 115 105 106 97 32 105 32 122 97 115 116 105 116 97 32 112 111 100 97 116 97 107 97 32 50 48 50 54 46 10 75 111 109 112 114 101 115 105 106 97 32 105 32 122 97 115 116 105 116 ]: Kod 2058
BAJT [112 114 101 115 105 106 97 32 105 32 122 97 115 116 105 116 97 32 112 111 100 97 116 97 107 97 32 50 48 50 54 46 10 75 111 109 112 114 101 115 105 106 97 32 105 32 122 97 115 116 105 116 97 ]: Kod 2123
BAJT [112 114 101 115 105 106 97 32 105 32 122 97 115 116 105 116 97 32 112 111 100 97 116 97 107 97 32 50 48 50 54 46 10 75 111 109 112 114 101 115 105 106 97 32 105 32 122 97 115 116 105 116 97 32 ]: Kod 2142
BAJT [112 114 101 115 105 106 97 32 105 32 122 97 115 116 105 116 97 32 112 111 100 97 116 97 107 97 32 50 48 50 54 46 10 75 111 109 112 114 101 115 105 106 97 32 105 32 122 97 115 116 105 116 97 32 112 ]: Kod 2169
BAJT [112 114 101 115 105 106 97 32 105 32 122 97 115 116 105 116 97 32 112 111 100 97 116 97 107 97 32 50 48 50 54 46 10 75 111 109 112 114 101 115 105 106 97 32 105 32 122 97 115 116 105 116 97 32 112 111 ]: Kod 2171
BAJT [112 114 101 115 105 106 97 32 105 32 122 97 115 116 105 116 97 32 112 111 100 97 116 97 107 97 32 50 48 50 54 46 10 75 111 109 112 114 101 115 105 106 97 32 105 32 122 97 115 116 105 116 97 32 112 111 100 ]: Kod 2235
BAJT [112 114 101 115 105 106 97 32 105 32 122 97 115 116 105 116 97 32 112 111 100 97 116 97 107 97 32 50 48 50 54 46 10 75 111 109 112 114 101 115 105 106 97 32 105 32 122 97 115 116 105 116 97 32 112 111 100 97 ]: Kod 2276
BAJT [112 114 101 115 105 106 97 32 105 32 122 97 115 116 105 116 97 32 112 111 100 97 116 97 107 97 32 50 48 50 54 46 10 75 111 109 112 114 101 115 105 106 97 32 105 32 122 97 115 116 105 116 97 32 112 111 100 97 116 ]: Kod 2328
BAJT [112 114 101 115 105 106 97 32 105 32 122 97 115 116 105 116 97 32 112 111 100 97 116 97 107 97 32 50 48 50 54 46 10 75 111 109 112 114 101 115 105 106 97 32 105 32 122 97 115 116 105 116 97 32 112 111 100 97 116 97 ]: Kod 2363
BAJT [112 114 101 115 105 106 97 32 105 32 122 97 115 116 105 116 97 32 112 111 100 97 116 97 107 97 32 50 48 50 54 46 10 75 111 109 112 114 101 115 105 106 97 32 105 32 122 97 115 116 105 116 97 32 112 111 100 97 116 97 107 ]: Kod 2389
BAJT [112 114 101 115 105 106 97 32 105 32 122 97 115 116 105 116 97 32 112 111 100 97 116 97 107 97 32 50 48 50 54 46 10 75 111 109 112 114 101 115 105 106 97 32 105 32 122 97 115 116 105 116 97 32 112 111 100 97 116 97 107 97 ]: Kod 2429
BAJT [112 114 101 115 105 106 97 32 105 32 122 97 115 116 105 116 97 32 112 111 100 97 116 97 107 97 32 50 48 50 54 46 10 75 111 109 112 114 101 115 105 106 97 32 105 32 122 97 115 116 105 116 97 32 112 111 100 97 116 97 107 97 32 ]: Kod 2463
BAJT [112 114 101 115 105 106 97 32 105 32 122 97 115 116 105 116 97 32 112 111 100 97 116 97 107 97 32 50 48 50 54 46 10 75 111 109 112 114 101 115 105 106 97 32 105 32 122 97 115 116 105 116 97 32 112 111 100 97 116 97 107 97 32 50 ]: Kod 2497
BAJT [112 114 101 115 105 106 97 32 105 32 122 97 115 116 105 116 97 32 112 111 100 97 116 97 107 97 32 50 48 50 54 46 10 75 111 109 112 114 101 115 105 106 97 32 105 32 122 97 115 116 105 116 97 32 112 111 100 97 116 97 107 97 32 50 48 ]: Kod 2543
BAJT [112 114 101 115 105 106 97 32 105 32 122 97 115 116 105 116 97 32 112 111 100 97 116 97 107 97 32 50 48 50 54 46 10 75 111 109 112 114 101 115 105 106 97 32 105 32 122 97 115 116 105 116 97 32 112 111 100 97 116 97 107 97 32 50 48 50 ]: Kod 2572
BAJT [112 114 101 115 105 106 97 32 105 32 122 97 115 116 105 116 97 32 112 111 100 97 116 97 107 97 32 50 48 50 54 46 10 75 111 109 112 114 101 115 105 106 97 32 105 32 122 97 115 116 105 116 97 32 112 111 100 97 116 97 107 97 32 50 48 50 54 ]: Kod 2617
BAJT [112 114 101 115 105 106 97 32 105 32 122 97 115 116 105 116 97 32 112 111 100 97 116 97 107 97 32 50 48 50 54 46 10 75 111 109 112 114 101 115 105 106 97 32 105 32 122 97 115 116 105 116 97 32 112 111 100 97 116 97 107 97 32 50 48 50 54 46 ]: Kod 2666
BAJT [112 114 101 115 105 106 97 32 105 32 122 97 115 116 105 116 97 32 112 111 100 97 116 97 107 97 32 50 48 50 54 46 10 75 111 109 112 114 101 115 105 106 97 32 105 32 122 97 115 116 105 116 97 32 112 111 100 97 116 97 107 97 32 50 48 50 54 46 10 ]: Kod 2691
BAJT [112 114 101 115 105 106 97 32 105 32 122 97 115 116 105 116 97 32 112 111 100 97 116 97 107 97 32 50 48 50 54 46 10 75 111 109 112 114 101 115 105 106 97 32 105 32 122 97 115 116 105 116 97 32 112 111 100 97 116 97 107 97 32 50 48 50 54 46 10 75 ]: Kod 2712
BAJT [112 114 101 115 105 106 97 32 105 32 122 97 115 116 105 116 97 32 112 111 100 97 116 97 107 97 32 50 48 50 54 46 10 75 111 109 112 114 101 115 105 106 97 32 105 32 122 97 115 116 105 116 97 32 112 111 100 97 116 97 107 97 32 50 48 50 54 46 10 75 111 ]: Kod 2754
BAJT [112 114 101 115 105 106 97 32 105 32 122 97 115 116 105 116 97 32 112 111 100 97 116 97 107 97 32 50 48 50 54 46 10 75 111 109 112 114 101 115 105 106 97 32 105 32 122 97 115 116 105 116 97 32 112 111 100 97 116 97 107 97 32 50 48 50 54 46 10 75 111 109 ]: Kod 2803
BAJT [112 114 101 115 105 106 97 32 105 32 122 97 115 116 105 116 97 32 112 111 100 97 116 97 107 97 32 50 48 50 54 46 10 75 111 109 112 114 101 115 105 106 97 32 105 32 122 97 115 116 105 116 97 32 112 111 100 97 116 97 107 97 32 50 48 50 54 46 10 75 111 109 112 ]: Kod 2812
BAJT [112 114 101 115 105 106 97 32 105 32 122 97 115 116 105 116 97 32 112 111 100 97 116 97 107 97 32 50 48 50 54 46 10 75 111 109 112 114 101 115 105 106 97 32 105 32 122 97 115 116 105 116 97 32 112 111 100 97 116 97 107 97 32 50 48 50 54 46 10 75 111 109 112 114 ]: Kod 2813
BAJT [112 114 101 115 105 106 97 32 105 32 122 97 115 116 105 116 97 32 112 111 100 97 116 97 107 97 32 50 48 50 54 46 10 75 111 109 112 114 101 115 105 106 97 32 105 32 122 97 115 116 105 116 97 32 112 111 100 97 116 97 107 97 32 50 48 50 54 46 10 75 111 109 112 114 101 ]: Kod 2898
BAJT [112 114 101 115 105 106 97 32 105 32 122 97 115 116 105 116 97 32 112 111 100 97 116 97 107 97 32 50 48 50 54 46 10 75 111 109 112 114 101 115 105 106 97 32 105 32 122 97 115 116 105 116 97 32 112 111 100 97 116 97 107 97 32 50 48 50 54 46 10 75 111 109 112 114 101 115 ]: Kod 2918
BAJT [112 114 101 115 105 106 97 32 105 32 122 97 115 116 105 116 97 32 112 111 100 97 116 97 107 97 32 50 48 50 54 46 10 75 111 109 112 114 101 115 105 106 97 32 105 32 122 97 115 116 105 116 97 32 112 111 100 97 116 97 107 97 32 50 48 50 54 46 10 75 111 109 112 114 101 115 105 ]: Kod 2963
BAJT [112 114 101 115 105 106 97 32 105 32 122 97 115 116 105 116 97 32 112 111 100 97 116 97 107 97 32 50 48 50 54 46 10 75 111 109 112 114 101 115 105 106 97 32 105 32 122 97 115 116 105 116 97 32 112 111 100 97 116 97 107 97 32 50 48 50 54 46 10 75 111 109 112 114 101 115 105 106 ]: Kod 3025
BAJT [112 114 101 115 105 106 97 32 105 32 122 97 115 116 105 116 97 32 112 111 100 97 116 97 107 97 32 50 48 50 54 46 10 75 111 109 112 114 101 115 105 106 97 32 105 32 122 97 115 116 105 116 97 32 112 111 100 97 116 97 107 97 32 50 48 50 54 46 10 75 111 109 112 114 101 115 105 106 97 ]: Kod 3049
BAJT [112 114 101 115 105 106 97 32 105 32 122 97 115 116 105 116 97 32 112 111 100 97 116 97 107 97 32 50 48 50 54 46 10 75 111 109 112 114 101 115 105 106 97 32 105 32 122 97 115 116 105 116 97 32 112 111 100 97 116 97 107 97 32 50 48 50 54 46 10 75 111 109 112 114 101 115 105 106 97 32 ]: Kod 3077
BAJT [112 114 101 115 105 106 97 32 105 32 122 97 115 116 105 116 97 32 112 111 100 97 116 97 107 97 32 50 48 50 54 46 10 75 111 109 112 114 101 115 105 106 97 32 105 32 122 97 115 116 105 116 97 32 112 111 100 97 116 97 107 97 32 50 48 50 54 46 10 75 111 109 112 114 101 115 105 106 97 32 105 ]: Kod 3111
BAJT [112 114 101 115 105 106 97 32 105 32 122 97 115 116 105 116 97 32 112 111 100 97 116 97 107 97 32 50 48 50 54 46 10 75 111 109 112 114 101 115 105 106 97 32 105 32 122 97 115 116 105 116 97 32 112 111 100 97 116 97 107 97 32 50 48 50 54 46 10 75 111 109 112 114 101 115 105 106 97 32 105 32 ]: Kod 3153
BAJT [112 114 101 115 105 106 97 32 105 32 122 97 115 116 105 116 97 32 112 111 100 97 116 97 107 97 32 50 48 50 54 46 10 75 111 109 112 114 101 115 105 106 97 32 105 32 122 97 115 116 105 116 97 32 112 111 100 97 116 97 107 97 32 50 48 50 54 46 10 75 111 109 112 114 101 115 105 106 97 32 105 32 122 ]: Kod 3191
BAJT [112 114 101 115 105 106 97 32 105 32 122 97 115 116 105 116 97 32 112 111 100 97 116 97 107 97 32 50 48 50 54 46 10 75 111 109 112 114 101 115 105 106 97 32 105 32 122 97 115 116 105 116 97 32 112 111 100 97 116 97 107 97 32 50 48 50 54 46 10 75 111 109 112 114 101 115 105 106 97 32 105 32 122 97 ]: Kod 3238
BAJT [112 114 101 115 105 106 97 32 105 32 122 97 115 116 105 116 97 32 112 111 100 97 116 97 107 97 32 50 48 50 54 46 10 75 111 109 112 114 101 115 105 106 97 32 105 32 122 97 115 116 105 116 97 32 112 111 100 97 116 97 107 97 32 50 48 50 54 46 10 75 111 109 112 114 101 115 105 106 97 32 105 32 122 97 115 ]: Kod 3256
BAJT [112 114 101 115 105 106 97 32 105 32 122 97 115 116 105 116 97 32 112 111 100 97 116 97 107 97 32 50 48 50 54 46 10 75 111 109 112 114 101 115 105 106 97 32 105 32 122 97 115 116 105 116 97 32 112 111 100 97 116 97 107 97 32 50 48 50 54 46 10 75 111 109 112 114 101 115 105 106 97 32 105 32 122 97 115 116 ]: Kod 3302
BAJT [112 114 101 115 105 106 97 32 105 32 122 97 115 116 105 116 97 32 112 111 100 97 116 97 107 97 32 50 48 50 54 46 10 75 111 109 112 114 101 115 105 106 97 32 105 32 122 97 115 116 105 116 97 32 112 111 100 97 116 97 107 97 32 50 48 50 54 46 10 75 111 109 112 114 101 115 105 106 97 32 105 32 122 97 115 116 105 ]: Kod 3326
BAJT [112 114 101 115 105 106 97 32 105 32 122 97 115 116 105 116 97 32 112 111 100 97 116 97 107 97 32 50 48 50 54 46 10 75 111 109 112 114 101 115 105 106 97 32 105 32 122 97 115 116 105 116 97 32 112 111 100 97 116 97 107 97 32 50 48 50 54 46 10 75 111 109 112 114 101 115 105 106 97 32 105 32 122 97 115 116 105 116 ]: Kod 3354
BAJT [112 114 101 115 105 106 97 32 105 32 122 97 115 116 105 116 97 32 112 111 100 97 116 97 107 97 32 50 48 50 54 46 10 75 111 109 112 114 101 115 105 106 97 32 105 32 122 97 115 116 105 116 97 32 112 111 100 97 116 97 107 97 32 50 48 50 54 46 10 75 111 109 112 114 101 115 105 106 97 32 105 32 122 97 115 116 105 116 97 ]: Kod 3419
BAJT [112 114 101 115 105 106 97 32 105 32 122 97 115 116 105 116 97 32 112 111 100 97 116 97 107 97 32 50 48 50 54 46 10 75 111 109 112 114 101 115 105 106 97 32 105 32 122 97 115 116 105 116 97 32 112 111 100 97 116 97 107 97 32 50 48 50 54 46 10 75 111 109 112 114 101 115 105 106 97 32 105 32 122 97 115 116 105 116 97 32 ]: Kod 3438
BAJT [112 114 101 115 105 106 97 32 105 32 122 97 115 116 105 116 97 32 112 111 100 97 116 97 107 97 32 50 48 50 54 46 10 75 111 109 112 114 101 115 105 106 97 32 105 32 122 97 115 116 105 116 97 32 112 111 100 97 116 97 107 97 32 50 48 50 54 46 10 75 111 109 112 114 101 115 105 106 97 32 105 32 122 97 115 116 105 116 97 32 112 ]: Kod 3465
BAJT [112 114 101 115 105 106 97 32 105 32 122 97 115 116 105 116 97 32 112 111 100 97 116 97 107 97 32 50 48 50 54 46 10 75 111 109 112 114 101 115 105 106 97 32 105 32 122 97 115 116 105 116 97 32 112 111 100 97 116 97 107 97 32 50 48 50 54 46 10 75 111 109 112 114 101 115 105 106 97 32 105 32 122 97 115 116 105 116 97 32 112 111 ]: Kod 3467
BAJT [112 114 101 115 105 106 97 32 105 32 122 97 115 116 105 116 97 32 112 111 100 97 116 97 107 97 32 50 48 50 54 46 10 75 111 109 112 114 101 115 105 106 97 32 105 32 122 97 115 116 105 116 97 32 112 111 100 97 116 97 107 97 32 50 48 50 54 46 10 75 111 109 112 114 101 115 105 106 97 32 105 32 122 97 115 116 105 116 97 32 112 111 100 ]: Kod 3531
BAJT [112 114 101 115 105 106 97 32 105 32 122 97 115 116 105 116 97 32 112 111 100 97 116 97 107 97 32 50 48 50 54 46 10 75 111 109 112 114 101 115 105 106 97 32 105 32 122 97 115 116 105 116 97 32 112 111 100 97 116 97 107 97 32 50 48 50 54 46 10 75 111 109 112 114 101 115 105 106 97 32 105 32 122 97 115 116 105 116 97 32 112 111 100 97 ]: Kod 3572
BAJT [112 114 101 115 105 106 97 32 105 32 122 97 115 116 105 116 97 32 112 111 100 97 116 97 107 97 32 50 48 50 54 46 10 75 111 109 112 114 101 115 105 106 97 32 105 32 122 97 115 116 105 116 97 32 112 111 100 97 116 97 107 97 32 50 48 50 54 46 10 75 111 109 112 114 101 115 105 106 97 32 105 32 122 97 115 116 105 116 97 32 112 111 100 97 116 ]: Kod 3624
BAJT [112 114 101 115 105 106 97 32 105 32 122 97 115 116 105 116 97 32 112 111 100 97 116 97 107 97 32 50 48 50 54 46 10 75 111 109 112 114 101 115 105 106 97 32 105 32 122 97 115 116 105 116 97 32 112 111 100 97 116 97 107 97 32 50 48 50 54 46 10 75 111 109 112 114 101 115 105 106 97 32 105 32 122 97 115 116 105 116 97 32 112 111 100 97 116 97 ]: Kod 3659
BAJT [112 114 101 115 105 106 97 32 105 32 122 97 115 116 105 116 97 32 112 111 100 97 116 97 107 97 32 50 48 50 54 46 10 75 111 109 112 114 101 115 105 106 97 32 105 32 122 97 115 116 105 116 97 32 112 111 100 97 116 97 107 97 32 50 48 50 54 46 10 75 111 109 112 114 101 115 105 106 97 32 105 32 122 97 115 116 105 116 97 32 112 111 100 97 116 97 107 ]: Kod 3685
BAJT [112 114 101 115 105 106 97 32 105 32 122 97 115 116 105 116 97 32 112 111 100 97 116 97 107 97 32 50 48 50 54 46 10 75 111 109 112 114 101 115 105 106 97 32 105 32 122 97 115 116 105 116 97 32 112 111 100 97 116 97 107 97 32 50 48 50 54 46 10 75 111 109 112 114 101 115 105 106 97 32 105 32 122 97 115 116 105 116 97 32 112 111 100 97 116 97 107 97 ]: Kod 3725
BAJT [112 114 101 115 105 106 97 32 105 32 122 97 115 116 105 116 97 32 112 111 100 97 116 97 107 97 32 50 48 50 54 46 10 75 111 109 112 114 101 115 105 106 97 32 105 32 122 97 115 116 105 116 97 32 112 111 100 97 116 97 107 97 32 50 48 50 54 46 10 75 111 109 112 114 101 115 105 106 97 32 105 32 122 97 115 116 105 116 97 32 112 111 100 97 116 97 107 97 32 ]: Kod 3759
BAJT [112 114 101 115 105 106 97 32 105 32 122 97 115 116 105 116 97 32 112 111 100 97 116 97 107 97 32 50 48 50 54 46 10 75 111 109 112 114 101 115 105 106 97 32 105 32 122 97 115 116 105 116 97 32 112 111 100 97 116 97 107 97 32 50 48 50 54 46 10 75 111 109 112 114 101 115 105 106 97 32 105 32 122 97 115 116 105 116 97 32 112 111 100 97 116 97 107 97 32 50 ]: Kod 3793
BAJT [112 114 101 115 105 106 97 32 105 32 122 97 115 116 105 116 97 32 112 111 100 97 116 97 107 97 32 50 48 50 54 46 10 75 111 109 112 114 101 115 105 106 97 32 105 32 122 97 115 116 105 116 97 32 112 111 100 97 116 97 107 97 32 50 48 50 54 46 10 75 111 109 112 114 101 115 105 106 97 32 105 32 122 97 115 116 105 116 97 32 112 111 100 97 116 97 107 97 32 50 48 ]: Kod 3839
BAJT [112 114 101 115 105 106 97 32 105 32 122 97 115 116 105 116 97 32 112 111 100 97 116 97 107 97 32 50 48 50 54 46 10 75 111 109 112 114 101 115 105 106 97 32 105 32 122 97 115 116 105 116 97 32 112 111 100 97 116 97 107 97 32 50 48 50 54 46 10 75 111 109 112 114 101 115 105 106 97 32 105 32 122 97 115 116 105 116 97 32 112 111 100 97 116 97 107 97 32 50 48 50 ]: Kod 3868
BAJT [112 114 101 115 105 106 97 32 105 32 122 97 115 116 105 116 97 32 112 111 100 97 116 97 107 97 32 50 48 50 54 46 10 75 111 109 112 114 101 115 105 106 97 32 105 32 122 97 115 116 105 116 97 32 112 111 100 97 116 97 107 97 32 50 48 50 54 46 10 75 111 109 112 114 101 115 105 106 97 32 105 32 122 97 115 116 105 116 97 32 112 111 100 97 116 97 107 97 32 50 48 50 54 ]: Kod 3913
BAJT [112 114 101 115 105 106 97 32 105 32 122 97 115 116 105 116 97 32 112 111 100 97 116 97 107 97 32 50 48 50 54 46 10 75 111 109 112 114 101 115 105 106 97 32 105 32 122 97 115 116 105 116 97 32 112 111 100 97 116 97 107 97 32 50 48 50 54 46 10 75 111 109 112 114 101 115 105 106 97 32 105 32 122 97 115 116 105 116 97 32 112 111 100 97 116 97 107 97 32 50 48 50 54 46 ]: Kod 3962
BAJT [112 114 101 115 105 106 97 32 105 32 122 97 115 116 105 116 97 32 112 111 100 97 116 97 107 97 32 50 48 50 54 46 10 75 111 109 112 114 101 115 105 106 97 32 105 32 122 97 115 116 105 116 97 32 112 111 100 97 116 97 107 97 32 50 48 50 54 46 10 75 111 109 112 114 101 115 105 106 97 32 105 32 122 97 115 116 105 116 97 32 112 111 100 97 116 97 107 97 32 50 48 50 54 46 10 ]: Kod 3987
BAJT [112 114 101 115 105 106 97 32 105 32 122 97 115 116 105 116 97 32 112 111 100 97 116 97 107 97 32 50 48 50 54 46 10 75 111 109 112 114 101 115 105 106 97 32 105 32 122 97 115 116 105 116 97 32 112 111 100 97 116 97 107 97 32 50 48 50 54 46 10 75 111 109 112 114 101 115 105 106 97 32 105 32 122 97 115 116 105 116 97 32 112 111 100 97 116 97 107 97 32 50 48 50 54 46 10 75 ]: Kod 4008
BAJT [112 114 101 115 105 106 97 32 105 32 122 97 115 116 105 116 97 32 112 111 100 97 116 97 107 97 32 50 48 50 54 46 10 75 111 109 112 114 101 115 105 106 97 32 105 32 122 97 115 116 105 116 97 32 112 111 100 97 116 97 107 97 32 50 48 50 54 46 10 75 111 109 112 114 101 115 105 106 97 32 105 32 122 97 115 116 105 116 97 32 112 111 100 97 116 97 107 97 32 50 48 50 54 46 10 75 111 ]: Kod 4050
BAJT [113 ]: Kod 113
BAJT [114 ]: Kod 114
BAJT [114 101 ]: Kod 260
BAJT [114 101 115 ]: Kod 291
BAJT [114 101 115 105 ]: Kod 338
BAJT [114 101 115 105 106 ]: Kod 362
BAJT [114 101 115 105 106 97 ]: Kod 420
BAJT [114 101 115 105 106 97 32 ]: Kod 469
BAJT [114 101 115 105 106 97 32 105 ]: Kod 500
BAJT [114 101 115 105 106 97 32 105 32 ]: Kod 505
BAJT [114 101 115 105 106 97 32 105 32 122 ]: Kod 565
BAJT [114 101 115 105 106 97 32 105 32 122 97 ]: Kod 592
BAJT [114 101 115 105 106 97 32 105 32 122 97 115 ]: Kod 623
BAJT [114 101 115 105 106 97 32 105 32 122 97 115 116 ]: Kod 670
BAJT [114 101 115 105 106 97 32 105 32 122 97 115 116 105 ]: Kod 699
BAJT [114 101 115 105 106 97 32 105 32 122 97 115 116 105 116 ]: Kod 747
BAJT [114 101 115 105 106 97 32 105 32 122 97 115 116 105 116 97 ]: Kod 786
BAJT [114 101 115 105 106 97 32 105 32 122 97 115 116 105 116 97 32 ]: Kod 818
BAJT [114 101 115 105 106 97 32 105 32 122 97 115 116 105 116 97 32 112 ]: Kod 861
BAJT [114 101 115 105 106 97 32 105 32 122 97 115 116 105 116 97 32 112 111 ]: Kod 877
BAJT [114 101 115 105 106 97 32 105 32 122 97 115 116 105 116 97 32 112 111 100 ]: Kod 924
BAJT [114 101 115 105 106 97 32 105 32 122 97 115 116 105 116 97 32 112 111 100 97 ]: Kod 948
BAJT [114 101 115 105 106 97 32 105 32 122 97 115 116 105 116 97 32 112 111 100 97 116 ]: Kod 992
BAJT [114 101 115 105 106 97 32 105 32 122 97 115 116 105 116 97 32 112 111 100 97 116 97 ]: Kod 1019
BAJT [114 101 115 105 106 97 32 105 32 122 97 115 116 105 116 97 32 112 111 100 97 116 97 107 ]: Kod 1078
BAJT [114 101 115 105 106 97 32 105 32 122 97 115 116 105 116 97 32 112 111 100 97 116 97 107 97 ]: Kod 1096
BAJT [114 101 115 105 106 97 32 105 32 122 97 115 116 105 116 97 32 112 111 100 97 116 97 107 97 32 ]: Kod 1102
BAJT [114 101 115 105 106 97 32 105 32 122 97 115 116 105 116 97 32 112 111 100 97 116 97 107 97 32 50 ]: Kod 1174
BAJT [114 101 115 105 106 97 32 105 32 122 97 115 116 105 116 97 32 112 111 100 97 116 97 107 97 32 50 48 ]: Kod 1205
BAJT [114 101 115 105 106 97 32 105 32 122 97 115 116 105 116 97 32 112 111 100 97 116 97 107 97 32 50 48 50 ]: Kod 1256
BAJT [114 101 115 105 106 97 32 105 32 122 97 115 116 105 116 97 32 112 111 100 97 116 97 107 97 32 50 48 50 54 ]: Kod 1292
BAJT [114 101 115 105 106 97 32 105 32 122 97 115 116 105 116 97 32 112 111 100 97 116 97 107 97 32 50 48 50 54 46 ]: Kod 1327
BAJT [114 101 115 105 106 97 32 105 32 122 97 115 116 105 116 97 32 112 111 100 97 116 97 107 97 32 50 48 50 54 46 10 ]: Kod 1339
BAJT [114 101 115 105 106 97 32 105 32 122 97 115 116 105 116 97 32 112 111 100 97 116 97 107 97 32 50 48 50 54 46 10 75 ]: Kod 1404
BAJT [114 101 115 105 106 97 32 105 32 122 97 115 116 105 116 97 32 112 111 100 97 116 97 107 97 32 50 48 50 54 46 10 75 111 ]: Kod 1440
BAJT [114 101 115 105 106 97 32 105 32 122 97 115 116 105 116 97 32 112 111 100 97 116 97 107 97 32 50 48 50 54 46 10 75 111 109 ]: Kod 1475
BAJT [114 101 115 105 106 97 32 105 32 122 97 115 116 105 116 97 32 112 111 100 97 116 97 107 97 32 50 48 50 54 46 10 75 111 109 112 ]: Kod 1506
BAJT [114 101 115 105 106 97 32 105 32 122 97 115 116 105 116 97 32 112 111 100 97 116 97 107 97 32 50 48 50 54 46 10 75 111 109 112 114 ]: Kod 1518
BAJT [114 101 115 105 106 97 32 105 32 122 97 115 116 105 116 97 32 112 111 100 97 116 97 107 97 32 50 48 50 54 46 10 75 111 109 112 114 101 ]: Kod 1519
BAJT [114 101 115 105 106 97 32 105 32 122 97 115 116 105 116 97 32 112 111 100 97 116 97 107 97 32 50 48 50 54 46 10 75 111 109 112 114 101 115 ]: Kod 1584
BAJT [114 101 115 105 106 97 32 105 32 122 97 115 116 105 116 97 32 112 111 100 97 116 97 107 97 32 50 48 50 54 46 10 75 111 109 112 114 101 115 105 ]: Kod 1634
BAJT [114 101 115 105 106 97 32 105 32 122 97 115 116 105 116 97 32 112 111 100 97 116 97 107 97 32 50 48 50 54 46 10 75 111 109 112 114 101 115 105 106 ]: Kod 1658
BAJT [114 101 115 105 106 97 32 105 32 122 97 115 116 105 116 97 32 112 111 100 97 116 97 107 97 32 50 48 50 54 46 10 75 111 109 112 114 101 115 105 106 97 ]: Kod 1716
BAJT [114 101 115 105 106 97 32 105 32 122 97 115 116 105 116 97 32 112 111 100 97 116 97 107 97 32 50 48 50 54 46 10 75 111 109 112 114 101 115 105 106 97 32 ]: Kod 1765
BAJT [114 101 115 105 106 97 32 105 32 122 97 115 116 105 116 97 32 112 111 100 97 116 97 107 97 32 50 48 50 54 46 10 75 111 109 112 114 101 115 105 106 97 32 105 ]: Kod 1796
BAJT [114 101 115 105 106 97 32 105 32 122 97 115 116 105 116 97 32 112 111 100 97 116 97 107 97 32 50 48 50 54 46 10 75 111 109 112 114 101 115 105 106 97 32 105 32 ]: Kod 1801
BAJT [114 101 115 105 106 97 32 105 32 122 97 115 116 105 116 97 32 112 111 100 97 116 97 107 97 32 50 48 50 54 46 10 75 111 109 112 114 101 115 105 106 97 32 105 32 122 ]: Kod 1861
BAJT [114 101 115 105 106 97 32 105 32 122 97 115 116 105 116 97 32 112 111 100 97 116 97 107 97 32 50 48 50 54 46 10 75 111 109 112 114 101 115 105 106 97 32 105 32 122 97 ]: Kod 1888
BAJT [114 101 115 105 106 97 32 105 32 122 97 115 116 105 116 97 32 112 111 100 97 116 97 107 97 32 50 48 50 54 46 10 75 111 109 112 114 101 115 105 106 97 32 105 32 122 97 115 ]: Kod 1919
BAJT [114 101 115 105 106 97 32 105 32 122 97 115 116 105 116 97 32 112 111 100 97 116 97 107 97 32 50 48 50 54 46 10 75 111 109 112 114 101 115 105 106 97 32 105 32 122 97 115 116 ]: Kod 1966
BAJT [114 101 115 105 106 97 32 105 32 122 97 115 116 105 116 97 32 112 111 100 97 116 97 107 97 32 50 48 50 54 46 10 75 111 109 112 114 101 115 105 106 97 32 105 32 122 97 115 116 105 ]: Kod 1995
BAJT [114 101 115 105 106 97 32 105 32 122 97 115 116 105 116 97 32 112 111 100 97 116 97 107 97 32 50 48 50 54 46 10 75 111 109 112 114 101 115 105 106 97 32 105 32 122 97 115 116 105 116 ]: Kod 2043
BAJT [114 101 115 105 106 97 32 105 32 122 97 115 116 105 116 97 32 112 111 100 97 116 97 107 97 32 50 48 50 54 46 10 75 111 109 112 114 101 115 105 106 97 32 105 32 122 97 115 116 105 116 97 ]: Kod 2082
BAJT [114 101 115 105 106 97 32 105 32 122 97 115 116 105 116 97 32 112 111 100 97 116 97 107 97 32 50 48 50 54 46 10 75 111 109 112 114 101 115 105 106 97 32 105 32 122 97 115 116 105 116 97 32 ]: Kod 2114
BAJT [114 101 115 105 106 97 32 105 32 122 97 115 116 105 116 97 32 112 111 100 97 116 97 107 97 32 50 48 50 54 46 10 75 111 109 112 114 101 115 105 106 97 32 105 32 122 97 115 116 105 116 97 32 112 ]: Kod 2157
BAJT [114 101 115 105 106 97 32 105 32 122 97 115 116 105 116 97 32 112 111 100 97 116 97 107 97 32 50 48 50 54 46 10 75 111 109 112 114 101 115 105 106 97 32 105 32 122 97 115 116 105 116 97 32 112 111 ]: Kod 2173
BAJT [114 101 115 105 106 97 32 105 32 122 97 115 116 105 116 97 32 112 111 100 97 116 97 107 97 32 50 48 50 54 46 10 75 111 109 112 114 101 115 105 106 97 32 105 32 122 97 115 116 105 116 97 32 112 111 100 ]: Kod 2220
BAJT [114 101 115 105 106 97 32 105 32 122 97 115 116 105 116 97 32 112 111 100 97 116 97 107 97 32 50 48 50 54 46 10 75 111 109 112 114 101 115 105 106 97 32 105 32 122 97 115 116 105 116 97 32 112 111 100 97 ]: Kod 2244
BAJT [114 101 115 105 106 97 32 105 32 122 97 115 116 105 116 97 32 112 111 100 97 116 97 107 97 32 50 48 50 54 46 10 75 111 109 112 114 101 115 105 106 97 32 105 32 122 97 115 116 105 116 97 32 112 111 100 97 116 ]: Kod 2288
BAJT [114 101 115 105 106 97 32 105 32 122 97 115 116 105 116 97 32 112 111 100 97 116 97 107 97 32 50 48 50 54 46 10 75 111 109 112 114 101 115 105 106 97 32 105 32 122 97 115 116 105 116 97 32 112 111 100 97 116 97 ]: Kod 2315
BAJT [114 101 115 105 106 97 32 105 32 122 97 115 116 105 116 97 32 112 111 100 97 116 97 107 97 32 50 48 50 54 46 10 75 111 109 112 114 101 115 105 106 97 32 105 32 122 97 115 116 105 116 97 32 112 111 100 97 116 97 107 ]: Kod 2374
BAJT [114 101 115 105 106 97 32 105 32 122 97 115 116 105 116 97 32 112 111 100 97 116 97 107 97 32 50 48 50 54 46 10 75 111 109 112 114 101 115 105 106 97 32 105 32 122 97 115 116 105 116 97 32 112 111 100 97 116 97 107 97 ]: Kod 2392
BAJT [114 101 115 105 106 97 32 105 32 122 97 115 116 105 116 97 32 112 111 100 97 116 97 107 97 32 50 48 50 54 46 10 75 111 109 112 114 101 115 105 106 97 32 105 32 122 97 115 116 105 116 97 32 112 111 100 97 116 97 107 97 32 ]: Kod 2398
BAJT [114 101 115 105 106 97 32 105 32 122 97 115 116 105 116 97 32 112 111 100 97 116 97 107 97 32 50 48 50 54 46 10 75 111 109 112 114 101 115 105 106 97 32 105 32 122 97 115 116 105 116 97 32 112 111 100 97 116 97 107 97 32 50 ]: Kod 2470
BAJT [114 101 115 105 106 97 32 105 32 122 97 115 116 105 116 97 32 112 111 100 97 116 97 107 97 32 50 48 50 54 46 10 75 111 109 112 114 101 115 105 106 97 32 105 32 122 97 115 116 105 116 97 32 112 111 100 97 116 97 107 97 32 50 48 ]: Kod 2501
BAJT [114 101 115 105 106 97 32 105 32 122 97 115 116 105 116 97 32 112 111 100 97 116 97 107 97 32 50 48 50 54 46 10 75 111 109 112 114 101 115 105 106 97 32 105 32 122 97 115 116 105 116 97 32 112 111 100 97 116 97 107 97 32 50 48 50 ]: Kod 2552
BAJT [114 101 115 105 106 97 32 105 32 122 97 115 116 105 116 97 32 112 111 100 97 116 97 107 97 32 50 48 50 54 46 10 75 111 109 112 114 101 115 105 106 97 32 105 32 122 97 115 116 105 116 97 32 112 111 100 97 116 97 107 97 32 50 48 50 54 ]: Kod 2588
BAJT [114 101 115 105 106 97 32 105 32 122 97 115 116 105 116 97 32 112 111 100 97 116 97 107 97 32 50 48 50 54 46 10 75 111 109 112 114 101 115 105 106 97 32 105 32 122 97 115 116 105 116 97 32 112 111 100 97 116 97 107 97 32 50 48 50 54 46 ]: Kod 2623
BAJT [114 101 115 105 106 97 32 105 32 122 97 115 116 105 116 97 32 112 111 100 97 116 97 107 97 32 50 48 50 54 46 10 75 111 109 112 114 101 115 105 106 97 32 105 32 122 97 115 116 105 116 97 32 112 111 100 97 116 97 107 97 32 50 48 50 54 46 10 ]: Kod 2635
BAJT [114 101 115 105 106 97 32 105 32 122 97 115 116 105 116 97 32 112 111 100 97 116 97 107 97 32 50 48 50 54 46 10 75 111 109 112 114 101 115 105 106 97 32 105 32 122 97 115 116 105 116 97 32 112 111 100 97 116 97 107 97 32 50 48 50 54 46 10 75 ]: Kod 2700
BAJT [114 101 115 105 106 97 32 105 32 122 97 115 116 105 116 97 32 112 111 100 97 116 97 107 97 32 50 48 50 54 46 10 75 111 109 112 114 101 115 105 106 97 32 105 32 122 97 115 116 105 116 97 32 112 111 100 97 116 97 107 97 32 50 48 50 54 46 10 75 111 ]: Kod 2736
BAJT [114 101 115 105 106 97 32 105 32 122 97 115 116 105 116 97 32 112 111 100 97 116 97 107 97 32 50 48 50 54 46 10 75 111 109 112 114 101 115 105 106 97 32 105 32 122 97 115 116 105 116 97 32 112 111 100 97 116 97 107 97 32 50 48 50 54 46 10 75 111 109 ]: Kod 2771
BAJT [114 101 115 105 106 97 32 105 32 122 97 115 116 105 116 97 32 112 111 100 97 116 97 107 97 32 50 48 50 54 46 10 75 111 109 112 114 101 115 105 106 97 32 105 32 122 97 115 116 105 116 97 32 112 111 100 97 116 97 107 97 32 50 48 50 54 46 10 75 111 109 112 ]: Kod 2802
BAJT [114 101 115 105 106 97 32 105 32 122 97 115 116 105 116 97 32 112 111 100 97 116 97 107 97 32 50 48 50 54 46 10 75 111 109 112 114 101 115 105 106 97 32 105 32 122 97 115 116 105 116 97 32 112 111 100 97 116 97 107 97 32 50 48 50 54 46 10 75 111 109 112 114 ]: Kod 2814
BAJT [114 101 115 105 106 97 32 105 32 122 97 115 116 105 116 97 32 112 111 100 97 116 97 107 97 32 50 48 50 54 46 10 75 111 109 112 114 101 115 105 106 97 32 105 32 122 97 115 116 105 116 97 32 112 111 100 97 116 97 107 97 32 50 48 50 54 46 10 75 111 109 112 114 101 ]: Kod 2815
BAJT [114 101 115 105 106 97 32 105 32 122 97 115 116 105 116 97 32 112 111 100 97 116 97 107 97 32 50 48 50 54 46 10 75 111 109 112 114 101 115 105 106 97 32 105 32 122 97 115 116 105 116 97 32 112 111 100 97 116 97 107 97 32 50 48 50 54 46 10 75 111 109 112 114 101 115 ]: Kod 2880
BAJT [114 101 115 105 106 97 32 105 32 122 97 115 116 105 116 97 32 112 111 100 97 116 97 107 97 32 50 48 50 54 46 10 75 111 109 112 114 101 115 105 106 97 32 105 32 122 97 115 116 105 116 97 32 112 111 100 97 116 97 107 97 32 50 48 50 54 46 10 75 111 109 112 114 101 115 105 ]: Kod 2930
BAJT [114 101 115 105 106 97 32 105 32 122 97 115 116 105 116 97 32 112 111 100 97 116 97 107 97 32 50 48 50 54 46 10 75 111 109 112 114 101 115 105 106 97 32 105 32 122 97 115 116 105 116 97 32 112 111 100 97 116 97 107 97 32 50 48 50 54 46 10 75 111 109 112 114 101 115 105 106 ]: Kod 2954
BAJT [114 101 115 105 106 97 32 105 32 122 97 115 116 105 116 97 32 112 111 100 97 116 97 107 97 32 50 48 50 54 46 10 75 111 109 112 114 101 115 105 106 97 32 105 32 122 97 115 116 105 116 97 32 112 111 100 97 116 97 107 97 32 50 48 50 54 46 10 75 111 109 112 114 101 115 105 106 97 ]: Kod 3012
BAJT [114 101 115 105 106 97 32 105 32 122 97 115 116 105 116 97 32 112 111 100 97 116 97 107 97 32 50 48 50 54 46 10 75 111 109 112 114 101 115 105 106 97 32 105 32 122 97 115 116 105 116 97 32 112 111 100 97 116 97 107 97 32 50 48 50 54 46 10 75 111 109 112 114 101 115 105 106 97 32 ]: Kod 3061
BAJT [114 101 115 105 106 97 32 105 32 122 97 115 116 105 116 97 32 112 111 100 97 116 97 107 97 32 50 48 50 54 46 10 75 111 109 112 114 101 115 105 106 97 32 105 32 122 97 115 116 105 116 97 32 112 111 100 97 116 97 107 97 32 50 48 50 54 46 10 75 111 109 112 114 101 115 105 106 97 32 105 ]: Kod 3092
BAJT [114 101 115 105 106 97 32 105 32 122 97 115 116 105 116 97 32 112 111 100 97 116 97 107 97 32 50 48 50 54 46 10 75 111 109 112 114 101 115 105 106 97 32 105 32 122 97 115 116 105 116 97 32 112 111 100 97 116 97 107 97 32 50 48 50 54 46 10 75 111 109 112 114 101 115 105 106 97 32 105 32 ]: Kod 3097
BAJT [114 101 115 105 106 97 32 105 32 122 97 115 116 105 116 97 32 112 111 100 97 116 97 107 97 32 50 48 50 54 46 10 75 111 109 112 114 101 115 105 106 97 32 105 32 122 97 115 116 105 116 97 32 112 111 100 97 116 97 107 97 32 50 48 50 54 46 10 75 111 109 112 114 101 115 105 106 97 32 105 32 122 ]: Kod 3157
BAJT [114 101 115 105 106 97 32 105 32 122 97 115 116 105 116 97 32 112 111 100 97 116 97 107 97 32 50 48 50 54 46 10 75 111 109 112 114 101 115 105 106 97 32 105 32 122 97 115 116 105 116 97 32 112 111 100 97 116 97 107 97 32 50 48 50 54 46 10 75 111 109 112 114 101 115 105 106 97 32 105 32 122 97 ]: Kod 3184
BAJT [114 101 115 105 106 97 32 105 32 122 97 115 116 105 116 97 32 112 111 100 97 116 97 107 97 32 50 48 50 54 46 10 75 111 109 112 114 101 115 105 106 97 32 105 32 122 97 115 116 105 116 97 32 112 111 100 97 116 97 107 97 32 50 48 50 54 46 10 75 111 109 112 114 101 115 105 106 97 32 105 32 122 97 115 ]: Kod 3215
BAJT [114 101 115 105 106 97 32 105 32 122 97 115 116 105 116 97 32 112 111 100 97 116 97 107 97 32 50 48 50 54 46 10 75 111 109 112 114 101 115 105 106 97 32 105 32 122 97 115 116 105 116 97 32 112 111 100 97 116 97 107 97 32 50 48 50 54 46 10 75 111 109 112 114 101 115 105 106 97 32 105 32 122 97 115 116 ]: Kod 3262
BAJT [114 101 115 105 106 97 32 105 32 122 97 115 116 105 116 97 32 112 111 100 97 116 97 107 97 32 50 48 50 54 46 10 75 111 109 112 114 101 115 105 106 97 32 105 32 122 97 115 116 105 116 97 32 112 111 100 97 116 97 107 97 32 50 48 50 54 46 10 75 111 109 112 114 101 115 105 106 97 32 105 32 122 97 115 116 105 ]: Kod 3291
BAJT [114 101 115 105 106 97 32 105 32 122 97 115 116 105 116 97 32 112 111 100 97 116 97 107 97 32 50 48 50 54 46 10 75 111 109 112 114 101 115 105 106 97 32 105 32 122 97 115 116 105 116 97 32 112 111 100 97 116 97 107 97 32 50 48 50 54 46 10 75 111 109 112 114 101 115 105 106 97 32 105 32 122 97 115 116 105 116 ]: Kod 3339
BAJT [114 101 115 105 106 97 32 105 32 122 97 115 116 105 116 97 32 112 111 100 97 116 97 107 97 32 50 48 50 54 46 10 75 111 109 112 114 101 115 105 106 97 32 105 32 122 97 115 116 105 116 97 32 112 111 100 97 116 97 107 97 32 50 48 50 54 46 10 75 111 109 112 114 101 115 105 106 97 32 105 32 122 97 115 116 105 116 97 ]: Kod 3378
BAJT [114 101 115 105 106 97 32 105 32 122 97 115 116 105 116 97 32 112 111 100 97 116 97 107 97 32 50 48 50 54 46 10 75 111 109 112 114 101 115 105 106 97 32 105 32 122 97 115 116 105 116 97 32 112 111 100 97 116 97 107 97 32 50 48 50 54 46 10 75 111 109 112 114 101 115 105 106 97 32 105 32 122 97 115 116 105 116 97 32 ]: Kod 3410
BAJT [114 101 115 105 106 97 32 105 32 122 97 115 116 105 116 97 32 112 111 100 97 116 97 107 97 32 50 48 50 54 46 10 75 111 109 112 114 101 115 105 106 97 32 105 32 122 97 115 116 105 116 97 32 112 111 100 97 116 97 107 97 32 50 48 50 54 46 10 75 111 109 112 114 101 115 105 106 97 32 105 32 122 97 115 116 105 116 97 32 112 ]: Kod 3453
BAJT [114 101 115 105 106 97 32 105 32 122 97 115 116 105 116 97 32 112 111 100 97 116 97 107 97 32 50 48 50 54 46 10 75 111 109 112 114 101 115 105 106 97 32 105 32 122 97 115 116 105 116 97 32 112 111 100 97 116 97 107 97 32 50 48 50 54 46 10 75 111 109 112 114 101 115 105 106 97 32 105 32 122 97 115 116 105 116 97 32 112 111 ]: Kod 3469
BAJT [114 101 115 105 106 97 32 105 32 122 97 115 116 105 116 97 32 112 111 100 97 116 97 107 97 32 50 48 50 54 46 10 75 111 109 112 114 101 115 105 106 97 32 105 32 122 97 115 116 105 116 97 32 112 111 100 97 116 97 107 97 32 50 48 50 54 46 10 75 111 109 112 114 101 115 105 106 97 32 105 32 122 97 115 116 105 116 97 32 112 111 100 ]: Kod 3516
BAJT [114 101 115 105 106 97 32 105 32 122 97 115 116 105 116 97 32 112 111 100 97 116 97 107 97 32 50 48 50 54 46 10 75 111 109 112 114 101 115 105 106 97 32 105 32 122 97 115 116 105 116 97 32 112 111 100 97 116 97 107 97 32 50 48 50 54 46 10 75 111 109 112 114 101 115 105 106 97 32 105 32 122 97 115 116 105 116 97 32 112 111 100 97 ]: Kod 3540
BAJT [114 101 115 105 106 97 32 105 32 122 97 115 116 105 116 97 32 112 111 100 97 116 97 107 97 32 50 48 50 54 46 10 75 111 109 112 114 101 115 105 106 97 32 105 32 122 97 115 116 105 116 97 32 112 111 100 97 116 97 107 97 32 50 48 50 54 46 10 75 111 109 112 114 101 115 105 106 97 32 105 32 122 97 115 116 105 116 97 32 112 111 100 97 116 ]: Kod 3584
BAJT [114 101 115 105 106 97 32 105 32 122 97 115 116 105 116 97 32 112 111 100 97 116 97 107 97 32 50 48 50 54 46 10 75 111 109 112 114 101 115 105 106 97 32 105 32 122 97 115 116 105 116 97 32 112 111 100 97 116 97 107 97 32 50 48 50 54 46 10 75 111 109 112 114 101 115 105 106 97 32 105 32 122 97 115 116 105 116 97 32 112 111 100 97 116 97 ]: Kod 3611
BAJT [114 101 115 105 106 97 32 105 32 122 97 115 116 105 116 97 32 112 111 100 97 116 97 107 97 32 50 48 50 54 46 10 75 111 109 112 114 101 115 105 106 97 32 105 32 122 97 115 116 105 116 97 32 112 111 100 97 116 97 107 97 32 50 48 50 54 46 10 75 111 109 112 114 101 115 105 106 97 32 105 32 122 97 115 116 105 116 97 32 112 111 100 97 116 97 107 ]: Kod 3670
BAJT [114 101 115 105 106 97 32 105 32 122 97 115 116 105 116 97 32 112 111 100 97 116 97 107 97 32 50 48 50 54 46 10 75 111 109 112 114 101 115 105 106 97 32 105 32 122 97 115 116 105 116 97 32 112 111 100 97 116 97 107 97 32 50 48 50 54 46 10 75 111 109 112 114 101 115 105 106 97 32 105 32 122 97 115 116 105 116 97 32 112 111 100 97 116 97 107 97 ]: Kod 3688
BAJT [114 101 115 105 106 97 32 105 32 122 97 115 116 105 116 97 32 112 111 100 97 116 97 107 97 32 50 48 50 54 46 10 75 111 109 112 114 101 115 105 106 97 32 105 32 122 97 115 116 105 116 97 32 112 111 100 97 116 97 107 97 32 50 48 50 54 46 10 75 111 109 112 114 101 115 105 106 97 32 105 32 122 97 115 116 105 116 97 32 112 111 100 97 116 97 107 97 32 ]: Kod 3694
BAJT [114 101 115 105 106 97 32 105 32 122 97 115 116 105 116 97 32 112 111 100 97 116 97 107 97 32 50 48 50 54 46 10 75 111 109 112 114 101 115 105 106 97 32 105 32 122 97 115 116 105 116 97 32 112 111 100 97 116 97 107 97 32 50 48 50 54 46 10 75 111 109 112 114 101 115 105 106 97 32 105 32 122 97 115 116 105 116 97 32 112 111 100 97 116 97 107 97 32 50 ]: Kod 3766
BAJT [114 101 115 105 106 97 32 105 32 122 97 115 116 105 116 97 32 112 111 100 97 116 97 107 97 32 50 48 50 54 46 10 75 111 109 112 114 101 115 105 106 97 32 105 32 122 97 115 116 105 116 97 32 112 111 100 97 116 97 107 97 32 50 48 50 54 46 10 75 111 109 112 114 101 115 105 106 97 32 105 32 122 97 115 116 105 116 97 32 112 111 100 97 116 97 107 97 32 50 48 ]: Kod 3797
BAJT [114 101 115 105 106 97 32 105 32 122 97 115 116 105 116 97 32 112 111 100 97 116 97 107 97 32 50 48 50 54 46 10 75 111 109 112 114 101 115 105 106 97 32 105 32 122 97 115 116 105 116 97 32 112 111 100 97 116 97 107 97 32 50 48 50 54 46 10 75 111 109 112 114 101 115 105 106 97 32 105 32 122 97 115 116 105 116 97 32 112 111 100 97 116 97 107 97 32 50 48 50 ]: Kod 3848
BAJT [114 101 115 105 106 97 32 105 32 122 97 115 116 105 116 97 32 112 111 100 97 116 97 107 97 32 50 48 50 54 46 10 75 111 109 112 114 101 115 105 106 97 32 105 32 122 97 115 116 105 116 97 32 112 111 100 97 116 97 107 97 32 50 48 50 54 46 10 75 111 109 112 114 101 115 105 106 97 32 105 32 122 97 115 116 105 116 97 32 112 111 100 97 116 97 107 97 32 50 48 50 54 ]: Kod 3884
BAJT [114 101 115 105 106 97 32 105 32 122 97 115 116 105 116 97 32 112 111 100 97 116 97 107 97 32 50 48 50 54 46 10 75 111 109 112 114 101 115 105 106 97 32 105 32 122 97 115 116 105 116 97 32 112 111 100 97 116 97 107 97 32 50 48 50 54 46 10 75 111 109 112 114 101 115 105 106 97 32 105 32 122 97 115 116 105 116 97 32 112 111 100 97 116 97 107 97 32 50 48 50 54 46 ]: Kod 3919
BAJT [114 101 115 105 106 97 32 105 32 122 97 115 116 105 116 97 32 112 111 100 97 116 97 107 97 32 50 48 50 54 46 10 75 111 109 112 114 101 115 105 106 97 32 105 32 122 97 115 116 105 116 97 32 112 111 100 97 116 97 107 97 32 50 48 50 54 46 10 75 111 109 112 114 101 115 105 106 97 32 105 32 122 97 115 116 105 116 97 32 112 111 100 97 116 97 107 97 32 50 48 50 54 46 10 ]: Kod 3931
BAJT [114 101 115 105 106 97 32 105 32 122 97 115 116 105 116 97 32 112 111 100 97 116 97 107 97 32 50 48 50 54 46 10 75 111 109 112 114 101 115 105 106 97 32 105 32 122 97 115 116 105 116 97 32 112 111 100 97 116 97 107 97 32 50 48 50 54 46 10 75 111 109 112 114 101 115 105 106 97 32 105 32 122 97 115 116 105 116 97 32 112 111 100 97 116 97 107 97 32 50 48 50 54 46 10 75 ]: Kod 3996
BAJT [114 101 115 105 106 97 32 105 32 122 97 115 116 105 116 97 32 112 111 100 97 116 97 107 97 32 50 48 50 54 46 10 75 111 109 112 114 101 115 105 106 97 32 105 32 122 97 115 116 105 116 97 32 112 111 100 97 116 97 107 97 32 50 48 50 54 46 10 75 111 109 112 114 101 115 105 106 97 32 105 32 122 97 115 116 105 116 97 32 112 111 100 97 116 97 107 97 32 50 48 50 54 46 10 75 111 ]: Kod 4032
BAJT [114 101 115 105 106 97 32 105 32 122 97 115 116 105 116 97 32 112 111 100 97 116 97 107 97 32 50 48 50 54 46 10 75 111 109 112 114 101 115 105 106 97 32 105 32 122 97 115 116 105 116 97 32 112 111 100 97 116 97 107 97 32 50 48 50 54 46 10 75 111 109 112 114 101 115 105 106 97 32 105 32 122 97 115 116 105 116 97 32 112 111 100 97 116 97 107 97 32 50 48 50 54 46 10 75 111 109 ]: Kod 4067
BAJT [115 ]: Kod 115
BAJT [115 105 ]: Kod 262
BAJT [115 105 106 ]: Kod 292
BAJT [115 105 106 97 ]: Kod 327
BAJT [115 105 106 97 32 ]: Kod 389
BAJT [115 105 106 97 32 105 ]: Kod 413
BAJT [115 105 106 97 32 105 32 ]: Kod 427
BAJT [115 105 106 97 32 105 32 122 ]: Kod 480
BAJT [115 105 106 97 32 105 32 122 97 ]: Kod 528
BAJT [115 105 106 97 32 105 32 122 97 115 ]: Kod 573
BAJT [115 105 106 97 32 105 32 122 97 115 116 ]: Kod 577
BAJT [115 105 106 97 32 105 32 122 97 115 116 105 ]: Kod 620
BAJT [115 105 106 97 32 105 32 122 97 115 116 105 116 ]: Kod 673
BAJT [115 105 106 97 32 105 32 122 97 115 116 105 116 97 ]: Kod 676
BAJT [115 105 106 97 32 105 32 122 97 115 116 105 116 97 32 ]: Kod 742
BAJT [115 105 106 97 32 105 32 122 97 115 116 105 116 97 32 112 ]: Kod 767
BAJT [115 105 106 97 32 105 32 122 97 115 116 105 116 97 32 112 111 ]: Kod 800
BAJT [115 105 106 97 32 105 32 122 97 115 116 105 116 97 32 112 111 100 ]: Kod 859
BAJT [115 105 106 97 32 105 32 122 97 115 116 105 116 97 32 112 111 100 97 ]: Kod 883
BAJT [115 105 106 97 32 105 32 122 97 115 116 105 116 97 32 112 111 100 97 116 ]: Kod 926
BAJT [115 105 106 97 32 105 32 122 97 115 116 105 116 97 32 112 111 100 97 116 97 ]: Kod 966
BAJT [115 105 106 97 32 105 32 122 97 115 116 105 116 97 32 112 111 100 97 116 97 107 ]: Kod 975
BAJT [115 105 106 97 32 105 32 122 97 115 116 105 116 97 32 112 111 100 97 116 97 107 97 ]: Kod 1024
BAJT [115 105 106 97 32 105 32 122 97 115 116 105 116 97 32 112 111 100 97 116 97 107 97 32 ]: Kod 1050
BAJT [115 105 106 97 32 105 32 122 97 115 116 105 116 97 32 112 111 100 97 116 97 107 97 32 50 ]: Kod 1105
BAJT [115 105 106 97 32 105 32 122 97 115 116 105 116 97 32 112 111 100 97 116 97 107 97 32 50 48 ]: Kod 1108
BAJT [115 105 106 97 32 105 32 122 97 115 116 105 116 97 32 112 111 100 97 116 97 107 97 32 50 48 50 ]: Kod 1181
BAJT [115 105 106 97 32 105 32 122 97 115 116 105 116 97 32 112 111 100 97 116 97 107 97 32 50 48 50 54 ]: Kod 1217
BAJT [115 105 106 97 32 105 32 122 97 115 116 105 116 97 32 112 111 100 97 116 97 107 97 32 50 48 50 54 46 ]: Kod 1238
BAJT [115 105 106 97 32 105 32 122 97 115 116 105 116 97 32 112 111 100 97 116 97 107 97 32 50 48 50 54 46 10 ]: Kod 1281
BAJT [115 105 106 97 32 105 32 122 97 115 116 105 116 97 32 112 111 100 97 116 97 107 97 32 50 48 50 54 46 10 75 ]: Kod 1302
BAJT [115 105 106 97 32 105 32 122 97 115 116 105 116 97 32 112 111 100 97 116 97 107 97 32 50 48 50 54 46 10 75 111 ]: Kod 1346
BAJT [115 105 106 97 32 105 32 122 97 115 116 105 116 97 32 112 111 100 97 116 97 107 97 32 50 48 50 54 46 10 75 111 109 ]: Kod 1377
BAJT [115 105 106 97 32 105 32 122 97 115 116 105 116 97 32 112 111 100 97 116 97 107 97 32 50 48 50 54 46 10 75 111 109 112 ]: Kod 1415
BAJT [115 105 106 97 32 105 32 122 97 115 116 105 116 97 32 112 111 100 97 116 97 107 97 32 50 48 50 54 46 10 75 111 109 112 114 ]: Kod 1474
BAJT [115 105 106 97 32 105 32 122 97 115 116 105 116 97 32 112 111 100 97 116 97 107 97 32 50 48 50 54 46 10 75 111 109 112 114 101 ]: Kod 1504
BAJT [115 105 106 97 32 105 32 122 97 115 116 105 116 97 32 112 111 100 97 116 97 107 97 32 50 48 50 54 46 10 75 111 109 112 114 101 115 ]: Kod 1522
BAJT [115 105 106 97 32 105 32 122 97 115 116 105 116 97 32 112 111 100 97 116 97 107 97 32 50 48 50 54 46 10 75 111 109 112 114 101 115 105 ]: Kod 1523
BAJT [115 105 106 97 32 105 32 122 97 115 116 105 116 97 32 112 111 100 97 116 97 107 97 32 50 48 50 54 46 10 75 111 109 112 114 101 115 105 106 ]: Kod 1585
BAJT [115 105 106 97 32 105 32 122 97 115 116 105 116 97 32 112 111 100 97 116 97 107 97 32 50 48 50 54 46 10 75 111 109 112 114 101 115 105 106 97 ]: Kod 1623
BAJT [115 105 106 97 32 105 32 122 97 115 116 105 116 97 32 112 111 100 97 116 97 107 97 32 50 48 50 54 46 10 75 111 109 112 114 101 115 105 106 97 32 ]: Kod 1685
BAJT [115 105 106 97 32 105 32 122 97 115 116 105 116 97 32 112 111 100 97 116 97 107 97 32 50 48 50 54 46 10 75 111 109 112 114 101 115 105 106 97 32 105 ]: Kod 1709
BAJT [115 105 106 97 32 105 32 122 97 115 116 105 116 97 32 112 111 100 97 116 97 107 97 32 50 48 50 54 46 10 75 111 109 112 114 101 115 105 106 97 32 105 32 ]: Kod 1723
BAJT [115 105 106 97 32 105 32 122 97 115 116 105 116 97 32 112 111 100 97 116 97 107 97 32 50 48 50 54 46 10 75 111 109 112 114 101 115 105 106 97 32 105 32 122 ]: Kod 1776
BAJT [115 105 106 97 32 105 32 122 97 115 116 105 116 97 32 112 111 100 97 116 97 107 97 32 50 48 50 54 46 10 75 111 109 112 114 101 115 105 106 97 32 105 32 122 97 ]: Kod 1824
BAJT [115 105 106 97 32 105 32 122 97 115 116 105 116 97 32 112 111 100 97 116 97 107 97 32 50 48 50 54 46 10 75 111 109 112 114 101 115 105 106 97 32 105 32 122 97 115 ]: Kod 1869
BAJT [115 105 106 97 32 105 32 122 97 115 116 105 116 97 32 112 111 100 97 116 97 107 97 32 50 48 50 54 46 10 75 111 109 112 114 101 115 105 106 97 32 105 32 122 97 115 116 ]: Kod 1873
BAJT [115 105 106 97 32 105 32 122 97 115 116 105 116 97 32 112 111 100 97 116 97 107 97 32 50 48 50 54 46 10 75 111 109 112 114 101 115 105 106 97 32 105 32 122 97 115 116 105 ]: Kod 1916
BAJT [115 105 106 97 32 105 32 122 97 115 116 105 116 97 32 112 111 100 97 116 97 107 97 32 50 48 50 54 46 10 75 111 109 112 114 101 115 105 106 97 32 105 32 122 97 115 116 105 116 ]: Kod 1969
BAJT [115 105 106 97 32 105 32 122 97 115 116 105 116 97 32 112 111 100 97 116 97 107 97 32 50 48 50 54 46 10 75 111 109 112 114 101 115 105 106 97 32 105 32 122 97 115 116 105 116 97 ]: Kod 1972
BAJT [115 105 106 97 32 105 32 122 97 115 116 105 116 97 32 112 111 100 97 116 97 107 97 32 50 48 50 54 46 10 75 111 109 112 114 101 115 105 106 97 32 105 32 122 97 115 116 105 116 97 32 ]: Kod 2038
BAJT [115 105 106 97 32 105 32 122 97 115 116 105 116 97 32 112 111 100 97 116 97 107 97 32 50 48 50 54 46 10 75 111 109 112 114 101 115 105 106 97 32 105 32 122 97 115 116 105 116 97 32 112 ]: Kod 2063
BAJT [115 105 106 97 32 105 32 122 97 115 116 105 116 97 32 112 111 100 97 116 97 107 97 32 50 48 50 54 46 10 75 111 109 112 114 101 115 105 106 97 32 105 32 122 97 115 116 105 116 97 32 112 111 ]: Kod 2096
BAJT [115 105 106 97 32 105 32 122 97 115 116 105 116 97 32 112 111 100 97 116 97 107 97 32 50 48 50 54 46 10 75 111 109 112 114 101 115 105 106 97 32 105 32 122 97 115 116 105 116 97 32 112 111 100 ]: Kod 2155
BAJT [115 105 106 97 32 105 32 122 97 115 116 105 116 97 32 112 111 100 97 116 97 107 97 32 50 48 50 54 46 10 75 111 109 112 114 101 115 105 106 97 32 105 32 122 97 115 116 105 116 97 32 112 111 100 97 ]: Kod 2179
BAJT [115 105 106 97 32 105 32 122 97 115 116 105 116 97 32 112 111 100 97 116 97 107 97 32 50 48 50 54 46 10 75 111 109 112 114 101 115 105 106 97 32 105 32 122 97 115 116 105 116 97 32 112 111 100 97 116 ]: Kod 2222
BAJT [115 105 106 97 32 105 32 122 97 115 116 105 116 97 32 112 111 100 97 116 97 107 97 32 50 48 50 54 46 10 75 111 109 112 114 101 115 105 106 97 32 105 32 122 97 115 116 105 116 97 32 112 111 100 97 116 97 ]: Kod 2262
BAJT [115 105 106 97 32 105 32 122 97 115 116 105 116 97 32 112 111 100 97 116 97 107 97 32 50 48 50 54 46 10 75 111 109 112 114 101 115 105 106 97 32 105 32 122 97 115 116 105 116 97 32 112 111 100 97 116 97 107 ]: Kod 2271
BAJT [115 105 106 97 32 105 32 122 97 115 116 105 116 97 32 112 111 100 97 116 97 107 97 32 50 48 50 54 46 10 75 111 109 112 114 101 115 105 106 97 32 105 32 122 97 115 116 105 116 97 32 112 111 100 97 116 97 107 97 ]: Kod 2320
BAJT [115 105 106 97 32 105 32 122 97 115 116 105 116 97 32 112 111 100 97 116 97 107 97 32 50 48 50 54 46 10 75 111 109 112 114 101 115 105 106 97 32 105 32 122 97 115 116 105 116 97 32 112 111 100 97 116 97 107 97 32 ]: Kod 2346
BAJT [115 105 106 97 32 105 32 122 97 115 116 105 116 97 32 112 111 100 97 116 97 107 97 32 50 48 50 54 46 10 75 111 109 112 114 101 115 105 106 97 32 105 32 122 97 115 116 105 116 97 32 112 111 100 97 116 97 107 97 32 50 ]: Kod 2401
BAJT [115 105 106 97 32 105 32 122 97 115 116 105 116 97 32 112 111 100 97 116 97 107 97 32 50 48 50 54 46 10 75 111 109 112 114 101 115 105 106 97 32 105 32 122 97 115 116 105 116 97 32 112 111 100 97 116 97 107 97 32 50 48 ]: Kod 2404
BAJT [115 105 106 97 32 105 32 122 97 115 116 105 116 97 32 112 111 100 97 116 97 107 97 32 50 48 50 54 46 10 75 111 109 112 114 101 115 105 106 97 32 105 32 122 97 115 116 105 116 97 32 112 111 100 97 116 97 107 97 32 50 48 50 ]: Kod 2477
BAJT [115 105 106 97 32 105 32 122 97 115 116 105 116 97 32 112 111 100 97 116 97 107 97 32 50 48 50 54 46 10 75 111 109 112 114 101 115 105 106 97 32 105 32 122 97 115 116 105 116 97 32 112 111 100 97 116 97 107 97 32 50 48 50 54 ]: Kod 2513
BAJT [115 105 106 97 32 105 32 122 97 115 116 105 116 97 32 112 111 100 97 116 97 107 97 32 50 48 50 54 46 10 75 111 109 112 114 101 115 105 106 97 32 105 32 122 97 115 116 105 116 97 32 112 111 100 97 116 97 107 97 32 50 48 50 54 46 ]: Kod 2534
BAJT [115 105 106 97 32 105 32 122 97 115 116 105 116 97 32 112 111 100 97 116 97 107 97 32 50 48 50 54 46 10 75 111 109 112 114 101 115 105 106 97 32 105 32 122 97 115 116 105 116 97 32 112 111 100 97 116 97 107 97 32 50 48 50 54 46 10 ]: Kod 2577
BAJT [115 105 106 97 32 105 32 122 97 115 116 105 116 97 32 112 111 100 97 116 97 107 97 32 50 48 50 54 46 10 75 111 109 112 114 101 115 105 106 97 32 105 32 122 97 115 116 105 116 97 32 112 111 100 97 116 97 107 97 32 50 48 50 54 46 10 75 ]: Kod 2598
BAJT [115 105 106 97 32 105 32 122 97 115 116 105 116 97 32 112 111 100 97 116 97 107 97 32 50 48 50 54 46 10 75 111 109 112 114 101 115 105 106 97 32 105 32 122 97 115 116 105 116 97 32 112 111 100 97 116 97 107 97 32 50 48 50 54 46 10 75 111 ]: Kod 2642
BAJT [115 105 106 97 32 105 32 122 97 115 116 105 116 97 32 112 111 100 97 116 97 107 97 32 50 48 50 54 46 10 75 111 109 112 114 101 115 105 106 97 32 105 32 122 97 115 116 105 116 97 32 112 111 100 97 116 97 107 97 32 50 48 50 54 46 10 75 111 109 ]: Kod 2673
BAJT [115 105 106 97 32 105 32 122 97 115 116 105 116 97 32 112 111 100 97 116 97 107 97 32 50 48 50 54 46 10 75 111 109 112 114 101 115 105 106 97 32 105 32 122 97 115 116 105 116 97 32 112 111 100 97 116 97 107 97 32 50 48 50 54 46 10 75 111 109 112 ]: Kod 2711
BAJT [115 105 106 97 32 105 32 122 97 115 116 105 116 97 32 112 111 100 97 116 97 107 97 32 50 48 50 54 46 10 75 111 109 112 114 101 115 105 106 97 32 105 32 122 97 115 116 105 116 97 32 112 111 100 97 116 97 107 97 32 50 48 50 54 46 10 75 111 109 112 114 ]: Kod 2770
BAJT [115 105 106 97 32 105 32 122 97 115 116 105 116 97 32 112 111 100 97 116 97 107 97 32 50 48 50 54 46 10 75 111 109 112 114 101 115 105 106 97 32 105 32 122 97 115 116 105 116 97 32 112 111 100 97 116 97 107 97 32 50 48 50 54 46 10 75 111 109 112 114 101 ]: Kod 2800
BAJT [115 105 106 97 32 105 32 122 97 115 116 105 116 97 32 112 111 100 97 116 97 107 97 32 50 48 50 54 46 10 75 111 109 112 114 101 115 105 106 97 32 105 32 122 97 115 116 105 116 97 32 112 111 100 97 116 97 107 97 32 50 48 50 54 46 10 75 111 109 112 114 101 115 ]: Kod 2818
BAJT [115 105 106 97 32 105 32 122 97 115 116 105 116 97 32 112 111 100 97 116 97 107 97 32 50 48 50 54 46 10 75 111 109 112 114 101 115 105 106 97 32 105 32 122 97 115 116 105 116 97 32 112 111 100 97 116 97 107 97 32 50 48 50 54 46 10 75 111 109 112 114 101 115 105 ]: Kod 2819
BAJT [115 105 106 97 32 105 32 122 97 115 116 105 116 97 32 112 111 100 97 116 97 107 97 32 50 48 50 54 46 10 75 111 109 112 114 101 115 105 106 97 32 105 32 122 97 115 116 105 116 97 32 112 111 100 97 116 97 107 97 32 50 48 50 54 46 10 75 111 109 112 114 101 115 105 106 ]: Kod 2881
BAJT [115 105 106 97 32 105 32 122 97 115 116 105 116 97 32 112 111 100 97 116 97 107 97 32 50 48 50 54 46 10 75 111 109 112 114 101 115 105 106 97 32 105 32 122 97 115 116 105 116 97 32 112 111 100 97 116 97 107 97 32 50 48 50 54 46 10 75 111 109 112 114 101 115 105 106 97 ]: Kod 2919
BAJT [115 105 106 97 32 105 32 122 97 115 116 105 116 97 32 112 111 100 97 116 97 107 97 32 50 48 50 54 46 10 75 111 109 112 114 101 115 105 106 97 32 105 32 122 97 115 116 105 116 97 32 112 111 100 97 116 97 107 97 32 50 48 50 54 46 10 75 111 109 112 114 101 115 105 106 97 32 ]: Kod 2981
BAJT [115 105 106 97 32 105 32 122 97 115 116 105 116 97 32 112 111 100 97 116 97 107 97 32 50 48 50 54 46 10 75 111 109 112 114 101 115 105 106 97 32 105 32 122 97 115 116 105 116 97 32 112 111 100 97 116 97 107 97 32 50 48 50 54 46 10 75 111 109 112 114 101 115 105 106 97 32 105 ]: Kod 3005
BAJT [115 105 106 97 32 105 32 122 97 115 116 105 116 97 32 112 111 100 97 116 97 107 97 32 50 48 50 54 46 10 75 111 109 112 114 101 115 105 106 97 32 105 32 122 97 115 116 105 116 97 32 112 111 100 97 116 97 107 97 32 50 48 50 54 46 10 75 111 109 112 114 101 115 105 106 97 32 105 32 ]: Kod 3019
BAJT [115 105 106 97 32 105 32 122 97 115 116 105 116 97 32 112 111 100 97 116 97 107 97 32 50 48 50 54 46 10 75 111 109 112 114 101 115 105 106 97 32 105 32 122 97 115 116 105 116 97 32 112 111 100 97 116 97 107 97 32 50 48 50 54 46 10 75 111 109 112 114 101 115 105 106 97 32 105 32 122 ]: Kod 3072
BAJT [115 105 106 97 32 105 32 122 97 115 116 105 116 97 32 112 111 100 97 116 97 107 97 32 50 48 50 54 46 10 75 111 109 112 114 101 115 105 106 97 32 105 32 122 97 115 116 105 116 97 32 112 111 100 97 116 97 107 97 32 50 48 50 54 46 10 75 111 109 112 114 101 115 105 106 97 32 105 32 122 97 ]: Kod 3120
BAJT [115 105 106 97 32 105 32 122 97 115 116 105 116 97 32 112 111 100 97 116 97 107 97 32 50 48 50 54 46 10 75 111 109 112 114 101 115 105 106 97 32 105 32 122 97 115 116 105 116 97 32 112 111 100 97 116 97 107 97 32 50 48 50 54 46 10 75 111 109 112 114 101 115 105 106 97 32 105 32 122 97 115 ]: Kod 3165
BAJT [115 105 106 97 32 105 32 122 97 115 116 105 116 97 32 112 111 100 97 116 97 107 97 32 50 48 50 54 46 10 75 111 109 112 114 101 115 105 106 97 32 105 32 122 97 115 116 105 116 97 32 112 111 100 97 116 97 107 97 32 50 48 50 54 46 10 75 111 109 112 114 101 115 105 106 97 32 105 32 122 97 115 116 ]: Kod 3169
BAJT [115 105 106 97 32 105 32 122 97 115 116 105 116 97 32 112 111 100 97 116 97 107 97 32 50 48 50 54 46 10 75 111 109 112 114 101 115 105 106 97 32 105 32 122 97 115 116 105 116 97 32 112 111 100 97 116 97 107 97 32 50 48 50 54 46 10 75 111 109 112 114 101 115 105 106 97 32 105 32 122 97 115 116 105 ]: Kod 3212
BAJT [115 105 106 97 32 105 32 122 97 115 116 105 116 97 32 112 111 100 97 116 97 107 97 32 50 48 50 54 46 10 75 111 109 112 114 101 115 105 106 97 32 105 32 122 97 115 116 105 116 97 32 112 111 100 97 116 97 107 97 32 50 48 50 54 46 10 75 111 109 112 114 101 115 105 106 97 32 105 32 122 97 115 116 105 116 ]: Kod 3265
BAJT [115 105 106 97 32 105 32 122 97 115 116 105 116 97 32 112 111 100 97 116 97 107 97 32 50 48 50 54 46 10 75 111 109 112 114 101 115 105 106 97 32 105 32 122 97 115 116 105 116 97 32 112 111 100 97 116 97 107 97 32 50 48 50 54 46 10 75 111 109 112 114 101 115 105 106 97 32 105 32 122 97 115 116 105 116 97 ]: Kod 3268
BAJT [115 105 106 97 32 105 32 122 97 115 116 105 116 97 32 112 111 100 97 116 97 107 97 32 50 48 50 54 46 10 75 111 109 112 114 101 115 105 106 97 32 105 32 122 97 115 116 105 116 97 32 112 111 100 97 116 97 107 97 32 50 48 50 54 46 10 75 111 109 112 114 101 115 105 106 97 32 105 32 122 97 115 116 105 116 97 32 ]: Kod 3334
BAJT [115 105 106 97 32 105 32 122 97 115 116 105 116 97 32 112 111 100 97 116 97 107 97 32 50 48 50 54 46 10 75 111 109 112 114 101 115 105 106 97 32 105 32 122 97 115 116 105 116 97 32 112 111 100 97 116 97 107 97 32 50 48 50 54 46 10 75 111 109 112 114 101 115 105 106 97 32 105 32 122 97 115 116 105 116 97 32 112 ]: Kod 3359
BAJT [115 105 106 97 32 105 32 122 97 115 116 105 116 97 32 112 111 100 97 116 97 107 97 32 50 48 50 54 46 10 75 111 109 112 114 101 115 105 106 97 32 105 32 122 97 115 116 105 116 97 32 112 111 100 97 116 97 107 97 32 50 48 50 54 46 10 75 111 109 112 114 101 115 105 106 97 32 105 32 122 97 115 116 105 116 97 32 112 111 ]: Kod 3392
BAJT [115 105 106 97 32 105 32 122 97 115 116 105 116 97 32 112 111 100 97 116 97 107 97 32 50 48 50 54 46 10 75 111 109 112 114 101 115 105 106 97 32 105 32 122 97 115 116 105 116 97 32 112 111 100 97 116 97 107 97 32 50 48 50 54 46 10 75 111 109 112 114 101 115 105 106 97 32 105 32 122 97 115 116 105 116 97 32 112 111 100 ]: Kod 3451
BAJT [115 105 106 97 32 105 32 122 97 115 116 105 116 97 32 112 111 100 97 116 97 107 97 32 50 48 50 54 46 10 75 111 109 112 114 101 115 105 106 97 32 105 32 122 97 115 116 105 116 97 32 112 111 100 97 116 97 107 97 32 50 48 50 54 46 10 75 111 109 112 114 101 115 105 106 97 32 105 32 122 97 115 116 105 116 97 32 112 111 100 97 ]: Kod 3475
BAJT [115 105 106 97 32 105 32 122 97 115 116 105 116 97 32 112 111 100 97 116 97 107 97 32 50 48 50 54 46 10 75 111 109 112 114 101 115 105 106 97 32 105 32 122 97 115 116 105 116 97 32 112 111 100 97 116 97 107 97 32 50 48 50 54 46 10 75 111 109 112 114 101 115 105 106 97 32 105 32 122 97 115 116 105 116 97 32 112 111 100 97 116 ]: Kod 3518
BAJT [115 105 106 97 32 105 32 122 97 115 116 105 116 97 32 112 111 100 97 116 97 107 97 32 50 48 50 54 46 10 75 111 109 112 114 101 115 105 106 97 32 105 32 122 97 115 116 105 116 97 32 112 111 100 97 116 97 107 97 32 50 48 50 54 46 10 75 111 109 112 114 101 115 105 106 97 32 105 32 122 97 115 116 105 116 97 32 112 111 100 97 116 97 ]: Kod 3558
BAJT [115 105 106 97 32 105 32 122 97 115 116 105 116 97 32 112 111 100 97 116 97 107 97 32 50 48 50 54 46 10 75 111 109 112 114 101 115 105 106 97 32 105 32 122 97 115 116 105 116 97 32 112 111 100 97 116 97 107 97 32 50 48 50 54 46 10 75 111 109 112 114 101 115 105 106 97 32 105 32 122 97 115 116 105 116 97 32 112 111 100 97 116 97 107 ]: Kod 3567
BAJT [115 105 106 97 32 105 32 122 97 115 116 105 116 97 32 112 111 100 97 116 97 107 97 32 50 48 50 54 46 10 75 111 109 112 114 101 115 105 106 97 32 105 32 122 97 115 116 105 116 97 32 112 111 100 97 116 97 107 97 32 50 48 50 54 46 10 75 111 109 112 114 101 115 105 106 97 32 105 32 122 97 115 116 105 116 97 32 112 111 100 97 116 97 107 97 ]: Kod 3616
BAJT [115 105 106 97 32 105 32 122 97 115 116 105 116 97 32 112 111 100 97 116 97 107 97 32 50 48 50 54 46 10 75 111 109 112 114 101 115 105 106 97 32 105 32 122 97 115 116 105 116 97 32 112 111 100 97 116 97 107 97 32 50 48 50 54 46 10 75 111 109 112 114 101 115 105 106 97 32 105 32 122 97 115 116 105 116 97 32 112 111 100 97 116 97 107 97 32 ]: Kod 3642
BAJT [115 105 106 97 32 105 32 122 97 115 116 105 116 97 32 112 111 100 97 116 97 107 97 32 50 48 50 54 46 10 75 111 109 112 114 101 115 105 106 97 32 105 32 122 97 115 116 105 116 97 32 112 111 100 97 116 97 107 97 32 50 48 50 54 46 10 75 111 109 112 114 101 115 105 106 97 32 105 32 122 97 115 116 105 116 97 32 112 111 100 97 116 97 107 97 32 50 ]: Kod 3697
BAJT [115 105 106 97 32 105 32 122 97 115 116 105 116 97 32 112 111 100 97 116 97 107 97 32 50 48 50 54 46 10 75 111 109 112 114 101 115 105 106 97 32 105 32 122 97 115 116 105 116 97 32 112 111 100 97 116 97 107 97 32 50 48 50 54 46 10 75 111 109 112 114 101 115 105 106 97 32 105 32 122 97 115 116 105 116 97 32 112 111 100 97 116 97 107 97 32 50 48 ]: Kod 3700
BAJT [115 105 106 97 32 105 32 122 97 115 116 105 116 97 32 112 111 100 97 116 97 107 97 32 50 48 50 54 46 10 75 111 109 112 114 101 115 105 106 97 32 105 32 122 97 115 116 105 116 97 32 112 111 100 97 116 97 107 97 32 50 48 50 54 46 10 75 111 109 112 114 101 115 105 106 97 32 105 32 122 97 115 116 105 116 97 32 112 111 100 97 116 97 107 97 32 50 48 50 ]: Kod 3773
BAJT [115 105 106 97 32 105 32 122 97 115 116 105 116 97 32 112 111 100 97 116 97 107 97 32 50 48 50 54 46 10 75 111 109 112 114 101 115 105 106 97 32 105 32 122 97 115 116 105 116 97 32 112 111 100 97 116 97 107 97 32 50 48 50 54 46 10 75 111 109 112 114 101 115 105 106 97 32 105 32 122 97 115 116 105 116 97 32 112 111 100 97 116 97 107 97 32 50 48 50 54 ]: Kod 3809
BAJT [115 105 106 97 32 105 32 122 97 115 116 105 116 97 32 112 111 100 97 116 97 107 97 32 50 48 50 54 46 10 75 111 109 112 114 101 115 105 106 97 32 105 32 122 97 115 116 105 116 97 32 112 111 100 97 116 97 107 97 32 50 48 50 54 46 10 75 111 109 112 114 101 115 105 106 97 32 105 32 122 97 115 116 105 116 97 32 112 111 100 97 116 97 107 97 32 50 48 50 54 46 ]: Kod 3830
BAJT [115 105 106 97 32 105 32 122 97 115 116 105 116 97 32 112 111 100 97 116 97 107 97 32 50 48 50 54 46 10 75 111 109 112 114 101 115 105 106 97 32 105 32 122 97 115 116 105 116 97 32 112 111 100 97 116 97 107 97 32 50 48 50 54 46 10 75 111 109 112 114 101 115 105 106 97 32 105 32 122 97 115 116 105 116 97 32 112 111 100 97 116 97 107 97 32 50 48 50 54 46 10 ]: Kod 3873
BAJT [115 105 106 97 32 105 32 122 97 115 116 105 116 97 32 112 111 100 97 116 97 107 97 32 50 48 50 54 46 10 75 111 109 112 114 101 115 105 106 97 32 105 32 122 97 115 116 105 116 97 32 112 111 100 97 116 97 107 97 32 50 48 50 54 46 10 75 111 109 112 114 101 115 105 106 97 32 105 32 122 97 115 116 105 116 97 32 112 111 100 97 116 97 107 97 32 50 48 50 54 46 10 75 ]: Kod 3894
BAJT [115 105 106 97 32 105 32 122 97 115 116 105 116 97 32 112 111 100 97 116 97 107 97 32 50 48 50 54 46 10 75 111 109 112 114 101 115 105 106 97 32 105 32 122 97 115 116 105 116 97 32 112 111 100 97 116 97 107 97 32 50 48 50 54 46 10 75 111 109 112 114 101 115 105 106 97 32 105 32 122 97 115 116 105 116 97 32 112 111 100 97 116 97 107 97 32 50 48 50 54 46 10 75 111 ]: Kod 3938
BAJT [115 105 106 97 32 105 32 122 97 115 116 105 116 97 32 112 111 100 97 116 97 107 97 32 50 48 50 54 46 10 75 111 109 112 114 101 115 105 106 97 32 105 32 122 97 115 116 105 116 97 32 112 111 100 97 116 97 107 97 32 50 48 50 54 46 10 75 111 109 112 114 101 115 105 106 97 32 105 32 122 97 115 116 105 116 97 32 112 111 100 97 116 97 107 97 32 50 48 50 54 46 10 75 111 109 ]: Kod 3969
BAJT [115 105 106 97 32 105 32 122 97 115 116 105 116 97 32 112 111 100 97 116 97 107 97 32 50 48 50 54 46 10 75 111 109 112 114 101 115 105 106 97 32 105 32 122 97 115 116 105 116 97 32 112 111 100 97 116 97 107 97 32 50 48 50 54 46 10 75 111 109 112 114 101 115 105 106 97 32 105 32 122 97 115 116 105 116 97 32 112 111 100 97 116 97 107 97 32 50 48 50 54 46 10 75 111 109 112 ]: Kod 4007
BAJT [115 105 106 97 32 105 32 122 97 115 116 105 116 97 32 112 111 100 97 116 97 107 97 32 50 48 50 54 46 10 75 111 109 112 114 101 115 105 106 97 32 105 32 122 97 115 116 105 116 97 32 112 111 100 97 116 97 107 97 32 50 48 50 54 46 10 75 111 109 112 114 101 115 105 106 97 32 105 32 122 97 115 116 105 116 97 32 112 111 100 97 116 97 107 97 32 50 48 50 54 46 10 75 111 109 112 114 ]: Kod 4066
BAJT [115 116 ]: Kod 271
BAJT [115 116 105 ]: Kod 314
BAJT [115 116 105 116 ]: Kod 330
BAJT [115 116 105 116 97 ]: Kod 374
BAJT [115 116 105 116 97 32 ]: Kod 400
BAJT [115 116 105 116 97 32 112 ]: Kod 459
BAJT [115 116 105 116 97 32 112 111 ]: Kod 476
BAJT [115 116 105 116 97 32 112 111 100 ]: Kod 516
BAJT [115 116 105 116 97 32 112 111 100 97 ]: Kod 574
BAJT [115 116 105 116 97 32 112 111 100 97 116 ]: Kod 611
BAJT [115 116 105 116 97 32 112 111 100 97 116 97 ]: Kod 624
BAJT [115 116 105 116 97 32 112 111 100 97 116 97 107 ]: Kod 662
BAJT [115 116 105 116 97 32 112 111 100 97 116 97 107 97 ]: Kod 665
BAJT [115 116 105 116 97 32 112 111 100 97 116 97 107 97 32 ]: Kod 740
BAJT [115 116 105 116 97 32 112 111 100 97 116 97 107 97 32 50 ]: Kod 758
BAJT [115 116 105 116 97 32 112 111 100 97 116 97 107 97 32 50 48 ]: Kod 821
BAJT [115 116 105 116 97 32 112 111 100 97 116 97 107 97 32 50 48 50 ]: Kod 832
BAJT [115 116 105 116 97 32 112 111 100 97 116 97 107 97 32 50 48 50 54 ]: Kod 911
BAJT [115 116 105 116 97 32 112 111 100 97 116 97 107 97 32 50 48 50 54 46 ]: Kod 913
BAJT [115 116 105 116 97 32 112 111 100 97 116 97 107 97 32 50 48 50 54 46 10 ]: Kod 945
BAJT [115 116 105 116 97 32 112 111 100 97 116 97 107 97 32 50 48 50 54 46 10 75 ]: Kod 984
BAJT [115 116 105 116 97 32 112 111 100 97 116 97 107 97 32 50 48 50 54 46 10 75 111 ]: Kod 1026
BAJT [115 116 105 116 97 32 112 111 100 97 116 97 107 97 32 50 48 50 54 46 10 75 111 109 ]: Kod 1052
BAJT [115 116 105 116 97 32 112 111 100 97 116 97 107 97 32 50 48 50 54 46 10 75 111 109 112 ]: Kod 1092
BAJT [115 116 105 116 97 32 112 111 100 97 116 97 107 97 32 50 48 50 54 46 10 75 111 109 112 114 ]: Kod 1095
BAJT [115 116 105 116 97 32 112 111 100 97 116 97 107 97 32 50 48 50 54 46 10 75 111 109 112 114 101 ]: Kod 1155
BAJT [115 116 105 116 97 32 112 111 100 97 116 97 107 97 32 50 48 50 54 46 10 75 111 109 112 114 101 115 ]: Kod 1216
BAJT [115 116 105 116 97 32 112 111 100 97 116 97 107 97 32 50 48 50 54 46 10 75 111 109 112 114 101 115 105 ]: Kod 1250
BAJT [115 116 105 116 97 32 112 111 100 97 116 97 107 97 32 50 48 50 54 46 10 75 111 109 112 114 101 115 105 106 ]: Kod 1285
BAJT [115 116 105 116 97 32 112 111 100 97 116 97 107 97 32 50 48 50 54 46 10 75 111 109 112 114 101 115 105 106 97 ]: Kod 1325
BAJT [115 116 105 116 97 32 112 111 100 97 116 97 107 97 32 50 48 50 54 46 10 75 111 109 112 114 101 115 105 106 97 32 ]: Kod 1359
BAJT [115 116 105 116 97 32 112 111 100 97 116 97 107 97 32 50 48 50 54 46 10 75 111 109 112 114 101 115 105 106 97 32 105 ]: Kod 1392
BAJT [115 116 105 116 97 32 112 111 100 97 116 97 107 97 32 50 48 50 54 46 10 75 111 109 112 114 101 115 105 106 97 32 105 32 ]: Kod 1412
BAJT [115 116 105 116 97 32 112 111 100 97 116 97 107 97 32 50 48 50 54 46 10 75 111 109 112 114 101 115 105 106 97 32 105 32 122 ]: Kod 1452
BAJT [115 116 105 116 97 32 112 111 100 97 116 97 107 97 32 50 48 50 54 46 10 75 111 109 112 114 101 115 105 106 97 32 105 32 122 97 ]: Kod 1495
BAJT [115 116 105 116 97 32 112 111 100 97 116 97 107 97 32 50 48 50 54 46 10 75 111 109 112 114 101 115 105 106 97 32 105 32 122 97 115 ]: Kod 1540
BAJT [115 116 105 116 97 32 112 111 100 97 116 97 107 97 32 50 48 50 54 46 10 75 111 109 112 114 101 115 105 106 97 32 105 32 122 97 115 116 ]: Kod 1541
BAJT [115 116 105 116 97 32 112 111 100 97 116 97 107 97 32 50 48 50 54 46 10 75 111 109 112 114 101 115 105 106 97 32 105 32 122 97 115 116 105 ]: Kod 1608
BAJT [115 116 105 116 97 32 112 111 100 97 116 97 107 97 32 50 48 50 54 46 10 75 111 109 112 114 101 115 105 106 97 32 105 32 122 97 115 116 105 116 ]: Kod 1626
BAJT [115 116 105 116 97 32 112 111 100 97 116 97 107 97 32 50 48 50 54 46 10 75 111 109 112 114 101 115 105 106 97 32 105 32 122 97 115 116 105 116 97 ]: Kod 1670
BAJT [115 116 105 116 97 32 112 111 100 97 116 97 107 97 32 50 48 50 54 46 10 75 111 109 112 114 101 115 105 106 97 32 105 32 122 97 115 116 105 116 97 32 ]: Kod 1696
BAJT [115 116 105 116 97 32 112 111 100 97 116 97 107 97 32 50 48 50 54 46 10 75 111 109 112 114 101 115 105 106 97 32 105 32 122 97 115 116 105 116 97 32 112 ]: Kod 1755
BAJT [115 116 105 116 97 32 112 111 100 97 116 97 107 97 32 50 48 50 54 46 10 75 111 109 112 114 101 115 105 106 97 32 105 32 122 97 115 116 105 116 97 32 112 111 ]: Kod 1772
BAJT [115 116 105 116 97 32 112 111 100 97 116 97 107 97 32 50 48 50 54 46 10 75 111 109 112 114 101 115 105 106 97 32 105 32 122 97 115 116 105 116 97 32 112 111 100 ]: Kod 1812
BAJT [115 116 105 116 97 32 112 111 100 97 116 97 107 97 32 50 48 50 54 46 10 75 111 109 112 114 101 115 105 106 97 32 105 32 122 97 115 116 105 116 97 32 112 111 100 97 ]: Kod 1870
BAJT [115 116 105 116 97 32 112 111 100 97 116 97 107 97 32 50 48 50 54 46 10 75 111 109 112 114 101 115 105 106 97 32 105 32 122 97 115 116 105 116 97 32 112 111 100 97 116 ]: Kod 1907
BAJT [115 116 105 116 97 32 112 111 100 97 116 97 107 97 32 50 48 50 54 46 10 75 111 109 112 114 101 115 105 106 97 32 105 32 122 97 115 116 105 116 97 32 112 111 100 97 116 97 ]: Kod 1920
BAJT [115 116 105 116 97 32 112 111 100 97 116 97 107 97 32 50 48 50 54 46 10 75 111 109 112 114 101 115 105 106 97 32 105 32 122 97 115 116 105 116 97 32 112 111 100 97 116 97 107 ]: Kod 1958
BAJT [115 116 105 116 97 32 112 111 100 97 116 97 107 97 32 50 48 50 54 46 10 75 111 109 112 114 101 115 105 106 97 32 105 32 122 97 115 116 105 116 97 32 112 111 100 97 116 97 107 97 ]: Kod 1961
BAJT [115 116 105 116 97 32 112 111 100 97 116 97 107 97 32 50 48 50 54 46 10 75 111 109 112 114 101 115 105 106 97 32 105 32 122 97 115 116 105 116 97 32 112 111 100 97 116 97 107 97 32 ]: Kod 2036
BAJT [115 116 105 116 97 32 112 111 100 97 116 97 107 97 32 50 48 50 54 46 10 75 111 109 112 114 101 115 105 106 97 32 105 32 122 97 115 116 105 116 97 32 112 111 100 97 116 97 107 97 32 50 ]: Kod 2054
BAJT [115 116 105 116 97 32 112 111 100 97 116 97 107 97 32 50 48 50 54 46 10 75 111 109 112 114 101 115 105 106 97 32 105 32 122 97 115 116 105 116 97 32 112 111 100 97 116 97 107 97 32 50 48 ]: Kod 2117
BAJT [115 116 105 116 97 32 112 111 100 97 116 97 107 97 32 50 48 50 54 46 10 75 111 109 112 114 101 115 105 106 97 32 105 32 122 97 115 116 105 116 97 32 112 111 100 97 116 97 107 97 32 50 48 50 ]: Kod 2128
BAJT [115 116 105 116 97 32 112 111 100 97 116 97 107 97 32 50 48 50 54 46 10 75 111 109 112 114 101 115 105 106 97 32 105 32 122 97 115 116 105 116 97 32 112 111 100 97 116 97 107 97 32 50 48 50 54 ]: Kod 2207
BAJT [115 116 105 116 97 32 112 111 100 97 116 97 107 97 32 50 48 50 54 46 10 75 111 109 112 114 101 115 105 106 97 32 105 32 122 97 115 116 105 116 97 32 112 111 100 97 116 97 107 97 32 50 48 50 54 46 ]: Kod 2209
BAJT [115 116 105 116 97 32 112 111 100 97 116 97 107 97 32 50 48 50 54 46 10 75 111 109 112 114 101 115 105 106 97 32 105 32 122 97 115 116 105 116 97 32 112 111 100 97 116 97 107 97 32 50 48 50 54 46 10 ]: Kod 2241
BAJT [115 116 105 116 97 32 112 111 100 97 116 97 107 97 32 50 48 50 54 46 10 75 111 109 112 114 101 115 105 106 97 32 105 32 122 97 115 116 105 116 97 32 112 111 100 97 116 97 107 97 32 50 48 50 54 46 10 75 ]: Kod 2280
BAJT [115 116 105 116 97 32 112 111 100 97 116 97 107 97 32 50 48 50 54 46 10 75 111 109 112 114 101 115 105 106 97 32 105 32 122 97 115 116 105 116 97 32 112 111 100 97 116 97 107 97 32 50 48 50 54 46 10 75 111 ]: Kod 2322
BAJT [115 116 105 116 97 32 112 111 100 97 116 97 107 97 32 50 48 50 54 46 10 75 111 109 112 114 101 115 105 106 97 32 105 32 122 97 115 116 105 116 97 32 112 111 100 97 116 97 107 97 32 50 48 50 54 46 10 75 111 109 ]: Kod 2348
BAJT [115 116 105 116 97 32 112 111 100 97 116 97 107 97 32 50 48 50 54 46 10 75 111 109 112 114 101 115 105 106 97 32 105 32 122 97 115 116 105 116 97 32 112 111 100 97 116 97 107 97 32 50 48 50 54 46 10 75 111 109 112 ]: Kod 2388
BAJT [115 116 105 116 97 32 112 111 100 97 116 97 107 97 32 50 48 50 54 46 10 75 111 109 112 114 101 115 105 106 97 32 105 32 122 97 115 116 105 116 97 32 112 111 100 97 116 97 107 97 32 50 48 50 54 46 10 75 111 109 112 114 ]: Kod 2391
BAJT [115 116 105 116 97 32 112 111 100 97 116 97 107 97 32 50 48 50 54 46 10 75 111 109 112 114 101 115 105 106 97 32 105 32 122 97 115 116 105 116 97 32 112 111 100 97 116 97 107 97 32 50 48 50 54 46 10 75 111 109 112 114 101 ]: Kod 2451
BAJT [115 116 105 116 97 32 112 111 100 97 116 97 107 97 32 50 48 50 54 46 10 75 111 109 112 114 101 115 105 106 97 32 105 32 122 97 115 116 105 116 97 32 112 111 100 97 116 97 107 97 32 50 48 50 54 46 10 75 111 109 112 114 101 115 ]: Kod 2512
BAJT [115 116 105 116 97 32 112 111 100 97 116 97 107 97 32 50 48 50 54 46 10 75 111 109 112 114 101 115 105 106 97 32 105 32 122 97 115 116 105 116 97 32 112 111 100 97 116 97 107 97 32 50 48 50 54 46 10 75 111 109 112 114 101 115 105 ]: Kod 2546
BAJT [115 116 105 116 97 32 112 111 100 97 116 97 107 97 32 50 48 50 54 46 10 75 111 109 112 114 101 115 105 106 97 32 105 32 122 97 115 116 105 116 97 32 112 111 100 97 116 97 107 97 32 50 48 50 54 46 10 75 111 109 112 114 101 115 105 106 ]: Kod 2581
BAJT [115 116 105 116 97 32 112 111 100 97 116 97 107 97 32 50 48 50 54 46 10 75 111 109 112 114 101 115 105 106 97 32 105 32 122 97 115 116 105 116 97 32 112 111 100 97 116 97 107 97 32 50 48 50 54 46 10 75 111 109 112 114 101 115 105 106 97 ]: Kod 2621
BAJT [115 116 105 116 97 32 112 111 100 97 116 97 107 97 32 50 48 50 54 46 10 75 111 109 112 114 101 115 105 106 97 32 105 32 122 97 115 116 105 116 97 32 112 111 100 97 116 97 107 97 32 50 48 50 54 46 10 75 111 109 112 114 101 115 105 106 97 32 ]: Kod 2655
BAJT [115 116 105 116 97 32 112 111 100 97 116 97 107 97 32 50 48 50 54 46 10 75 111 109 112 114 101 115 105 106 97 32 105 32 122 97 115 116 105 116 97 32 112 111 100 97 116 97 107 97 32 50 48 50 54 46 10 75 111 109 112 114 101 115 105 106 97 32 105 ]: Kod 2688
BAJT [115 116 105 116 97 32 112 111 100 97 116 97 107 97 32 50 48 50 54 46 10 75 111 109 112 114 101 115 105 106 97 32 105 32 122 97 115 116 105 116 97 32 112 111 100 97 116 97 107 97 32 50 48 50 54 46 10 75 111 109 112 114 101 115 105 106 97 32 105 32 ]: Kod 2708
BAJT [115 116 105 116 97 32 112 111 100 97 116 97 107 97 32 50 48 50 54 46 10 75 111 109 112 114 101 115 105 106 97 32 105 32 122 97 115 116 105 116 97 32 112 111 100 97 116 97 107 97 32 50 48 50 54 46 10 75 111 109 112 114 101 115 105 106 97 32 105 32 122 ]: Kod 2748
BAJT [115 116 105 116 97 32 112 111 100 97 116 97 107 97 32 50 48 50 54 46 10 75 111 109 112 114 101 115 105 106 97 32 105 32 122 97 115 116 105 116 97 32 112 111 100 97 116 97 107 97 32 50 48 50 54 46 10 75 111 109 112 114 101 115 105 106 97 32 105 32 122 97 ]: Kod 2791
BAJT [115 116 105 116 97 32 112 111 100 97 116 97 107 97 32 50 48 50 54 46 10 75 111 109 112 114 101 115 105 106 97 32 105 32 122 97 115 116 105 116 97 32 112 111 100 97 116 97 107 97 32 50 48 50 54 46 10 75 111 109 112 114 101 115 105 106 97 32 105 32 122 97 115 ]: Kod 2836
BAJT [115 116 105 116 97 32 112 111 100 97 116 97 107 97 32 50 48 50 54 46 10 75 111 109 112 114 101 115 105 106 97 32 105 32 122 97 115 116 105 116 97 32 112 111 100 97 116 97 107 97 32 50 48 50 54 46 10 75 111 109 112 114 101 115 105 106 97 32 105 32 122 97 115 116 ]: Kod 2837
BAJT [115 116 105 116 97 32 112 111 100 97 116 97 107 97 32 50 48 50 54 46 10 75 111 109 112 114 101 115 105 106 97 32 105 32 122 97 115 116 105 116 97 32 112 111 100 97 116 97 107 97 32 50 48 50 54 46 10 75 111 109 112 114 101 115 105 106 97 32 105 32 122 97 115 116 105 ]: Kod 2904
BAJT [115 116 105 116 97 32 112 111 100 97 116 97 107 97 32 50 48 50 54 46 10 75 111 109 112 114 101 115 105 106 97 32 105 32 122 97 115 116 105 116 97 32 112 111 100 97 116 97 107 97 32 50 48 50 54 46 10 75 111 109 112 114 101 115 105 106 97 32 105 32 122 97 115 116 105 116 ]: Kod 2922
BAJT [115 116 105 116 97 32 112 111 100 97 116 97 107 97 32 50 48 50 54 46 10 75 111 109 112 114 101 115 105 106 97 32 105 32 122 97 115 116 105 116 97 32 112 111 100 97 116 97 107 97 32 50 48 50 54 46 10 75 111 109 112 114 101 115 105 106 97 32 105 32 122 97 115 116 105 116 97 ]: Kod 2966
BAJT [115 116 105 116 97 32 112 111 100 97 116 97 107 97 32 50 48 50 54 46 10 75 111 109 112 114 101 115 105 106 97 32 105 32 122 97 115 116 105 116 97 32 112 111 100 97 116 97 107 97 32 50 48 50 54 46 10 75 111 109 112 114 101 115 105 106 97 32 105 32 122 97 115 116 105 116 97 32 ]: Kod 2992
BAJT [115 116 105 116 97 32 112 111 100 97 116 97 107 97 32 50 48 50 54 46 10 75 111 109 112 114 101 115 105 106 97 32 105 32 122 97 115 116 105 116 97 32 112 111 100 97 116 97 107 97 32 50 48 50 54 46 10 75 111 109 112 114 101 115 105 106 97 32 105 32 122 97 115 116 105 116 97 32 112 ]: Kod 3051
BAJT [115 116 105 116 97 32 112 111 100 97 116 97 107 97 32 50 48 50 54 46 10 75 111 109 112 114 101 115 105 106 97 32 105 32 122 97 115 116 105 116 97 32 112 111 100 97 116 97 107 97 32 50 48 50 54 46 10 75 111 109 112 114 101 115 105 106 97 32 105 32 122 97 115 116 105 116 97 32 112 111 ]: Kod 3068
BAJT [115 116 105 116 97 32 112 111 100 97 116 97 107 97 32 50 48 50 54 46 10 75 111 109 112 114 101 115 105 106 97 32 105 32 122 97 115 116 105 116 97 32 112 111 100 97 116 97 107 97 32 50 48 50 54 46 10 75 111 109 112 114 101 115 105 106 97 32 105 32 122 97 115 116 105 116 97 32 112 111 100 ]: Kod 3108
BAJT [115 116 105 116 97 32 112 111 100 97 116 97 107 97 32 50 48 50 54 46 10 75 111 109 112 114 101 115 105 106 97 32 105 32 122 97 115 116 105 116 97 32 112 111 100 97 116 97 107 97 32 50 48 50 54 46 10 75 111 109 112 114 101 115 105 106 97 32 105 32 122 97 115 116 105 116 97 32 112 111 100 97 ]: Kod 3166
BAJT [115 116 105 116 97 32 112 111 100 97 116 97 107 97 32 50 48 50 54 46 10 75 111 109 112 114 101 115 105 106 97 32 105 32 122 97 115 116 105 116 97 32 112 111 100 97 116 97 107 97 32 50 48 50 54 46 10 75 111 109 112 114 101 115 105 106 97 32 105 32 122 97 115 116 105 116 97 32 112 111 100 97 116 ]: Kod 3203
BAJT [115 116 105 116 97 32 112 111 100 97 116 97 107 97 32 50 48 50 54 46 10 75 111 109 112 114 101 115 105 106 97 32 105 32 122 97 115 116 105 116 97 32 112 111 100 97 116 97 107 97 32 50 48 50 54 46 10 75 111 109 112 114 101 115 105 106 97 32 105 32 122 97 115 116 105 116 97 32 112 111 100 97 116 97 ]: Kod 3216
BAJT [115 116 105 116 97 32 112 111 100 97 116 97 107 97 32 50 48 50 54 46 10 75 111 109 112 114 101 115 105 106 97 32 105 32 122 97 115 116 105 116 97 32 112 111 100 97 116 97 107 97 32 50 48 50 54 46 10 75 111 109 112 114 101 115 105 106 97 32 105 32 122 97 115 116 105 116 97 32 112 111 100 97 116 97 107 ]: Kod 3254
BAJT [115 116 105 116 97 32 112 111 100 97 116 97 107 97 32 50 48 50 54 46 10 75 111 109 112 114 101 115 105 106 97 32 105 32 122 97 115 116 105 116 97 32 112 111 100 97 116 97 107 97 32 50 48 50 54 46 10 75 111 109 112 114 101 115 105 106 97 32 105 32 122 97 115 116 105 116 97 32 112 111 100 97 116 97 107 97 ]: Kod 3257
BAJT [115 116 105 116 97 32 112 111 100 97 116 97 107 97 32 50 48 50 54 46 10 75 111 109 112 114 101 115 105 106 97 32 105 32 122 97 115 116 105 116 97 32 112 111 100 97 116 97 107 97 32 50 48 50 54 46 10 75 111 109 112 114 101 115 105 106 97 32 105 32 122 97 115 116 105 116 97 32 112 111 100 97 116 97 107 97 32 ]: Kod 3332
BAJT [115 116 105 116 97 32 112 111 100 97 116 97 107 97 32 50 48 50 54 46 10 75 111 109 112 114 101 115 105 106 97 32 105 32 122 97 115 116 105 116 97 32 112 111 100 97 116 97 107 97 32 50 48 50 54 46 10 75 111 109 112 114 101 115 105 106 97 32 105 32 122 97 115 116 105 116 97 32 112 111 100 97 116 97 107 97 32 50 ]: Kod 3350
BAJT [115 116 105 116 97 32 112 111 100 97 116 97 107 97 32 50 48 50 54 46 10 75 111 109 112 114 101 115 105 106 97 32 105 32 122 97 115 116 105 116 97 32 112 111 100 97 116 97 107 97 32 50 48 50 54 46 10 75 111 109 112 114 101 115 105 106 97 32 105 32 122 97 115 116 105 116 97 32 112 111 100 97 116 97 107 97 32 50 48 ]: Kod 3413
BAJT [115 116 105 116 97 32 112 111 100 97 116 97 107 97 32 50 48 50 54 46 10 75 111 109 112 114 101 115 105 106 97 32 105 32 122 97 115 116 105 116 97 32 112 111 100 97 116 97 107 97 32 50 48 50 54 46 10 75 111 109 112 114 101 115 105 106 97 32 105 32 122 97 115 116 105 116 97 32 112 111 100 97 116 97 107 97 32 50 48 50 ]: Kod 3424
BAJT [115 116 105 116 97 32 112 111 100 97 116 97 107 97 32 50 48 50 54 46 10 75 111 109 112 114 101 115 105 106 97 32 105 32 122 97 115 116 105 116 97 32 112 111 100 97 116 97 107 97 32 50 48 50 54 46 10 75 111 109 112 114 101 115 105 106 97 32 105 32 122 97 115 116 105 116 97 32 112 111 100 97 116 97 107 97 32 50 48 50 54 ]: Kod 3503
BAJT [115 116 105 116 97 32 112 111 100 97 116 97 107 97 32 50 48 50 54 46 10 75 111 109 112 114 101 115 105 106 97 32 105 32 122 97 115 116 105 116 97 32 112 111 100 97 116 97 107 97 32 50 48 50 54 46 10 75 111 109 112 114 101 115 105 106 97 32 105 32 122 97 115 116 105 116 97 32 112 111 100 97 116 97 107 97 32 50 48 50 54 46 ]: Kod 3505
BAJT [115 116 105 116 97 32 112 111 100 97 116 97 107 97 32 50 48 50 54 46 10 75 111 109 112 114 101 115 105 106 97 32 105 32 122 97 115 116 105 116 97 32 112 111 100 97 116 97 107 97 32 50 48 50 54 46 10 75 111 109 112 114 101 115 105 106 97 32 105 32 122 97 115 116 105 116 97 32 112 111 100 97 116 97 107 97 32 50 48 50 54 46 10 ]: Kod 3537
BAJT [115 116 105 116 97 32 112 111 100 97 116 97 107 97 32 50 48 50 54 46 10 75 111 109 112 114 101 115 105 106 97 32 105 32 122 97 115 116 105 116 97 32 112 111 100 97 116 97 107 97 32 50 48 50 54 46 10 75 111 109 112 114 101 115 105 106 97 32 105 32 122 97 115 116 105 116 97 32 112 111 100 97 116 97 107 97 32 50 48 50 54 46 10 75 ]: Kod 3576
BAJT [115 116 105 116 97 32 112 111 100 97 116 97 107 97 32 50 48 50 54 46 10 75 111 109 112 114 101 115 105 106 97 32 105 32 122 97 115 116 105 116 97 32 112 111 100 97 116 97 107 97 32 50 48 50 54 46 10 75 111 109 112 114 101 115 105 106 97 32 105 32 122 97 115 116 105 116 97 32 112 111 100 97 116 97 107 97 32 50 48 50 54 46 10 75 111 ]: Kod 3618
BAJT [115 116 105 116 97 32 112 111 100 97 116 97 107 97 32 50 48 50 54 46 10 75 111 109 112 114 101 115 105 106 97 32 105 32 122 97 115 116 105 116 97 32 112 111 100 97 116 97 107 97 32 50 48 50 54 46 10 75 111 109 112 114 101 115 105 106 97 32 105 32 122 97 115 116 105 116 97 32 112 111 100 97 116 97 107 97 32 50 48 50 54 46 10 75 111 109 ]: Kod 3644
BAJT [115 116 105 116 97 32 112 111 100 97 116 97 107 97 32 50 48 50 54 46 10 75 111 109 112 114 101 115 105 106 97 32 105 32 122 97 115 116 105 116 97 32 112 111 100 97 116 97 107 97 32 50 48 50 54 46 10 75 111 109 112 114 101 115 105 106 97 32 105 32 122 97 115 116 105 116 97 32 112 111 100 97 116 97 107 97 32 50 48 50 54 46 10 75 111 109 112 ]: Kod 3684
BAJT [115 116 105 116 97 32 112 111 100 97 116 97 107 97 32 50 48 50 54 46 10 75 111 109 112 114 101 115 105 106 97 32 105 32 122 97 115 116 105 116 97 32 112 111 100 97 116 97 107 97 32 50 48 50 54 46 10 75 111 109 112 114 101 115 105 106 97 32 105 32 122 97 115 116 105 116 97 32 112 111 100 97 116 97 107 97 32 50 48 50 54 46 10 75 111 109 112 114 ]: Kod 3687
BAJT [115 116 105 116 97 32 112 111 100 97 116 97 107 97 32 50 48 50 54 46 10 75 111 109 112 114 101 115 105 106 97 32 105 32 122 97 115 116 105 116 97 32 112 111 100 97 116 97 107 97 32 50 48 50 54 46 10 75 111 109 112 114 101 115 105 106 97 32 105 32 122 97 115 116 105 116 97 32 112 111 100 97 116 97 107 97 32 50 48 50 54 46 10 75 111 109 112 114 101 ]: Kod 3747
BAJT [115 116 105 116 97 32 112 111 100 97 116 97 107 97 32 50 48 50 54 46 10 75 111 109 112 114 101 115 105 106 97 32 105 32 122 97 115 116 105 116 97 32 112 111 100 97 116 97 107 97 32 50 48 50 54 46 10 75 111 109 112 114 101 115 105 106 97 32 105 32 122 97 115 116 105 116 97 32 112 111 100 97 116 97 107 97 32 50 48 50 54 46 10 75 111 109 112 114 101 115 ]: Kod 3808
BAJT [115 116 105 116 97 32 112 111 100 97 116 97 107 97 32 50 48 50 54 46 10 75 111 109 112 114 101 115 105 106 97 32 105 32 122 97 115 116 105 116 97 32 112 111 100 97 116 97 107 97 32 50 48 50 54 46 10 75 111 109 112 114 101 115 105 106 97 32 105 32 122 97 115 116 105 116 97 32 112 111 100 97 116 97 107 97 32 50 48 50 54 46 10 75 111 109 112 114 101 115 105 ]: Kod 3842
BAJT [115 116 105 116 97 32 112 111 100 97 116 97 107 97 32 50 48 50 54 46 10 75 111 109 112 114 101 115 105 106 97 32 105 32 122 97 115 116 105 116 97 32 112 111 100 97 116 97 107 97 32 50 48 50 54 46 10 75 111 109 112 114 101 115 105 106 97 32 105 32 122 97 115 116 105 116 97 32 112 111 100 97 116 97 107 97 32 50 48 50 54 46 10 75 111 109 112 114 101 115 105 106 ]: Kod 3877
BAJT [115 116 105 116 97 32 112 111 100 97 116 97 107 97 32 50 48 50 54 46 10 75 111 109 112 114 101 115 105 106 97 32 105 32 122 97 115 116 105 116 97 32 112 111 100 97 116 97 107 97 32 50 48 50 54 46 10 75 111 109 112 114 101 115 105 106 97 32 105 32 122 97 115 116 105 116 97 32 112 111 100 97 116 97 107 97 32 50 48 50 54 46 10 75 111 109 112 114 101 115 105 106 97 ]: Kod 3917
BAJT [115 116 105 116 97 32 112 111 100 97 116 97 107 97 32 50 48 50 54 46 10 75 111 109 112 114 101 115 105 106 97 32 105 32 122 97 115 116 105 116 97 32 112 111 100 97 116 97 107 97 32 50 48 50 54 46 10 75 111 109 112 114 101 115 105 106 97 32 105 32 122 97 115 116 105 116 97 32 112 111 100 97 116 97 107 97 32 50 48 50 54 46 10 75 111 109 112 114 101 115 105 106 97 32 ]: Kod 3951
BAJT [115 116 105 116 97 32 112 111 100 97 116 97 107 97 32 50 48 50 54 46 10 75 111 109 112 114 101 115 105 106 97 32 105 32 122 97 115 116 105 116 97 32 112 111 100 97 116 97 107 97 32 50 48 50 54 46 10 75 111 109 112 114 101 115 105 106 97 32 105 32 122 97 115 116 105 116 97 32 112 111 100 97 116 97 107 97 32 50 48 50 54 46 10 75 111 109 112 114 101 115 105 106 97 32 105 ]: Kod 3984
BAJT [115 116 105 116 97 32 112 111 100 97 116 97 107 97 32 50 48 50 54 46 10 75 111 109 112 114 101 115 105 106 97 32 105 32 122 97 115 116 105 116 97 32 112 111 100 97 116 97 107 97 32 50 48 50 54 46 10 75 111 109 112 114 101 115 105 106 97 32 105 32 122 97 115 116 105 116 97 32 112 111 100 97 116 97 107 97 32 50 48 50 54 46 10 75 111 109 112 114 101 115 105 106 97 32 105 32 ]: Kod 4004
BAJT [115 116 105 116 97 32 112 111 100 97 116 97 107 97 32 50 48 50 54 46 10 75 111 109 112 114 101 115 105 106 97 32 105 32 122 97 115 116 105 116 97 32 112 111 100 97 116 97 107 97 32 50 48 50 54 46 10 75 111 109 112 114 101 115 105 106 97 32 105 32 122 97 115 116 105 116 97 32 112 111 100 97 116 97 107 97 32 50 48 50 54 46 10 75 111 109 112 114 101 115 105 106 97 32 105 32 122 ]: Kod 4044
BAJT [115 116 105 116 97 32 112 111 100 97 116 97 107 97 32 50 48 50 54 46 10 75 111 109 112 114 101 115 105 106 97 32 105 32 122 97 115 116 105 116 97 32 112 111 100 97 116 97 107 97 32 50 48 50 54 46 10 75 111 109 112 114 101 115 105 106 97 32 105 32 122 97 115 116 105 116 97 32 112 111 100 97 116 97 107 97 32 50 48 50 54 46 10 75 111 109 112 114 101 115 105 106 97 32 105 32 122 97 ]: Kod 4087
BAJT [116 ]: Kod 116
BAJT [116 97 ]: Kod 274
BAJT [116 97 32 ]: Kod 298
BAJT [116 97 32 112 ]: Kod 331
BAJT [116 97 32 112 111 ]: Kod 392
BAJT [116 97 32 112 111 100 ]: Kod 429
BAJT [116 97 32 112 111 100 97 ]: Kod 436
BAJT [116 97 32 112 111 100 97 116 ]: Kod 502
BAJT [116 97 32 112 111 100 97 116 97 ]: Kod 534
BAJT [116 97 32 112 111 100 97 116 97 107 ]: Kod 543
BAJT [116 97 32 112 111 100 97 116 97 107 97 ]: Kod 597
BAJT [116 97 32 112 111 100 97 116 97 107 97 32 ]: Kod 644
BAJT [116 97 32 112 111 100 97 116 97 107 97 32 50 ]: Kod 674
BAJT [116 97 32 112 111 100 97 116 97 107 97 32 50 48 ]: Kod 714
BAJT [116 97 32 112 111 100 97 116 97 107 97 32 50 48 50 ]: Kod 748
BAJT [116 97 32 112 111 100 97 116 97 107 97 32 50 48 50 54 ]: Kod 763
BAJT [116 97 32 112 111 100 97 116 97 107 97 32 50 48 50 54 46 ]: Kod 803
BAJT [116 97 32 112 111 100 97 116 97 107 97 32 50 48 50 54 46 10 ]: Kod 849
BAJT [116 97 32 112 111 100 97 116 97 107 97 32 50 48 50 54 46 10 75 ]: Kod 866
BAJT [116 97 32 112 111 100 97 116 97 107 97 32 50 48 50 54 46 10 75 111 ]: Kod 936
BAJT [116 97 32 112 111 100 97 116 97 107 97 32 50 48 50 54 46 10 75 111 109 ]: Kod 963
BAJT [116 97 32 112 111 100 97 116 97 107 97 32 50 48 50 54 46 10 75 111 109 112 ]: Kod 979
BAJT [116 97 32 112 111 100 97 116 97 107 97 32 50 48 50 54 46 10 75 111 109 112 114 ]: Kod 1018
BAJT [116 97 32 112 111 100 97 116 97 107 97 32 50 48 50 54 46 10 75 111 109 112 114 101 ]: Kod 1063
BAJT [116 97 32 112 111 100 97 116 97 107 97 32 50 48 50 54 46 10 75 111 109 112 114 101 115 ]: Kod 1107
BAJT [116 97 32 112 111 100 97 116 97 107 97 32 50 48 50 54 46 10 75 111 109 112 114 101 115 105 ]: Kod 1135
BAJT [116 97 32 112 111 100 97 116 97 107 97 32 50 48 50 54 46 10 75 111 109 112 114 101 115 105 106 ]: Kod 1169
BAJT [116 97 32 112 111 100 97 116 97 107 97 32 50 48 50 54 46 10 75 111 109 112 114 101 115 105 106 97 ]: Kod 1191
BAJT [116 97 32 112 111 100 97 116 97 107 97 32 50 48 50 54 46 10 75 111 109 112 114 101 115 105 106 97 32 ]: Kod 1228
BAJT [116 97 32 112 111 100 97 116 97 107 97 32 50 48 50 54 46 10 75 111 109 112 114 101 115 105 106 97 32 105 ]: Kod 1290
BAJT [116 97 32 112 111 100 97 116 97 107 97 32 50 48 50 54 46 10 75 111 109 112 114 101 115 105 106 97 32 105 32 ]: Kod 1295
BAJT [116 97 32 112 111 100 97 116 97 107 97 32 50 48 50 54 46 10 75 111 109 112 114 101 115 105 106 97 32 105 32 122 ]: Kod 1367
BAJT [116 97 32 112 111 100 97 116 97 107 97 32 50 48 50 54 46 10 75 111 109 112 114 101 115 105 106 97 32 105 32 122 97 ]: Kod 1374
BAJT [116 97 32 112 111 100 97 116 97 107 97 32 50 48 50 54 46 10 75 111 109 112 114 101 115 105 106 97 32 105 32 122 97 115 ]: Kod 1411
BAJT [116 97 32 112 111 100 97 116 97 107 97 32 50 48 50 54 46 10 75 111 109 112 114 101 115 105 106 97 32 105 32 122 97 115 116 ]: Kod 1468
BAJT [116 97 32 112 111 100 97 116 97 107 97 32 50 48 50 54 46 10 75 111 109 112 114 101 115 105 106 97 32 105 32 122 97 115 116 105 ]: Kod 1492
BAJT [116 97 32 112 111 100 97 116 97 107 97 32 50 48 50 54 46 10 75 111 109 112 114 101 115 105 106 97 32 105 32 122 97 115 116 105 116 ]: Kod 1546
BAJT [116 97 32 112 111 100 97 116 97 107 97 32 50 48 50 54 46 10 75 111 109 112 114 101 115 105 106 97 32 105 32 122 97 115 116 105 116 97 ]: Kod 1547
BAJT [116 97 32 112 111 100 97 116 97 107 97 32 50 48 50 54 46 10 75 111 109 112 114 101 115 105 106 97 32 105 32 122 97 115 116 105 116 97 32 ]: Kod 1591
BAJT [116 97 32 112 111 100 97 116 97 107 97 32 50 48 50 54 46 10 75 111 109 112 114 101 115 105 106 97 32 105 32 122 97 115 116 105 116 97 32 112 ]: Kod 1627
BAJT [116 97 32 112 111 100 97 116 97 107 97 32 50 48 50 54 46 10 75 111 109 112 114 101 115 105 106 97 32 105 32 122 97 115 116 105 116 97 32 112 111 ]: Kod 1688
BAJT [116 97 32 112 111 100 97 116 97 107 97 32 50 48 50 54 46 10 75 111 109 112 114 101 115 105 106 97 32 105 32 122 97 115 116 105 116 97 32 112 111 100 ]: Kod 1725
BAJT [116 97 32 112 111 100 97 116 97 107 97 32 50 48 50 54 46 10 75 111 109 112 114 101 115 105 106 97 32 105 32 122 97 115 116 105 116 97 32 112 111 100 97 ]: Kod 1732
BAJT [116 97 32 112 111 100 97 116 97 107 97 32 50 48 50 54 46 10 75 111 109 112 114 101 115 105 106 97 32 105 32 122 97 115 116 105 116 97 32 112 111 100 97 116 ]: Kod 1798
BAJT [116 97 32 112 111 100 97 116 97 107 97 32 50 48 50 54 46 10 75 111 109 112 114 101 115 105 106 97 32 105 32 122 97 115 116 105 116 97 32 112 111 100 97 116 97 ]: Kod 1830
BAJT [116 97 32 112 111 100 97 116 97 107 97 32 50 48 50 54 46 10 75 111 109 112 114 101 115 105 106 97 32 105 32 122 97 115 116 105 116 97 32 112 111 100 97 116 97 107 ]: Kod 1839
BAJT [116 97 32 112 111 100 97 116 97 107 97 32 50 48 50 54 46 10 75 111 109 112 114 101 115 105 106 97 32 105 32 122 97 115 116 105 116 97 32 112 111 100 97 116 97 107 97 ]: Kod 1893
BAJT [116 97 32 112 111 100 97 116 97 107 97 32 50 48 50 54 46 10 75 111 109 112 114 101 115 105 106 97 32 105 32 122 97 115 116 105 116 97 32 112 111 100 97 116 97 107 97 32 ]: Kod 1940
BAJT [116 97 32 112 111 100 97 116 97 107 97 32 50 48 50 54 46 10 75 111 109 112 114 101 115 105 106 97 32 105 32 122 97 115 116 105 116 97 32 112 111 100 97 116 97 107 97 32 50 ]: Kod 1970
BAJT [116 97 32 112 111 100 97 116 97 107 97 32 50 48 50 54 46 10 75 111 109 112 114 101 115 105 106 97 32 105 32 122 97 115 116 105 116 97 32 112 111 100 97 116 97 107 97 32 50 48 ]: Kod 2010
BAJT [116 97 32 112 111 100 97 116 97 107 97 32 50 48 50 54 46 10 75 111 109 112 114 101 115 105 106 97 32 105 32 122 97 115 116 105 116 97 32 112 111 100 97 116 97 107 97 32 50 48 50 ]: Kod 2044
BAJT [116 97 32 112 111 100 97 116 97 107 97 32 50 48 50 54 46 10 75 111 109 112 114 101 115 105 106 97 32 105 32 122 97 115 116 105 116 97 32 112 111 100 97 116 97 107 97 32 50 48 50 54 ]: Kod 2059
BAJT [116 97 32 112 111 100 97 116 97 107 97 32 50 48 50 54 46 10 75 111 109 112 114 101 115 105 106 97 32 105 32 122 97 115 116 105 116 97 32 112 111 100 97 116 97 107 97 32 50 48 50 54 46 ]: Kod 2099
BAJT [116 97 32 112 111 100 97 116 97 107 97 32 50 48 50 54 46 10 75 111 109 112 114 101 115 105 106 97 32 105 32 122 97 115 116 105 116 97 32 112 111 100 97 116 97 107 97 32 50 48 50 54 46 10 ]: Kod 2145
BAJT [116 97 32 112 111 100 97 116 97 107 97 32 50 48 50 54 46 10 75 111 109 112 114 101 115 105 106 97 32 105 32 122 97 115 116 105 116 97 32 112 111 100 97 116 97 107 97 32 50 48 50 54 46 10 75 ]: Kod 2162
BAJT [116 97 32 112 111 100 97 116 97 107 97 32 50 48 50 54 46 10 75 111 109 112 114 101 115 105 106 97 32 105 32 122 97 115 116 105 116 97 32 112 111 100 97 116 97 107 97 32 50 48 50 54 46 10 75 111 ]: Kod 2232
BAJT [116 97 32 112 111 100 97 116 97 107 97 32 50 48 50 54 46 10 75 111 109 112 114 101 115 105 106 97 32 105 32 122 97 115 116 105 116 97 32 112 111 100 97 116 97 107 97 32 50 48 50 54 46 10 75 111 109 ]: Kod 2259
BAJT [116 97 32 112 111 100 97 116 97 107 97 32 50 48 50 54 46 10 75 111 109 112 114 101 115 105 106 97 32 105 32 122 97 115 116 105 116 97 32 112 111 100 97 116 97 107 97 32 50 48 50 54 46 10 75 111 109 112 ]: Kod 2275
BAJT [116 97 32 112 111 100 97 116 97 107 97 32 50 48 50 54 46 10 75 111 109 112 114 101 115 105 106 97 32 105 32 122 97 115 116 105 116 97 32 112 111 100 97 116 97 107 97 32 50 48 50 54 46 10 75 111 109 112 114 ]: Kod 2314
BAJT [116 97 32 112 111 100 97 116 97 107 97 32 50 48 50 54 46 10 75 111 109 112 114 101 115 105 106 97 32 105 32 122 97 115 116 105 116 97 32 112 111 100 97 116 97 107 97 32 50 48 50 54 46 10 75 111 109 112 114 101 ]: Kod 2359
BAJT [116 97 32 112 111 100 97 116 97 107 97 32 50 48 50 54 46 10 75 111 109 112 114 101 115 105 106 97 32 105 32 122 97 115 116 105 116 97 32 112 111 100 97 116 97 107 97 32 50 48 50 54 46 10 75 111 109 112 114 101 115 ]: Kod 2403
BAJT [116 97 32 112 111 100 97 116 97 107 97 32 50 48 50 54 46 10 75 111 109 112 114 101 115 105 106 97 32 105 32 122 97 115 116 105 116 97 32 112 111 100 97 116 97 107 97 32 50 48 50 54 46 10 75 111 109 112 114 101 115 105 ]: Kod 2431
BAJT [116 97 32 112 111 100 97 116 97 107 97 32 50 48 50 54 46 10 75 111 109 112 114 101 115 105 106 97 32 105 32 122 97 115 116 105 116 97 32 112 111 100 97 116 97 107 97 32 50 48 50 54 46 10 75 111 109 112 114 101 115 105 106 ]: Kod 2465
BAJT [116 97 32 112 111 100 97 116 97 107 97 32 50 48 50 54 46 10 75 111 109 112 114 101 115 105 106 97 32 105 32 122 97 115 116 105 116 97 32 112 111 100 97 116 97 107 97 32 50 48 50 54 46 10 75 111 109 112 114 101 115 105 106 97 ]: Kod 2487
BAJT [116 97 32 112 111 100 97 116 97 107 97 32 50 48 50 54 46 10 75 111 109 112 114 101 115 105 106 97 32 105 32 122 97 115 116 105 116 97 32 112 111 100 97 116 97 107 97 32 50 48 50 54 46 10 75 111 109 112 114 101 115 105 106 97 32 ]: Kod 2524
BAJT [116 97 32 112 111 100 97 116 97 107 97 32 50 48 50 54 46 10 75 111 109 112 114 101 115 105 106 97 32 105 32 122 97 115 116 105 116 97 32 112 111 100 97 116 97 107 97 32 50 48 50 54 46 10 75 111 109 112 114 101 115 105 106 97 32 105 ]: Kod 2586
BAJT [116 97 32 112 111 100 97 116 97 107 97 32 50 48 50 54 46 10 75 111 109 112 114 101 115 105 106 97 32 105 32 122 97 115 116 105 116 97 32 112 111 100 97 116 97 107 97 32 50 48 50 54 46 10 75 111 109 112 114 101 115 105 106 97 32 105 32 ]: Kod 2591
BAJT [116 97 32 112 111 100 97 116 97 107 97 32 50 48 50 54 46 10 75 111 109 112 114 101 115 105 106 97 32 105 32 122 97 115 116 105 116 97 32 112 111 100 97 116 97 107 97 32 50 48 50 54 46 10 75 111 109 112 114 101 115 105 106 97 32 105 32 122 ]: Kod 2663
BAJT [116 97 32 112 111 100 97 116 97 107 97 32 50 48 50 54 46 10 75 111 109 112 114 101 115 105 106 97 32 105 32 122 97 115 116 105 116 97 32 112 111 100 97 116 97 107 97 32 50 48 50 54 46 10 75 111 109 112 114 101 115 105 106 97 32 105 32 122 97 ]: Kod 2670
BAJT [116 97 32 112 111 100 97 116 97 107 97 32 50 48 50 54 46 10 75 111 109 112 114 101 115 105 106 97 32 105 32 122 97 115 116 105 116 97 32 112 111 100 97 116 97 107 97 32 50 48 50 54 46 10 75 111 109 112 114 101 115 105 106 97 32 105 32 122 97 115 ]: Kod 2707
BAJT [116 97 32 112 111 100 97 116 97 107 97 32 50 48 50 54 46 10 75 111 109 112 114 101 115 105 106 97 32 105 32 122 97 115 116 105 116 97 32 112 111 100 97 116 97 107 97 32 50 48 50 54 46 10 75 111 109 112 114 101 115 105 106 97 32 105 32 122 97 115 116 ]: Kod 2764
BAJT [116 97 32 112 111 100 97 116 97 107 97 32 50 48 50 54 46 10 75 111 109 112 114 101 115 105 106 97 32 105 32 122 97 115 116 105 116 97 32 112 111 100 97 116 97 107 97 32 50 48 50 54 46 10 75 111 109 112 114 101 115 105 106 97 32 105 32 122 97 115 116 105 ]: Kod 2788
BAJT [116 97 32 112 111 100 97 116 97 107 97 32 50 48 50 54 46 10 75 111 109 112 114 101 115 105 106 97 32 105 32 122 97 115 116 105 116 97 32 112 111 100 97 116 97 107 97 32 50 48 50 54 46 10 75 111 109 112 114 101 115 105 106 97 32 105 32 122 97 115 116 105 116 ]: Kod 2842
BAJT [116 97 32 112 111 100 97 116 97 107 97 32 50 48 50 54 46 10 75 111 109 112 114 101 115 105 106 97 32 105 32 122 97 115 116 105 116 97 32 112 111 100 97 116 97 107 97 32 50 48 50 54 46 10 75 111 109 112 114 101 115 105 106 97 32 105 32 122 97 115 116 105 116 97 ]: Kod 2843
BAJT [116 97 32 112 111 100 97 116 97 107 97 32 50 48 50 54 46 10 75 111 109 112 114 101 115 105 106 97 32 105 32 122 97 115 116 105 116 97 32 112 111 100 97 116 97 107 97 32 50 48 50 54 46 10 75 111 109 112 114 101 115 105 106 97 32 105 32 122 97 115 116 105 116 97 32 ]: Kod 2887
BAJT [116 97 32 112 111 100 97 116 97 107 97 32 50 48 50 54 46 10 75 111 109 112 114 101 115 105 106 97 32 105 32 122 97 115 116 105 116 97 32 112 111 100 97 116 97 107 97 32 50 48 50 54 46 10 75 111 109 112 114 101 115 105 106 97 32 105 32 122 97 115 116 105 116 97 32 112 ]: Kod 2923
BAJT [116 97 32 112 111 100 97 116 97 107 97 32 50 48 50 54 46 10 75 111 109 112 114 101 115 105 106 97 32 105 32 122 97 115 116 105 116 97 32 112 111 100 97 116 97 107 97 32 50 48 50 54 46 10 75 111 109 112 114 101 115 105 106 97 32 105 32 122 97 115 116 105 116 97 32 112 111 ]: Kod 2984
BAJT [116 97 32 112 111 100 97 116 97 107 97 32 50 48 50 54 46 10 75 111 109 112 114 101 115 105 106 97 32 105 32 122 97 115 116 105 116 97 32 112 111 100 97 116 97 107 97 32 50 48 50 54 46 10 75 111 109 112 114 101 115 105 106 97 32 105 32 122 97 115 116 105 116 97 32 112 111 100 ]: Kod 3021
BAJT [116 97 32 112 111 100 97 116 97 107 97 32 50 48 50 54 46 10 75 111 109 112 114 101 115 105 106 97 32 105 32 122 97 115 116 105 116 97 32 112 111 100 97 116 97 107 97 32 50 48 50 54 46 10 75 111 109 112 114 101 115 105 106 97 32 105 32 122 97 115 116 105 116 97 32 112 111 100 97 ]: Kod 3028
BAJT [116 97 32 112 111 100 97 116 97 107 97 32 50 48 50 54 46 10 75 111 109 112 114 101 115 105 106 97 32 105 32 122 97 115 116 105 116 97 32 112 111 100 97 116 97 107 97 32 50 48 50 54 46 10 75 111 109 112 114 101 115 105 106 97 32 105 32 122 97 115 116 105 116 97 32 112 111 100 97 116 ]: Kod 3094
BAJT [116 97 32 112 111 100 97 116 97 107 97 32 50 48 50 54 46 10 75 111 109 112 114 101 115 105 106 97 32 105 32 122 97 115 116 105 116 97 32 112 111 100 97 116 97 107 97 32 50 48 50 54 46 10 75 111 109 112 114 101 115 105 106 97 32 105 32 122 97 115 116 105 116 97 32 112 111 100 97 116 97 ]: Kod 3126
BAJT [116 97 32 112 111 100 97 116 97 107 97 32 50 48 50 54 46 10 75 111 109 112 114 101 115 105 106 97 32 105 32 122 97 115 116 105 116 97 32 112 111 100 97 116 97 107 97 32 50 48 50 54 46 10 75 111 109 112 114 101 115 105 106 97 32 105 32 122 97 115 116 105 116 97 32 112 111 100 97 116 97 107 ]: Kod 3135
BAJT [116 97 32 112 111 100 97 116 97 107 97 32 50 48 50 54 46 10 75 111 109 112 114 101 115 105 106 97 32 105 32 122 97 115 116 105 116 97 32 112 111 100 97 116 97 107 97 32 50 48 50 54 46 10 75 111 109 112 114 101 115 105 106 97 32 105 32 122 97 115 116 105 116 97 32 112 111 100 97 116 97 107 97 ]: Kod 3189
BAJT [116 97 32 112 111 100 97 116 97 107 97 32 50 48 50 54 46 10 75 111 109 112 114 101 115 105 106 97 32 105 32 122 97 115 116 105 116 97 32 112 111 100 97 116 97 107 97 32 50 48 50 54 46 10 75 111 109 112 114 101 115 105 106 97 32 105 32 122 97 115 116 105 116 97 32 112 111 100 97 116 97 107 97 32 ]: Kod 3236
BAJT [116 97 32 112 111 100 97 116 97 107 97 32 50 48 50 54 46 10 75 111 109 112 114 101 115 105 106 97 32 105 32 122 97 115 116 105 116 97 32 112 111 100 97 116 97 107 97 32 50 48 50 54 46 10 75 111 109 112 114 101 115 105 106 97 32 105 32 122 97 115 116 105 116 97 32 112 111 100 97 116 97 107 97 32 50 ]: Kod 3266
BAJT [116 97 32 112 111 100 97 116 97 107 97 32 50 48 50 54 46 10 75 111 109 112 114 101 115 105 106 97 32 105 32 122 97 115 116 105 116 97 32 112 111 100 97 116 97 107 97 32 50 48 50 54 46 10 75 111 109 112 114 101 115 105 106 97 32 105 32 122 97 115 116 105 116 97 32 112 111 100 97 116 97 107 97 32 50 48 ]: Kod 3306
BAJT [116 97 32 112 111 100 97 116 97 107 97 32 50 48 50 54 46 10 75 111 109 112 114 101 115 105 106 97 32 105 32 122 97 115 116 105 116 97 32 112 111 100 97 116 97 107 97 32 50 48 50 54 46 10 75 111 109 112 114 101 115 105 106 97 32 105 32 122 97 115 116 105 116 97 32 112 111 100 97 116 97 107 97 32 50 48 50 ]: Kod 3340
BAJT [116 97 32 112 111 100 97 116 97 107 97 32 50 48 50 54 46 10 75 111 109 112 114 101 115 105 106 97 32 105 32 122 97 115 116 105 116 97 32 112 111 100 97 116 97 107 97 32 50 48 50 54 46 10 75 111 109 112 114 101 115 105 106 97 32 105 32 122 97 115 116 105 116 97 32 112 111 100 97 116 97 107 97 32 50 48 50 54 ]: Kod 3355
BAJT [116 97 32 112 111 100 97 116 97 107 97 32 50 48 50 54 46 10 75 111 109 112 114 101 115 105 106 97 32 105 32 122 97 115 116 105 116 97 32 112 111 100 97 116 97 107 97 32 50 48 50 54 46 10 75 111 109 112 114 101 115 105 106 97 32 105 32 122 97 115 116 105 116 97 32 112 111 100 97 116 97 107 97 32 50 48 50 54 46 ]: Kod 3395
BAJT [116 97 32 112 111 100 97 116 97 107 97 32 50 48 50 54 46 10 75 111 109 112 114 101 115 105 106 97 32 105 32 122 97 115 116 105 116 97 32 112 111 100 97 116 97 107 97 32 50 48 50 54 46 10 75 111 109 112 114 101 115 105 106 97 32 105 32 122 97 115 116 105 116 97 32 112 111 100 97 116 97 107 97 32 50 48 50 54 46 10 ]: Kod 3441
BAJT [116 97 32 112 111 100 97 116 97 107 97 32 50 48 50 54 46 10 75 111 109 112 114 101 115 105 106 97 32 105 32 122 97 115 116 105 116 97 32 112 111 100 97 116 97 107 97 32 50 48 50 54 46 10 75 111 109 112 114 101 115 105 106 97 32 105 32 122 97 115 116 105 116 97 32 112 111 100 97 116 97 107 97 32 50 48 50 54 46 10 75 ]: Kod 3458
BAJT [116 97 32 112 111 100 97 116 97 107 97 32 50 48 50 54 46 10 75 111 109 112 114 101 115 105 106 97 32 105 32 122 97 115 116 105 116 97 32 112 111 100 97 116 97 107 97 32 50 48 50 54 46 10 75 111 109 112 114 101 115 105 106 97 32 105 32 122 97 115 116 105 116 97 32 112 111 100 97 116 97 107 97 32 50 48 50 54 46 10 75 111 ]: Kod 3528
BAJT [116 97 32 112 111 100 97 116 97 107 97 32 50 48 50 54 46 10 75 111 109 112 114 101 115 105 106 97 32 105 32 122 97 115 116 105 116 97 32 112 111 100 97 116 97 107 97 32 50 48 50 54 46 10 75 111 109 112 114 101 115 105 106 97 32 105 32 122 97 115 116 105 116 97 32 112 111 100 97 116 97 107 97 32 50 48 50 54 46 10 75 111 109 ]: Kod 3555
BAJT [116 97 32 112 111 100 97 116 97 107 97 32 50 48 50 54 46 10 75 111 109 112 114 101 115 105 106 97 32 105 32 122 97 115 116 105 116 97 32 112 111 100 97 116 97 107 97 32 50 48 50 54 46 10 75 111 109 112 114 101 115 105 106 97 32 105 32 122 97 115 116 105 116 97 32 112 111 100 97 116 97 107 97 32 50 48 50 54 46 10 75 111 109 112 ]: Kod 3571
BAJT [116 97 32 112 111 100 97 116 97 107 97 32 50 48 50 54 46 10 75 111 109 112 114 101 115 105 106 97 32 105 32 122 97 115 116 105 116 97 32 112 111 100 97 116 97 107 97 32 50 48 50 54 46 10 75 111 109 112 114 101 115 105 106 97 32 105 32 122 97 115 116 105 116 97 32 112 111 100 97 116 97 107 97 32 50 48 50 54 46 10 75 111 109 112 114 ]: Kod 3610
BAJT [116 97 32 112 111 100 97 116 97 107 97 32 50 48 50 54 46 10 75 111 109 112 114 101 115 105 106 97 32 105 32 122 97 115 116 105 116 97 32 112 111 100 97 116 97 107 97 32 50 48 50 54 46 10 75 111 109 112 114 101 115 105 106 97 32 105 32 122 97 115 116 105 116 97 32 112 111 100 97 116 97 107 97 32 50 48 50 54 46 10 75 111 109 112 114 101 ]: Kod 3655
BAJT [116 97 32 112 111 100 97 116 97 107 97 32 50 48 50 54 46 10 75 111 109 112 114 101 115 105 106 97 32 105 32 122 97 115 116 105 116 97 32 112 111 100 97 116 97 107 97 32 50 48 50 54 46 10 75 111 109 112 114 101 115 105 106 97 32 105 32 122 97 115 116 105 116 97 32 112 111 100 97 116 97 107 97 32 50 48 50 54 46 10 75 111 109 112 114 101 115 ]: Kod 3699
BAJT [116 97 32 112 111 100 97 116 97 107 97 32 50 48 50 54 46 10 75 111 109 112 114 101 115 105 106 97 32 105 32 122 97 115 116 105 116 97 32 112 111 100 97 116 97 107 97 32 50 48 50 54 46 10 75 111 109 112 114 101 115 105 106 97 32 105 32 122 97 115 116 105 116 97 32 112 111 100 97 116 97 107 97 32 50 48 50 54 46 10 75 111 109 112 114 101 115 105 ]: Kod 3727
BAJT [116 97 32 112 111 100 97 116 97 107 97 32 50 48 50 54 46 10 75 111 109 112 114 101 115 105 106 97 32 105 32 122 97 115 116 105 116 97 32 112 111 100 97 116 97 107 97 32 50 48 50 54 46 10 75 111 109 112 114 101 115 105 106 97 32 105 32 122 97 115 116 105 116 97 32 112 111 100 97 116 97 107 97 32 50 48 50 54 46 10 75 111 109 112 114 101 115 105 106 ]: Kod 3761
BAJT [116 97 32 112 111 100 97 116 97 107 97 32 50 48 50 54 46 10 75 111 109 112 114 101 115 105 106 97 32 105 32 122 97 115 116 105 116 97 32 112 111 100 97 116 97 107 97 32 50 48 50 54 46 10 75 111 109 112 114 101 115 105 106 97 32 105 32 122 97 115 116 105 116 97 32 112 111 100 97 116 97 107 97 32 50 48 50 54 46 10 75 111 109 112 114 101 115 105 106 97 ]: Kod 3783
BAJT [116 97 32 112 111 100 97 116 97 107 97 32 50 48 50 54 46 10 75 111 109 112 114 101 115 105 106 97 32 105 32 122 97 115 116 105 116 97 32 112 111 100 97 116 97 107 97 32 50 48 50 54 46 10 75 111 109 112 114 101 115 105 106 97 32 105 32 122 97 115 116 105 116 97 32 112 111 100 97 116 97 107 97 32 50 48 50 54 46 10 75 111 109 112 114 101 115 105 106 97 32 ]: Kod 3820
BAJT [116 97 32 112 111 100 97 116 97 107 97 32 50 48 50 54 46 10 75 111 109 112 114 101 115 105 106 97 32 105 32 122 97 115 116 105 116 97 32 112 111 100 97 116 97 107 97 32 50 48 50 54 46 10 75 111 109 112 114 101 115 105 106 97 32 105 32 122 97 115 116 105 116 97 32 112 111 100 97 116 97 107 97 32 50 48 50 54 46 10 75 111 109 112 114 101 115 105 106 97 32 105 ]: Kod 3882
BAJT [116 97 32 112 111 100 97 116 97 107 97 32 50 48 50 54 46 10 75 111 109 112 114 101 115 105 106 97 32 105 32 122 97 115 116 105 116 97 32 112 111 100 97 116 97 107 97 32 50 48 50 54 46 10 75 111 109 112 114 101 115 105 106 97 32 105 32 122 97 115 116 105 116 97 32 112 111 100 97 116 97 107 97 32 50 48 50 54 46 10 75 111 109 112 114 101 115 105 106 97 32 105 32 ]: Kod 3887
BAJT [116 97 32 112 111 100 97 116 97 107 97 32 50 48 50 54 46 10 75 111 109 112 114 101 115 105 106 97 32 105 32 122 97 115 116 105 116 97 32 112 111 100 97 116 97 107 97 32 50 48 50 54 46 10 75 111 109 112 114 101 115 105 106 97 32 105 32 122 97 115 116 105 116 97 32 112 111 100 97 116 97 107 97 32 50 48 50 54 46 10 75 111 109 112 114 101 115 105 106 97 32 105 32 122 ]: Kod 3959
BAJT [116 97 32 112 111 100 97 116 97 107 97 32 50 48 50 54 46 10 75 111 109 112 114 101 115 105 106 97 32 105 32 122 97 115 116 105 116 97 32 112 111 100 97 116 97 107 97 32 50 48 50 54 46 10 75 111 109 112 114 101 115 105 106 97 32 105 32 122 97 115 116 105 116 97 32 112 111 100 97 116 97 107 97 32 50 48 50 54 46 10 75 111 109 112 114 101 115 105 106 97 32 105 32 122 97 ]: Kod 3966
BAJT [116 97 32 112 111 100 97 116 97 107 97 32 50 48 50 54 46 10 75 111 109 112 114 101 115 105 106 97 32 105 32 122 97 115 116 105 116 97 32 112 111 100 97 116 97 107 97 32 50 48 50 54 46 10 75 111 109 112 114 101 115 105 106 97 32 105 32 122 97 115 116 105 116 97 32 112 111 100 97 116 97 107 97 32 50 48 50 54 46 10 75 111 109 112 114 101 115 105 106 97 32 105 32 122 97 115 ]: Kod 4003
BAJT [116 97 32 112 111 100 97 116 97 107 97 32 50 48 50 54 46 10 75 111 109 112 114 101 115 105 106 97 32 105 32 122 97 115 116 105 116 97 32 112 111 100 97 116 97 107 97 32 50 48 50 54 46 10 75 111 109 112 114 101 115 105 106 97 32 105 32 122 97 115 116 105 116 97 32 112 111 100 97 116 97 107 97 32 50 48 50 54 46 10 75 111 109 112 114 101 115 105 106 97 32 105 32 122 97 115 116 ]: Kod 4060
BAJT [116 97 32 112 111 100 97 116 97 107 97 32 50 48 50 54 46 10 75 111 109 112 114 101 115 105 106 97 32 105 32 122 97 115 116 105 116 97 32 112 111 100 97 116 97 107 97 32 50 48 50 54 46 10 75 111 109 112 114 101 115 105 106 97 32 105 32 122 97 115 116 105 116 97 32 112 111 100 97 116 97 107 97 32 50 48 50 54 46 10 75 111 109 112 114 101 115 105 106 97 32 105 32 122 97 115 116 105 ]: Kod 4084
BAJT [116 97 107 ]: Kod 280
BAJT [116 97 107 97 ]: Kod 302
BAJT [116 97 107 97 32 ]: Kod 357
BAJT [116 97 107 97 32 50 ]: Kod 385
BAJT [116 97 107 97 32 50 48 ]: Kod 424
BAJT [116 97 107 97 32 50 48 50 ]: Kod 449
BAJT [116 97 107 97 32 50 48 50 54 ]: Kod 503
BAJT [116 97 107 97 32 50 48 50 54 46 ]: Kod 526
BAJT [116 97 107 97 32 50 48 50 54 46 10 ]: Kod 579
BAJT [116 97 107 97 32 50 48 50 54 46 10 75 ]: Kod 612
BAJT [116 97 107 97 32 50 48 50 54 46 10 75 111 ]: Kod 648
BAJT [116 97 107 97 32 50 48 50 54 46 10 75 111 109 ]: Kod 654
BAJT [116 97 107 97 32 50 48 50 54 46 10 75 111 109 112 ]: Kod 709
BAJT [116 97 107 97 32 50 48 50 54 46 10 75 111 109 112 114 ]: Kod 746
BAJT [116 97 107 97 32 50 48 50 54 46 10 75 111 109 112 114 101 ]: Kod 773
BAJT [116 97 107 97 32 50 48 50 54 46 10 75 111 109 112 114 101 115 ]: Kod 799
BAJT [116 97 107 97 32 50 48 50 54 46 10 75 111 109 112 114 101 115 105 ]: Kod 841
BAJT [116 97 107 97 32 50 48 50 54 46 10 75 111 109 112 114 101 115 105 106 ]: Kod 886
BAJT [116 97 107 97 32 50 48 50 54 46 10 75 111 109 112 114 101 115 105 106 97 ]: Kod 927
BAJT [116 97 107 97 32 50 48 50 54 46 10 75 111 109 112 114 101 115 105 106 97 32 ]: Kod 958
BAJT [116 97 107 97 32 50 48 50 54 46 10 75 111 109 112 114 101 115 105 106 97 32 105 ]: Kod 993
BAJT [116 97 107 97 32 50 48 50 54 46 10 75 111 109 112 114 101 115 105 106 97 32 105 32 ]: Kod 1033
BAJT [116 97 107 97 32 50 48 50 54 46 10 75 111 109 112 114 101 115 105 106 97 32 105 32 122 ]: Kod 1054
BAJT [116 97 107 97 32 50 48 50 54 46 10 75 111 109 112 114 101 115 105 106 97 32 105 32 122 97 ]: Kod 1085
BAJT [116 97 107 97 32 50 48 50 54 46 10 75 111 109 112 114 101 115 105 106 97 32 105 32 122 97 115 ]: Kod 1091
BAJT [116 97 107 97 32 50 48 50 54 46 10 75 111 109 112 114 101 115 105 106 97 32 105 32 122 97 115 116 ]: Kod 1179
BAJT [116 97 107 97 32 50 48 50 54 46 10 75 111 109 112 114 101 115 105 106 97 32 105 32 122 97 115 116 105 ]: Kod 1219
BAJT [116 97 107 97 32 50 48 50 54 46 10 75 111 109 112 114 101 115 105 106 97 32 105 32 122 97 115 116 105 116 ]: Kod 1227
BAJT [116 97 107 97 32 50 48 50 54 46 10 75 111 109 112 114 101 115 105 106 97 32 105 32 122 97 115 116 105 116 97 ]: Kod 1278
BAJT [116 97 107 97 32 50 48 50 54 46 10 75 111 109 112 114 101 115 105 106 97 32 105 32 122 97 115 116 105 116 97 32 ]: Kod 1305
BAJT [116 97 107 97 32 50 48 50 54 46 10 75 111 109 112 114 101 115 105 106 97 32 105 32 122 97 115 116 105 116 97 32 112 ]: Kod 1342
BAJT [116 97 107 97 32 50 48 50 54 46 10 75 111 109 112 114 101 115 105 106 97 32 105 32 122 97 115 116 105 116 97 32 112 111 ]: Kod 1365
BAJT [116 97 107 97 32 50 48 50 54 46 10 75 111 109 112 114 101 115 105 106 97 32 105 32 122 97 115 116 105 116 97 32 112 111 100 ]: Kod 1433
BAJT [116 97 107 97 32 50 48 50 54 46 10 75 111 109 112 114 101 115 105 106 97 32 105 32 122 97 115 116 105 116 97 32 112 111 100 97 ]: Kod 1447
BAJT [116 97 107 97 32 50 48 50 54 46 10 75 111 109 112 114 101 115 105 106 97 32 105 32 122 97 115 116 105 116 97 32 112 111 100 97 116 ]: Kod 1560
BAJT [116 97 107 97 32 50 48 50 54 46 10 75 111 109 112 114 101 115 105 106 97 32 105 32 122 97 115 116 105 116 97 32 112 111 100 97 116 97 ]: Kod 1561
BAJT [116 97 107 97 32 50 48 50 54 46 10 75 111 109 112 114 101 115 105 106 97 32 105 32 122 97 115 116 105 116 97 32 112 111 100 97 116 97 107 ]: Kod 1563
BAJT [116 97 107 97 32 50 48 50 54 46 10 75 111 109 112 114 101 115 105 106 97 32 105 32 122 97 115 116 105 116 97 32 112 111 100 97 116 97 107 97 ]: Kod 1596
BAJT [116 97 107 97 32 50 48 50 54 46 10 75 111 109 112 114 101 115 105 106 97 32 105 32 122 97 115 116 105 116 97 32 112 111 100 97 116 97 107 97 32 ]: Kod 1653
BAJT [116 97 107 97 32 50 48 50 54 46 10 75 111 109 112 114 101 115 105 106 97 32 105 32 122 97 115 116 105 116 97 32 112 111 100 97 116 97 107 97 32 50 ]: Kod 1681
BAJT [116 97 107 97 32 50 48 50 54 46 10 75 111 109 112 114 101 115 105 106 97 32 105 32 122 97 115 116 105 116 97 32 112 111 100 97 116 97 107 97 32 50 48 ]: Kod 1720
BAJT [116 97 107 97 32 50 48 50 54 46 10 75 111 109 112 114 101 115 105 106 97 32 105 32 122 97 115 116 105 116 97 32 112 111 100 97 116 97 107 97 32 50 48 50 ]: Kod 1745
BAJT [116 97 107 97 32 50 48 50 54 46 10 75 111 109 112 114 101 115 105 106 97 32 105 32 122 97 115 116 105 116 97 32 112 111 100 97 116 97 107 97 32 50 48 50 54 ]: Kod 1799
BAJT [116 97 107 97 32 50 48 50 54 46 10 75 111 109 112 114 101 115 105 106 97 32 105 32 122 97 115 116 105 116 97 32 112 111 100 97 116 97 107 97 32 50 48 50 54 46 ]: Kod 1822
BAJT [116 97 107 97 32 50 48 50 54 46 10 75 111 109 112 114 101 115 105 106 97 32 105 32 122 97 115 116 105 116 97 32 112 111 100 97 116 97 107 97 32 50 48 50 54 46 10 ]: Kod 1875
BAJT [116 97 107 97 32 50 48 50 54 46 10 75 111 109 112 114 101 115 105 106 97 32 105 32 122 97 115 116 105 116 97 32 112 111 100 97 116 97 107 97 32 50 48 50 54 46 10 75 ]: Kod 1908
BAJT [116 97 107 97 32 50 48 50 54 46 10 75 111 109 112 114 101 115 105 106 97 32 105 32 122 97 115 116 105 116 97 32 112 111 100 97 116 97 107 97 32 50 48 50 54 46 10 75 111 ]: Kod 1944
BAJT [116 97 107 97 32 50 48 50 54 46 10 75 111 109 112 114 101 115 105 106 97 32 105 32 122 97 115 116 105 116 97 32 112 111 100 97 116 97 107 97 32 50 48 50 54 46 10 75 111 109 ]: Kod 1950
BAJT [116 97 107 97 32 50 48 50 54 46 10 75 111 109 112 114 101 115 105 106 97 32 105 32 122 97 115 116 105 116 97 32 112 111 100 97 116 97 107 97 32 50 48 50 54 46 10 75 111 109 112 ]: Kod 2005
BAJT [116 97 107 97 32 50 48 50 54 46 10 75 111 109 112 114 101 115 105 106 97 32 105 32 122 97 115 116 105 116 97 32 112 111 100 97 116 97 107 97 32 50 48 50 54 46 10 75 111 109 112 114 ]: Kod 2042
BAJT [116 97 107 97 32 50 48 50 54 46 10 75 111 109 112 114 101 115 105 106 97 32 105 32 122 97 115 116 105 116 97 32 112 111 100 97 116 97 107 97 32 50 48 50 54 46 10 75 111 109 112 114 101 ]: Kod 2069
BAJT [116 97 107 97 32 50 48 50 54 46 10 75 111 109 112 114 101 115 105 106 97 32 105 32 122 97 115 116 105 116 97 32 112 111 100 97 116 97 107 97 32 50 48 50 54 46 10 75 111 109 112 114 101 115 ]: Kod 2095
BAJT [116 97 107 97 32 50 48 50 54 46 10 75 111 109 112 114 101 115 105 106 97 32 105 32 122 97 115 116 105 116 97 32 112 111 100 97 116 97 107 97 32 50 48 50 54 46 10 75 111 109 112 114 101 115 105 ]: Kod 2137
BAJT [116 97 107 97 32 50 48 50 54 46 10 75 111 109 112 114 101 115 105 106 97 32 105 32 122 97 115 116 105 116 97 32 112 111 100 97 116 97 107 97 32 50 48 50 54 46 10 75 111 109 112 114 101 115 105 106 ]: Kod 2182
BAJT [116 97 107 97 32 50 48 50 54 46 10 75 111 109 112 114 101 115 105 106 97 32 105 32 122 97 115 116 105 116 97 32 112 111 100 97 116 97 107 97 32 50 48 50 54 46 10 75 111 109 112 114 101 115 105 106 97 ]: Kod 2223
BAJT [116 97 107 97 32 50 48 50 54 46 10 75 111 109 112 114 101 115 105 106 97 32 105 32 122 97 115 116 105 116 97 32 112 111 100 97 116 97 107 97 32 50 48 50 54 46 10 75 111 109 112 114 101 115 105 106 97 32 ]: Kod 2254
BAJT [116 97 107 97 32 50 48 50 54 46 10 75 111 109 112 114 101 115 105 106 97 32 105 32 122 97 115 116 105 116 97 32 112 111 100 97 116 97 107 97 32 50 48 50 54 46 10 75 111 109 112 114 101 115 105 106 97 32 105 ]: Kod 2289
BAJT [116 97 107 97 32 50 48 50 54 46 10 75 111 109 112 114 101 115 105 106 97 32 105 32 122 97 115 116 105 116 97 32 112 111 100 97 116 97 107 97 32 50 48 50 54 46 10 75 111 109 112 114 101 115 105 106 97 32 105 32 ]: Kod 2329
BAJT [116 97 107 97 32 50 48 50 54 46 10 75 111 109 112 114 101 115 105 106 97 32 105 32 122 97 115 116 105 116 97 32 112 111 100 97 116 97 107 97 32 50 48 50 54 46 10 75 111 109 112 114 101 115 105 106 97 32 105 32 122 ]: Kod 2350
BAJT [116 97 107 97 32 50 48 50 54 46 10 75 111 109 112 114 101 115 105 106 97 32 105 32 122 97 115 116 105 116 97 32 112 111 100 97 116 97 107 97 32 50 48 50 54 46 10 75 111 109 112 114 101 115 105 106 97 32 105 32 122 97 ]: Kod 2381
BAJT [116 97 107 97 32 50 48 50 54 46 10 75 111 109 112 114 101 115 105 106 97 32 105 32 122 97 115 116 105 116 97 32 112 111 100 97 116 97 107 97 32 50 48 50 54 46 10 75 111 109 112 114 101 115 105 106 97 32 105 32 122 97 115 ]: Kod 2387
BAJT [116 97 107 97 32 50 48 50 54 46 10 75 111 109 112 114 101 115 105 106 97 32 105 32 122 97 115 116 105 116 97 32 112 111 100 97 116 97 107 97 32 50 48 50 54 46 10 75 111 109 112 114 101 115 105 106 97 32 105 32 122 97 115 116 ]: Kod 2475
BAJT [116 97 107 97 32 50 48 50 54 46 10 75 111 109 112 114 101 115 105 106 97 32 105 32 122 97 115 116 105 116 97 32 112 111 100 97 116 97 107 97 32 50 48 50 54 46 10 75 111 109 112 114 101 115 105 106 97 32 105 32 122 97 115 116 105 ]: Kod 2515
BAJT [116 97 107 97 32 50 48 50 54 46 10 75 111 109 112 114 101 115 105 106 97 32 105 32 122 97 115 116 105 116 97 32 112 111 100 97 116 97 107 97 32 50 48 50 54 46 10 75 111 109 112 114 101 115 105 106 97 32 105 32 122 97 115 116 105 116 ]: Kod 2523
BAJT [116 97 107 97 32 50 48 50 54 46 10 75 111 109 112 114 101 115 105 106 97 32 105 32 122 97 115 116 105 116 97 32 112 111 100 97 116 97 107 97 32 50 48 50 54 46 10 75 111 109 112 114 101 115 105 106 97 32 105 32 122 97 115 116 105 116 97 ]: Kod 2574
BAJT [116 97 107 97 32 50 48 50 54 46 10 75 111 109 112 114 101 115 105 106 97 32 105 32 122 97 115 116 105 116 97 32 112 111 100 97 116 97 107 97 32 50 48 50 54 46 10 75 111 109 112 114 101 115 105 106 97 32 105 32 122 97 115 116 105 116 97 32 ]: Kod 2601
BAJT [116 97 107 97 32 50 48 50 54 46 10 75 111 109 112 114 101 115 105 106 97 32 105 32 122 97 115 116 105 116 97 32 112 111 100 97 116 97 107 97 32 50 48 50 54 46 10 75 111 109 112 114 101 115 105 106 97 32 105 32 122 97 115 116 105 116 97 32 112 ]: Kod 2638
BAJT [116 97 107 97 32 50 48 50 54 46 10 75 111 109 112 114 101 115 105 106 97 32 105 32 122 97 115 116 105 116 97 32 112 111 100 97 116 97 107 97 32 50 48 50 54 46 10 75 111 109 112 114 101 115 105 106 97 32 105 32 122 97 115 116 105 116 97 32 112 111 ]: Kod 2661
BAJT [116 97 107 97 32 50 48 50 54 46 10 75 111 109 112 114 101 115 105 106 97 32 105 32 122 97 115 116 105 116 97 32 112 111 100 97 116 97 107 97 32 50 48 50 54 46 10 75 111 109 112 114 101 115 105 106 97 32 105 32 122 97 115 116 105 116 97 32 112 111 100 ]: Kod 2729
BAJT [116 97 107 97 32 50 48 50 54 46 10 75 111 109 112 114 101 115 105 106 97 32 105 32 122 97 115 116 105 116 97 32 112 111 100 97 116 97 107 97 32 50 48 50 54 46 10 75 111 109 112 114 101 115 105 106 97 32 105 32 122 97 115 116 105 116 97 32 112 111 100 97 ]: Kod 2743
BAJT [116 97 107 97 32 50 48 50 54 46 10 75 111 109 112 114 101 115 105 106 97 32 105 32 122 97 115 116 105 116 97 32 112 111 100 97 116 97 107 97 32 50 48 50 54 46 10 75 111 109 112 114 101 115 105 106 97 32 105 32 122 97 115 116 105 116 97 32 112 111 100 97 116 ]: Kod 2856
BAJT [116 97 107 97 32 50 48 50 54 46 10 75 111 109 112 114 101 115 105 106 97 32 105 32 122 97 115 116 105 116 97 32 112 111 100 97 116 97 107 97 32 50 48 50 54 46 10 75 111 109 112 114 101 115 105 106 97 32 105 32 122 97 115 116 105 116 97 32 112 111 100 97 116 97 ]: Kod 2857
BAJT [116 97 107 97 32 50 48 50 54 46 10 75 111 109 112 114 101 115 105 106 97 32 105 32 122 97 115 116 105 116 97 32 112 111 100 97 116 97 107 97 32 50 48 50 54 46 10 75 111 109 112 114 101 115 105 106 97 32 105 32 122 97 115 116 105 116 97 32 112 111 100 97 116 97 107 ]: Kod 2859
BAJT [116 97 107 97 32 50 48 50 54 46 10 75 111 109 112 114 101 115 105 106 97 32 105 32 122 97 115 116 105 116 97 32 112 111 100 97 116 97 107 97 32 50 48 50 54 46 10 75 111 109 112 114 101 115 105 106 97 32 105 32 122 97 115 116 105 116 97 32 112 111 100 97 116 97 107 97 ]: Kod 2892
BAJT [116 97 107 97 32 50 48 50 54 46 10 75 111 109 112 114 101 115 105 106 97 32 105 32 122 97 115 116 105 116 97 32 112 111 100 97 116 97 107 97 32 50 48 50 54 46 10 75 111 109 112 114 101 115 105 106 97 32 105 32 122 97 115 116 105 116 97 32 112 111 100 97 116 97 107 97 32 ]: Kod 2949
BAJT [116 97 107 97 32 50 48 50 54 46 10 75 111 109 112 114 101 115 105 106 97 32 105 32 122 97 115 116 105 116 97 32 112 111 100 97 116 97 107 97 32 50 48 50 54 46 10 75 111 109 112 114 101 115 105 106 97 32 105 32 122 97 115 116 105 116 97 32 112 111 100 97 116 97 107 97 32 50 ]: Kod 2977
BAJT [116 97 107 97 32 50 48 50 54 46 10 75 111 109 112 114 101 115 105 106 97 32 105 32 122 97 115 116 105 116 97 32 112 111 100 97 116 97 107 97 32 50 48 50 54 46 10 75 111 109 112 114 101 115 105 106 97 32 105 32 122 97 115 116 105 116 97 32 112 111 100 97 116 97 107 97 32 50 48 ]: Kod 3016
BAJT [116 97 107 97 32 50 48 50 54 46 10 75 111 109 112 114 101 115 105 106 97 32 105 32 122 97 115 116 105 116 97 32 112 111 100 97 116 97 107 97 32 50 48 50 54 46 10 75 111 109 112 114 101 115 105 106 97 32 105 32 122 97 115 116 105 116 97 32 112 111 100 97 116 97 107 97 32 50 48 50 ]: Kod 3041
BAJT [116 97 107 97 32 50 48 50 54 46 10 75 111 109 112 114 101 115 105 106 97 32 105 32 122 97 115 116 105 116 97 32 112 111 100 97 116 97 107 97 32 50 48 50 54 46 10 75 111 109 112 114 101 115 105 106 97 32 105 32 122 97 115 116 105 116 97 32 112 111 100 97 116 97 107 97 32 50 48 50 54 ]: Kod 3095
BAJT [116 97 107 97 32 50 48 50 54 46 10 75 111 109 112 114 101 115 105 106 97 32 105 32 122 97 115 116 105 116 97 32 112 111 100 97 116 97 107 97 32 50 48 50 54 46 10 75 111 109 112 114 101 115 105 106 97 32 105 32 122 97 115 116 105 116 97 32 112 111 100 97 116 97 107 97 32 50 48 50 54 46 ]: Kod 3118
BAJT [116 97 107 97 32 50 48 50 54 46 10 75 111 109 112 114 101 115 105 106 97 32 105 32 122 97 115 116 105 116 97 32 112 111 100 97 116 97 107 97 32 50 48 50 54 46 10 75 111 109 112 114 101 115 105 106 97 32 105 32 122 97 115 116 105 116 97 32 112 111 100 97 116 97 107 97 32 50 48 50 54 46 10 ]: Kod 3171
BAJT [116 97 107 97 32 50 48 50 54 46 10 75 111 109 112 114 101 115 105 106 97 32 105 32 122 97 115 116 105 116 97 32 112 111 100 97 116 97 107 97 32 50 48 50 54 46 10 75 111 109 112 114 101 115 105 106 97 32 105 32 122 97 115 116 105 116 97 32 112 111 100 97 116 97 107 97 32 50 48 50 54 46 10 75 ]: Kod 3204
BAJT [116 97 107 97 32 50 48 50 54 46 10 75 111 109 112 114 101 115 105 106 97 32 105 32 122 97 115 116 105 116 97 32 112 111 100 97 116 97 107 97 32 50 48 50 54 46 10 75 111 109 112 114 101 115 105 106 97 32 105 32 122 97 115 116 105 116 97 32 112 111 100 97 116 97 107 97 32 50 48 50 54 46 10 75 111 ]: Kod 3240
BAJT [116 97 107 97 32 50 48 50 54 46 10 75 111 109 112 114 101 115 105 106 97 32 105 32 122 97 115 116 105 116 97 32 112 111 100 97 116 97 107 97 32 50 48 50 54 46 10 75 111 109 112 114 101 115 105 106 97 32 105 32 122 97 115 116 105 116 97 32 112 111 100 97 116 97 107 97 32 50 48 50 54 46 10 75 111 109 ]: Kod 3246
BAJT [116 97 107 97 32 50 48 50 54 46 10 75 111 109 112 114 101 115 105 106 97 32 105 32 122 97 115 116 105 116 97 32 112 111 100 97 116 97 107 97 32 50 48 50 54 46 10 75 111 109 112 114 101 115 105 106 97 32 105 32 122 97 115 116 105 116 97 32 112 111 100 97 116 97 107 97 32 50 48 50 54 46 10 75 111 109 112 ]: Kod 3301
BAJT [116 97 107 97 32 50 48 50 54 46 10 75 111 109 112 114 101 115 105 106 97 32 105 32 122 97 115 116 105 116 97 32 112 111 100 97 116 97 107 97 32 50 48 50 54 46 10 75 111 109 112 114 101 115 105 106 97 32 105 32 122 97 115 116 105 116 97 32 112 111 100 97 116 97 107 97 32 50 48 50 54 46 10 75 111 109 112 114 ]: Kod 3338
BAJT [116 97 107 97 32 50 48 50 54 46 10 75 111 109 112 114 101 115 105 106 97 32 105 32 122 97 115 116 105 116 97 32 112 111 100 97 116 97 107 97 32 50 48 50 54 46 10 75 111 109 112 114 101 115 105 106 97 32 105 32 122 97 115 116 105 116 97 32 112 111 100 97 116 97 107 97 32 50 48 50 54 46 10 75 111 109 112 114 101 ]: Kod 3365
BAJT [116 97 107 97 32 50 48 50 54 46 10 75 111 109 112 114 101 115 105 106 97 32 105 32 122 97 115 116 105 116 97 32 112 111 100 97 116 97 107 97 32 50 48 50 54 46 10 75 111 109 112 114 101 115 105 106 97 32 105 32 122 97 115 116 105 116 97 32 112 111 100 97 116 97 107 97 32 50 48 50 54 46 10 75 111 109 112 114 101 115 ]: Kod 3391
BAJT [116 97 107 97 32 50 48 50 54 46 10 75 111 109 112 114 101 115 105 106 97 32 105 32 122 97 115 116 105 116 97 32 112 111 100 97 116 97 107 97 32 50 48 50 54 46 10 75 111 109 112 114 101 115 105 106 97 32 105 32 122 97 115 116 105 116 97 32 112 111 100 97 116 97 107 97 32 50 48 50 54 46 10 75 111 109 112 114 101 115 105 ]: Kod 3433
BAJT [116 97 107 97 32 50 48 50 54 46 10 75 111 109 112 114 101 115 105 106 97 32 105 32 122 97 115 116 105 116 97 32 112 111 100 97 116 97 107 97 32 50 48 50 54 46 10 75 111 109 112 114 101 115 105 106 97 32 105 32 122 97 115 116 105 116 97 32 112 111 100 97 116 97 107 97 32 50 48 50 54 46 10 75 111 109 112 114 101 115 105 106 ]: Kod 3478
BAJT [116 97 107 97 32 50 48 50 54 46 10 75 111 109 112 114 101 115 105 106 97 32 105 32 122 97 115 116 105 116 97 32 112 111 100 97 116 97 107 97 32 50 48 50 54 46 10 75 111 109 112 114 101 115 105 106 97 32 105 32 122 97 115 116 105 116 97 32 112 111 100 97 116 97 107 97 32 50 48 50 54 46 10 75 111 109 112 114 101 115 105 106 97 ]: Kod 3519
BAJT [116 97 107 97 32 50 48 50 54 46 10 75 111 109 112 114 101 115 105 106 97 32 105 32 122 97 115 116 105 116 97 32 112 111 100 97 116 97 107 97 32 50 48 50 54 46 10 75 111 109 112 114 101 115 105 106 97 32 105 32 122 97 115 116 105 116 97 32 112 111 100 97 116 97 107 97 32 50 48 50 54 46 10 75 111 109 112 114 101 115 105 106 97 32 ]: Kod 3550
BAJT [116 97 107 97 32 50 48 50 54 46 10 75 111 109 112 114 101 115 105 106 97 32 105 32 122 97 115 116 105 116 97 32 112 111 100 97 116 97 107 97 32 50 48 50 54 46 10 75 111 109 112 114 101 115 105 106 97 32 105 32 122 97 115 116 105 116 97 32 112 111 100 97 116 97 107 97 32 50 48 50 54 46 10 75 111 109 112 114 101 115 105 106 97 32 105 ]: Kod 3585
BAJT [116 97 107 97 32 50 48 50 54 46 10 75 111 109 112 114 101 115 105 106 97 32 105 32 122 97 115 116 105 116 97 32 112 111 100 97 116 97 107 97 32 50 48 50 54 46 10 75 111 109 112 114 101 115 105 106 97 32 105 32 122 97 115 116 105 116 97 32 112 111 100 97 116 97 107 97 32 50 48 50 54 46 10 75 111 109 112 114 101 115 105 106 97 32 105 32 ]: Kod 3625
BAJT [116 97 107 97 32 50 48 50 54 46 10 75 111 109 112 114 101 115 105 106 97 32 105 32 122 97 115 116 105 116 97 32 112 111 100 97 116 97 107 97 32 50 48 50 54 46 10 75 111 109 112 114 101 115 105 106 97 32 105 32 122 97 115 116 105 116 97 32 112 111 100 97 116 97 107 97 32 50 48 50 54 46 10 75 111 109 112 114 101 115 105 106 97 32 105 32 122 ]: Kod 3646
BAJT [116 97 107 97 32 50 48 50 54 46 10 75 111 109 112 114 101 115 105 106 97 32 105 32 122 97 115 116 105 116 97 32 112 111 100 97 116 97 107 97 32 50 48 50 54 46 10 75 111 109 112 114 101 115 105 106 97 32 105 32 122 97 115 116 105 116 97 32 112 111 100 97 116 97 107 97 32 50 48 50 54 46 10 75 111 109 112 114 101 115 105 106 97 32 105 32 122 97 ]: Kod 3677
BAJT [116 97 107 97 32 50 48 50 54 46 10 75 111 109 112 114 101 115 105 106 97 32 105 32 122 97 115 116 105 116 97 32 112 111 100 97 116 97 107 97 32 50 48 50 54 46 10 75 111 109 112 114 101 115 105 106 97 32 105 32 122 97 115 116 105 116 97 32 112 111 100 97 116 97 107 97 32 50 48 50 54 46 10 75 111 109 112 114 101 115 105 106 97 32 105 32 122 97 115 ]: Kod 3683
BAJT [116 97 107 97 32 50 48 50 54 46 10 75 111 109 112 114 101 115 105 106 97 32 105 32 122 97 115 116 105 116 97 32 112 111 100 97 116 97 107 97 32 50 48 50 54 46 10 75 111 109 112 114 101 115 105 106 97 32 105 32 122 97 115 116 105 116 97 32 112 111 100 97 116 97 107 97 32 50 48 50 54 46 10 75 111 109 112 114 101 115 105 106 97 32 105 32 122 97 115 116 ]: Kod 3771
BAJT [116 97 107 97 32 50 48 50 54 46 10 75 111 109 112 114 101 115 105 106 97 32 105 32 122 97 115 116 105 116 97 32 112 111 100 97 116 97 107 97 32 50 48 50 54 46 10 75 111 109 112 114 101 115 105 106 97 32 105 32 122 97 115 116 105 116 97 32 112 111 100 97 116 97 107 97 32 50 48 50 54 46 10 75 111 109 112 114 101 115 105 106 97 32 105 32 122 97 115 116 105 ]: Kod 3811
BAJT [116 97 107 97 32 50 48 50 54 46 10 75 111 109 112 114 101 115 105 106 97 32 105 32 122 97 115 116 105 116 97 32 112 111 100 97 116 97 107 97 32 50 48 50 54 46 10 75 111 109 112 114 101 115 105 106 97 32 105 32 122 97 115 116 105 116 97 32 112 111 100 97 116 97 107 97 32 50 48 50 54 46 10 75 111 109 112 114 101 115 105 106 97 32 105 32 122 97 115 116 105 116 ]: Kod 3819
BAJT [116 97 107 97 32 50 48 50 54 46 10 75 111 109 112 114 101 115 105 106 97 32 105 32 122 97 115 116 105 116 97 32 112 111 100 97 116 97 107 97 32 50 48 50 54 46 10 75 111 109 112 114 101 115 105 106 97 32 105 32 122 97 115 116 105 116 97 32 112 111 100 97 116 97 107 97 32 50 48 50 54 46 10 75 111 109 112 114 101 115 105 106 97 32 105 32 122 97 115 116 105 116 97 ]: Kod 3870
BAJT [116 97 107 97 32 50 48 50 54 46 10 75 111 109 112 114 101 115 105 106 97 32 105 32 122 97 115 116 105 116 97 32 112 111 100 97 116 97 107 97 32 50 48 50 54 46 10 75 111 109 112 114 101 115 105 106 97 32 105 32 122 97 115 116 105 116 97 32 112 111 100 97 116 97 107 97 32 50 48 50 54 46 10 75 111 109 112 114 101 115 105 106 97 32 105 32 122 97 115 116 105 116 97 32 ]: Kod 3897
BAJT [116 97 107 97 32 50 48 50 54 46 10 75 111 109 112 114 101 115 105 106 97 32 105 32 122 97 115 116 105 116 97 32 112 111 100 97 116 97 107 97 32 50 48 50 54 46 10 75 111 109 112 114 101 115 105 106 97 32 105 32 122 97 115 116 105 116 97 32 112 111 100 97 116 97 107 97 32 50 48 50 54 46 10 75 111 109 112 114 101 115 105 106 97 32 105 32 122 97 115 116 105 116 97 32 112 ]: Kod 3934
BAJT [116 97 107 97 32 50 48 50 54 46 10 75 111 109 112 114 101 115 105 106 97 32 105 32 122 97 115 116 105 116 97 32 112 111 100 97 116 97 107 97 32 50 48 50 54 46 10 75 111 109 112 114 101 115 105 106 97 32 105 32 122 97 115 116 105 116 97 32 112 111 100 97 116 97 107 97 32 50 48 50 54 46 10 75 111 109 112 114 101 115 105 106 97 32 105 32 122 97 115 116 105 116 97 32 112 111 ]: Kod 3957
BAJT [116 97 107 97 32 50 48 50 54 46 10 75 111 109 112 114 101 115 105 106 97 32 105 32 122 97 115 116 105 116 97 32 112 111 100 97 116 97 107 97 32 50 48 50 54 46 10 75 111 109 112 114 101 115 105 106 97 32 105 32 122 97 115 116 105 116 97 32 112 111 100 97 116 97 107 97 32 50 48 50 54 46 10 75 111 109 112 114 101 115 105 106 97 32 105 32 122 97 115 116 105 116 97 32 112 111 100 ]: Kod 4025
BAJT [116 97 107 97 32 50 48 50 54 46 10 75 111 109 112 114 101 115 105 106 97 32 105 32 122 97 115 116 105 116 97 32 112 111 100 97 116 97 107 97 32 50 48 50 54 46 10 75 111 109 112 114 101 115 105 106 97 32 105 32 122 97 115 116 105 116 97 32 112 111 100 97 116 97 107 97 32 50 48 50 54 46 10 75 111 109 112 114 101 115 105 106 97 32 105 32 122 97 115 116 105 116 97 32 112 111 100 97 ]: Kod 4039
BAJT [116 105 ]: Kod 272
BAJT [116 105 116 ]: Kod 297
BAJT [116 105 116 97 ]: Kod 342
BAJT [116 105 116 97 32 ]: Kod 365
BAJT [116 105 116 97 32 112 ]: Kod 415
BAJT [116 105 116 97 32 112 111 ]: Kod 471
BAJT [116 105 116 97 32 112 111 100 ]: Kod 492
BAJT [116 105 116 97 32 112 111 100 97 ]: Kod 497
BAJT [116 105 116 97 32 112 111 100 97 116 ]: Kod 578
BAJT [116 105 116 97 32 112 111 100 97 116 97 ]: Kod 586
BAJT [116 105 116 97 32 112 111 100 97 116 97 107 ]: Kod 634
BAJT [116 105 116 97 32 112 111 100 97 116 97 107 97 ]: Kod 671
BAJT [116 105 116 97 32 112 111 100 97 116 97 107 97 32 ]: Kod 711
BAJT [116 105 116 97 32 112 111 100 97 116 97 107 97 32 50 ]: Kod 753
BAJT [116 105 116 97 32 112 111 100 97 116 97 107 97 32 50 48 ]: Kod 770
BAJT [116 105 116 97 32 112 111 100 97 116 97 107 97 32 50 48 50 ]: Kod 794
BAJT [116 105 116 97 32 112 111 100 97 116 97 107 97 32 50 48 50 54 ]: Kod 851
BAJT [116 105 116 97 32 112 111 100 97 116 97 107 97 32 50 48 50 54 46 ]: Kod 915
BAJT [116 105 116 97 32 112 111 100 97 116 97 107 97 32 50 48 50 54 46 10 ]: Kod 934
BAJT [116 105 116 97 32 112 111 100 97 116 97 107 97 32 50 48 50 54 46 10 75 ]: Kod 972
BAJT [116 105 116 97 32 112 111 100 97 116 97 107 97 32 50 48 50 54 46 10 75 111 ]: Kod 1008
BAJT [116 105 116 97 32 112 111 100 97 116 97 107 97 32 50 48 50 54 46 10 75 111 109 ]: Kod 1013
BAJT [116 105 116 97 32 112 111 100 97 116 97 107 97 32 50 48 50 54 46 10 75 111 109 112 ]: Kod 1066
BAJT [116 105 116 97 32 112 111 100 97 116 97 107 97 32 50 48 50 54 46 10 75 111 109 112 114 ]: Kod 1101
BAJT [116 105 116 97 32 112 111 100 97 116 97 107 97 32 50 48 50 54 46 10 75 111 109 112 114 101 ]: Kod 1145
BAJT [116 105 116 97 32 112 111 100 97 116 97 107 97 32 50 48 50 54 46 10 75 111 109 112 114 101 115 ]: Kod 1180
BAJT [116 105 116 97 32 112 111 100 97 116 97 107 97 32 50 48 50 54 46 10 75 111 109 112 114 101 115 105 ]: Kod 1224
BAJT [116 105 116 97 32 112 111 100 97 116 97 107 97 32 50 48 50 54 46 10 75 111 109 112 114 101 115 105 106 ]: Kod 1259
BAJT [116 105 116 97 32 112 111 100 97 116 97 107 97 32 50 48 50 54 46 10 75 111 109 112 114 101 115 105 106 97 ]: Kod 1269
BAJT [116 105 116 97 32 112 111 100 97 116 97 107 97 32 50 48 50 54 46 10 75 111 109 112 114 101 115 105 106 97 32 ]: Kod 1337
BAJT [116 105 116 97 32 112 111 100 97 116 97 107 97 32 50 48 50 54 46 10 75 111 109 112 114 101 115 105 106 97 32 105 ]: Kod 1344
BAJT [116 105 116 97 32 112 111 100 97 116 97 107 97 32 50 48 50 54 46 10 75 111 109 112 114 101 115 105 106 97 32 105 32 ]: Kod 1401
BAJT [116 105 116 97 32 112 111 100 97 116 97 107 97 32 50 48 50 54 46 10 75 111 109 112 114 101 115 105 106 97 32 105 32 122 ]: Kod 1436
BAJT [116 105 116 97 32 112 111 100 97 116 97 107 97 32 50 48 50 54 46 10 75 111 109 112 114 101 115 105 106 97 32 105 32 122 97 ]: Kod 1469
BAJT [116 105 116 97 32 112 111 100 97 116 97 107 97 32 50 48 50 54 46 10 75 111 109 112 114 101 115 105 106 97 32 105 32 122 97 115 ]: Kod 1494
BAJT [116 105 116 97 32 112 111 100 97 116 97 107 97 32 50 48 50 54 46 10 75 111 109 112 114 101 115 105 106 97 32 105 32 122 97 115 116 ]: Kod 1542
BAJT [116 105 116 97 32 112 111 100 97 116 97 107 97 32 50 48 50 54 46 10 75 111 109 112 114 101 115 105 106 97 32 105 32 122 97 115 116 105 ]: Kod 1543
BAJT [116 105 116 97 32 112 111 100 97 116 97 107 97 32 50 48 50 54 46 10 75 111 109 112 114 101 115 105 106 97 32 105 32 122 97 115 116 105 116 ]: Kod 1590
BAJT [116 105 116 97 32 112 111 100 97 116 97 107 97 32 50 48 50 54 46 10 75 111 109 112 114 101 115 105 106 97 32 105 32 122 97 115 116 105 116 97 ]: Kod 1638
BAJT [116 105 116 97 32 112 111 100 97 116 97 107 97 32 50 48 50 54 46 10 75 111 109 112 114 101 115 105 106 97 32 105 32 122 97 115 116 105 116 97 32 ]: Kod 1661
BAJT [116 105 116 97 32 112 111 100 97 116 97 107 97 32 50 48 50 54 46 10 75 111 109 112 114 101 115 105 106 97 32 105 32 122 97 115 116 105 116 97 32 112 ]: Kod 1711
BAJT [116 105 116 97 32 112 111 100 97 116 97 107 97 32 50 48 50 54 46 10 75 111 109 112 114 101 115 105 106 97 32 105 32 122 97 115 116 105 116 97 32 112 111 ]: Kod 1767
BAJT [116 105 116 97 32 112 111 100 97 116 97 107 97 32 50 48 50 54 46 10 75 111 109 112 114 101 115 105 106 97 32 105 32 122 97 115 116 105 116 97 32 112 111 100 ]: Kod 1788
BAJT [116 105 116 97 32 112 111 100 97 116 97 107 97 32 50 48 50 54 46 10 75 111 109 112 114 101 115 105 106 97 32 105 32 122 97 115 116 105 116 97 32 112 111 100 97 ]: Kod 1793
BAJT [116 105 116 97 32 112 111 100 97 116 97 107 97 32 50 48 50 54 46 10 75 111 109 112 114 101 115 105 106 97 32 105 32 122 97 115 116 105 116 97 32 112 111 100 97 116 ]: Kod 1874
BAJT [116 105 116 97 32 112 111 100 97 116 97 107 97 32 50 48 50 54 46 10 75 111 109 112 114 101 115 105 106 97 32 105 32 122 97 115 116 105 116 97 32 112 111 100 97 116 97 ]: Kod 1882
BAJT [116 105 116 97 32 112 111 100 97 116 97 107 97 32 50 48 50 54 46 10 75 111 109 112 114 101 115 105 106 97 32 105 32 122 97 115 116 105 116 97 32 112 111 100 97 116 97 107 ]: Kod 1930
BAJT [116 105 116 97 32 112 111 100 97 116 97 107 97 32 50 48 50 54 46 10 75 111 109 112 114 101 115 105 106 97 32 105 32 122 97 115 116 105 116 97 32 112 111 100 97 116 97 107 97 ]: Kod 1967
BAJT [116 105 116 97 32 112 111 100 97 116 97 107 97 32 50 48 50 54 46 10 75 111 109 112 114 101 115 105 106 97 32 105 32 122 97 115 116 105 116 97 32 112 111 100 97 116 97 107 97 32 ]: Kod 2007
BAJT [116 105 116 97 32 112 111 100 97 116 97 107 97 32 50 48 50 54 46 10 75 111 109 112 114 101 115 105 106 97 32 105 32 122 97 115 116 105 116 97 32 112 111 100 97 116 97 107 97 32 50 ]: Kod 2049
BAJT [116 105 116 97 32 112 111 100 97 116 97 107 97 32 50 48 50 54 46 10 75 111 109 112 114 101 115 105 106 97 32 105 32 122 97 115 116 105 116 97 32 112 111 100 97 116 97 107 97 32 50 48 ]: Kod 2066
BAJT [116 105 116 97 32 112 111 100 97 116 97 107 97 32 50 48 50 54 46 10 75 111 109 112 114 101 115 105 106 97 32 105 32 122 97 115 116 105 116 97 32 112 111 100 97 116 97 107 97 32 50 48 50 ]: Kod 2090
BAJT [116 105 116 97 32 112 111 100 97 116 97 107 97 32 50 48 50 54 46 10 75 111 109 112 114 101 115 105 106 97 32 105 32 122 97 115 116 105 116 97 32 112 111 100 97 116 97 107 97 32 50 48 50 54 ]: Kod 2147
BAJT [116 105 116 97 32 112 111 100 97 116 97 107 97 32 50 48 50 54 46 10 75 111 109 112 114 101 115 105 106 97 32 105 32 122 97 115 116 105 116 97 32 112 111 100 97 116 97 107 97 32 50 48 50 54 46 ]: Kod 2211
BAJT [116 105 116 97 32 112 111 100 97 116 97 107 97 32 50 48 50 54 46 10 75 111 109 112 114 101 115 105 106 97 32 105 32 122 97 115 116 105 116 97 32 112 111 100 97 116 97 107 97 32 50 48 50 54 46 10 ]: Kod 2230
BAJT [116 105 116 97 32 112 111 100 97 116 97 107 97 32 50 48 50 54 46 10 75 111 109 112 114 101 115 105 106 97 32 105 32 122 97 115 116 105 116 97 32 112 111 100 97 116 97 107 97 32 50 48 50 54 46 10 75 ]: Kod 2268
BAJT [116 105 116 97 32 112 111 100 97 116 97 107 97 32 50 48 50 54 46 10 75 111 109 112 114 101 115 105 106 97 32 105 32 122 97 115 116 105 116 97 32 112 111 100 97 116 97 107 97 32 50 48 50 54 46 10 75 111 ]: Kod 2304
BAJT [116 105 116 97 32 112 111 100 97 116 97 107 97 32 50 48 50 54 46 10 75 111 109 112 114 101 115 105 106 97 32 105 32 122 97 115 116 105 116 97 32 112 111 100 97 116 97 107 97 32 50 48 50 54 46 10 75 111 109 ]: Kod 2309
BAJT [116 105 116 97 32 112 111 100 97 116 97 107 97 32 50 48 50 54 46 10 75 111 109 112 114 101 115 105 106 97 32 105 32 122 97 115 116 105 116 97 32 112 111 100 97 116 97 107 97 32 50 48 50 54 46 10 75 111 109 112 ]: Kod 2362
BAJT [116 105 116 97 32 112 111 100 97 116 97 107 97 32 50 48 50 54 46 10 75 111 109 112 114 101 115 105 106 97 32 105 32 122 97 115 116 105 116 97 32 112 111 100 97 116 97 107 97 32 50 48 50 54 46 10 75 111 109 112 114 ]: Kod 2397
BAJT [116 105 116 97 32 112 111 100 97 116 97 107 97 32 50 48 50 54 46 10 75 111 109 112 114 101 115 105 106 97 32 105 32 122 97 115 116 105 116 97 32 112 111 100 97 116 97 107 97 32 50 48 50 54 46 10 75 111 109 112 114 101 ]: Kod 2441
BAJT [116 105 116 97 32 112 111 100 97 116 97 107 97 32 50 48 50 54 46 10 75 111 109 112 114 101 115 105 106 97 32 105 32 122 97 115 116 105 116 97 32 112 111 100 97 116 97 107 97 32 50 48 50 54 46 10 75 111 109 112 114 101 115 ]: Kod 2476
BAJT [116 105 116 97 32 112 111 100 97 116 97 107 97 32 50 48 50 54 46 10 75 111 109 112 114 101 115 105 106 97 32 105 32 122 97 115 116 105 116 97 32 112 111 100 97 116 97 107 97 32 50 48 50 54 46 10 75 111 109 112 114 101 115 105 ]: Kod 2520
BAJT [116 105 116 97 32 112 111 100 97 116 97 107 97 32 50 48 50 54 46 10 75 111 109 112 114 101 115 105 106 97 32 105 32 122 97 115 116 105 116 97 32 112 111 100 97 116 97 107 97 32 50 48 50 54 46 10 75 111 109 112 114 101 115 105 106 ]: Kod 2555
BAJT [116 105 116 97 32 112 111 100 97 116 97 107 97 32 50 48 50 54 46 10 75 111 109 112 114 101 115 105 106 97 32 105 32 122 97 115 116 105 116 97 32 112 111 100 97 116 97 107 97 32 50 48 50 54 46 10 75 111 109 112 114 101 115 105 106 97 ]: Kod 2565
BAJT [116 105 116 97 32 112 111 100 97 116 97 107 97 32 50 48 50 54 46 10 75 111 109 112 114 101 115 105 106 97 32 105 32 122 97 115 116 105 116 97 32 112 111 100 97 116 97 107 97 32 50 48 50 54 46 10 75 111 109 112 114 101 115 105 106 97 32 ]: Kod 2633
BAJT [116 105 116 97 32 112 111 100 97 116 97 107 97 32 50 48 50 54 46 10 75 111 109 112 114 101 115 105 106 97 32 105 32 122 97 115 116 105 116 97 32 112 111 100 97 116 97 107 97 32 50 48 50 54 46 10 75 111 109 112 114 101 115 105 106 97 32 105 ]: Kod 2640
BAJT [116 105 116 97 32 112 111 100 97 116 97 107 97 32 50 48 50 54 46 10 75 111 109 112 114 101 115 105 106 97 32 105 32 122 97 115 116 105 116 97 32 112 111 100 97 116 97 107 97 32 50 48 50 54 46 10 75 111 109 112 114 101 115 105 106 97 32 105 32 ]: Kod 2697
BAJT [116 105 116 97 32 112 111 100 97 116 97 107 97 32 50 48 50 54 46 10 75 111 109 112 114 101 115 105 106 97 32 105 32 122 97 115 116 105 116 97 32 112 111 100 97 116 97 107 97 32 50 48 50 54 46 10 75 111 109 112 114 101 115 105 106 97 32 105 32 122 ]: Kod 2732
BAJT [116 105 116 97 32 112 111 100 97 116 97 107 97 32 50 48 50 54 46 10 75 111 109 112 114 101 115 105 106 97 32 105 32 122 97 115 116 105 116 97 32 112 111 100 97 116 97 107 97 32 50 48 50 54 46 10 75 111 109 112 114 101 115 105 106 97 32 105 32 122 97 ]: Kod 2765
BAJT [116 105 116 97 32 112 111 100 97 116 97 107 97 32 50 48 50 54 46 10 75 111 109 112 114 101 115 105 106 97 32 105 32 122 97 115 116 105 116 97 32 112 111 100 97 116 97 107 97 32 50 48 50 54 46 10 75 111 109 112 114 101 115 105 106 97 32 105 32 122 97 115 ]: Kod 2790
BAJT [116 105 116 97 32 112 111 100 97 116 97 107 97 32 50 48 50 54 46 10 75 111 109 112 114 101 115 105 106 97 32 105 32 122 97 115 116 105 116 97 32 112 111 100 97 116 97 107 97 32 50 48 50 54 46 10 75 111 109 112 114 101 115 105 106 97 32 105 32 122 97 115 116 ]: Kod 2838
BAJT [116 105 116 97 32 112 111 100 97 116 97 107 97 32 50 48 50 54 46 10 75 111 109 112 114 101 115 105 106 97 32 105 32 122 97 115 116 105 116 97 32 112 111 100 97 116 97 107 97 32 50 48 50 54 46 10 75 111 109 112 114 101 115 105 106 97 32 105 32 122 97 115 116 105 ]: Kod 2839
BAJT [116 105 116 97 32 112 111 100 97 116 97 107 97 32 50 48 50 54 46 10 75 111 109 112 114 101 115 105 106 97 32 105 32 122 97 115 116 105 116 97 32 112 111 100 97 116 97 107 97 32 50 48 50 54 46 10 75 111 109 112 114 101 115 105 106 97 32 105 32 122 97 115 116 105 116 ]: Kod 2886
BAJT [116 105 116 97 32 112 111 100 97 116 97 107 97 32 50 48 50 54 46 10 75 111 109 112 114 101 115 105 106 97 32 105 32 122 97 115 116 105 116 97 32 112 111 100 97 116 97 107 97 32 50 48 50 54 46 10 75 111 109 112 114 101 115 105 106 97 32 105 32 122 97 115 116 105 116 97 ]: Kod 2934
BAJT [116 105 116 97 32 112 111 100 97 116 97 107 97 32 50 48 50 54 46 10 75 111 109 112 114 101 115 105 106 97 32 105 32 122 97 115 116 105 116 97 32 112 111 100 97 116 97 107 97 32 50 48 50 54 46 10 75 111 109 112 114 101 115 105 106 97 32 105 32 122 97 115 116 105 116 97 32 ]: Kod 2957
BAJT [116 105 116 97 32 112 111 100 97 116 97 107 97 32 50 48 50 54 46 10 75 111 109 112 114 101 115 105 106 97 32 105 32 122 97 115 116 105 116 97 32 112 111 100 97 116 97 107 97 32 50 48 50 54 46 10 75 111 109 112 114 101 115 105 106 97 32 105 32 122 97 115 116 105 116 97 32 112 ]: Kod 3007
BAJT [116 105 116 97 32 112 111 100 97 116 97 107 97 32 50 48 50 54 46 10 75 111 109 112 114 101 115 105 106 97 32 105 32 122 97 115 116 105 116 97 32 112 111 100 97 116 97 107 97 32 50 48 50 54 46 10 75 111 109 112 114 101 115 105 106 97 32 105 32 122 97 115 116 105 116 97 32 112 111 ]: Kod 3063
BAJT [116 105 116 97 32 112 111 100 97 116 97 107 97 32 50 48 50 54 46 10 75 111 109 112 114 101 115 105 106 97 32 105 32 122 97 115 116 105 116 97 32 112 111 100 97 116 97 107 97 32 50 48 50 54 46 10 75 111 109 112 114 101 115 105 106 97 32 105 32 122 97 115 116 105 116 97 32 112 111 100 ]: Kod 3084
BAJT [116 105 116 97 32 112 111 100 97 116 97 107 97 32 50 48 50 54 46 10 75 111 109 112 114 101 115 105 106 97 32 105 32 122 97 115 116 105 116 97 32 112 111 100 97 116 97 107 97 32 50 48 50 54 46 10 75 111 109 112 114 101 115 105 106 97 32 105 32 122 97 115 116 105 116 97 32 112 111 100 97 ]: Kod 3089
BAJT [116 105 116 97 32 112 111 100 97 116 97 107 97 32 50 48 50 54 46 10 75 111 109 112 114 101 115 105 106 97 32 105 32 122 97 115 116 105 116 97 32 112 111 100 97 116 97 107 97 32 50 48 50 54 46 10 75 111 109 112 114 101 115 105 106 97 32 105 32 122 97 115 116 105 116 97 32 112 111 100 97 116 ]: Kod 3170
BAJT [116 105 116 97 32 112 111 100 97 116 97 107 97 32 50 48 50 54 46 10 75 111 109 112 114 101 115 105 106 97 32 105 32 122 97 115 116 105 116 97 32 112 111 100 97 116 97 107 97 32 50 48 50 54 46 10 75 111 109 112 114 101 115 105 106 97 32 105 32 122 97 115 116 105 116 97 32 112 111 100 97 116 97 ]: Kod 3178
BAJT [116 105 116 97 32 112 111 100 97 116 97 107 97 32 50 48 50 54 46 10 75 111 109 112 114 101 115 105 106 97 32 105 32 122 97 115 116 105 116 97 32 112 111 100 97 116 97 107 97 32 50 48 50 54 46 10 75 111 109 112 114 101 115 105 106 97 32 105 32 122 97 115 116 105 116 97 32 112 111 100 97 116 97 107 ]: Kod 3226
BAJT [116 105 116 97 32 112 111 100 97 116 97 107 97 32 50 48 50 54 46 10 75 111 109 112 114 101 115 105 106 97 32 105 32 122 97 115 116 105 116 97 32 112 111 100 97 116 97 107 97 32 50 48 50 54 46 10 75 111 109 112 114 101 115 105 106 97 32 105 32 122 97 115 116 105 116 97 32 112 111 100 97 116 97 107 97 ]: Kod 3263
BAJT [116 105 116 97 32 112 111 100 97 116 97 107 97 32 50 48 50 54 46 10 75 111 109 112 114 101 115 105 106 97 32 105 32 122 97 115 116 105 116 97 32 112 111 100 97 116 97 107 97 32 50 48 50 54 46 10 75 111 109 112 114 101 115 105 106 97 32 105 32 122 97 115 116 105 116 97 32 112 111 100 97 116 97 107 97 32 ]: Kod 3303
BAJT [116 105 116 97 32 112 111 100 97 116 97 107 97 32 50 48 50 54 46 10 75 111 109 112 114 101 115 105 106 97 32 105 32 122 97 115 116 105 116 97 32 112 111 100 97 116 97 107 97 32 50 48 50 54 46 10 75 111 109 112 114 101 115 105 106 97 32 105 32 122 97 115 116 105 116 97 32 112 111 100 97 116 97 107 97 32 50 ]: Kod 3345
BAJT [116 105 116 97 32 112 111 100 97 116 97 107 97 32 50 48 50 54 46 10 75 111 109 112 114 101 115 105 106 97 32 105 32 122 97 115 116 105 116 97 32 112 111 100 97 116 97 107 97 32 50 48 50 54 46 10 75 111 109 112 114 101 115 105 106 97 32 105 32 122 97 115 116 105 116 97 32 112 111 100 97 116 97 107 97 32 50 48 ]: Kod 3362
BAJT [116 105 116 97 32 112 111 100 97 116 97 107 97 32 50 48 50 54 46 10 75 111 109 112 114 101 115 105 106 97 32 105 32 122 97 115 116 105 116 97 32 112 111 100 97 116 97 107 97 32 50 48 50 54 46 10 75 111 109 112 114 101 115 105 106 97 32 105 32 122 97 115 116 105 116 97 32 112 111 100 97 116 97 107 97 32 50 48 50 ]: Kod 3386
BAJT [116 105 116 97 32 112 111 100 97 116 97 107 97 32 50 48 50 54 46 10 75 111 109 112 114 101 115 105 106 97 32 105 32 122 97 115 116 105 116 97 32 112 111 100 97 116 97 107 97 32 50 48 50 54 46 10 75 111 109 112 114 101 115 105 106 97 32 105 32 122 97 115 116 105 116 97 32 112 111 100 97 116 97 107 97 32 50 48 50 54 ]: Kod 3443
BAJT [116 105 116 97 32 112 111 100 97 116 97 107 97 32 50 48 50 54 46 10 75 111 109 112 114 101 115 105 106 97 32 105 32 122 97 115 116 105 116 97 32 112 111 100 97 116 97 107 97 32 50 48 50 54 46 10 75 111 109 112 114 101 115 105 106 97 32 105 32 122 97 115 116 105 116 97 32 112 111 100 97 116 97 107 97 32 50 48 50 54 46 ]: Kod 3507
BAJT [116 105 116 97 32 112 111 100 97 116 97 107 97 32 50 48 50 54 46 10 75 111 109 112 114 101 115 105 106 97 32 105 32 122 97 115 116 105 116 97 32 112 111 100 97 116 97 107 97 32 50 48 50 54 46 10 75 111 109 112 114 101 115 105 106 97 32 105 32 122 97 115 116 105 116 97 32 112 111 100 97 116 97 107 97 32 50 48 50 54 46 10 ]: Kod 3526
BAJT [116 105 116 97 32 112 111 100 97 116 97 107 97 32 50 48 50 54 46 10 75 111 109 112 114 101 115 105 106 97 32 105 32 122 97 115 116 105 116 97 32 112 111 100 97 116 97 107 97 32 50 48 50 54 46 10 75 111 109 112 114 101 115 105 106 97 32 105 32 122 97 115 116 105 116 97 32 112 111 100 97 116 97 107 97 32 50 48 50 54 46 10 75 ]: Kod 3564
BAJT [116 105 116 97 32 112 111 100 97 116 97 107 97 32 50 48 50 54 46 10 75 111 109 112 114 101 115 105 106 97 32 105 32 122 97 115 116 105 116 97 32 112 111 100 97 116 97 107 97 32 50 48 50 54 46 10 75 111 109 112 114 101 115 105 106 97 32 105 32 122 97 115 116 105 116 97 32 112 111 100 97 116 97 107 97 32 50 48 50 54 46 10 75 111 ]: Kod 3600
BAJT [116 105 116 97 32 112 111 100 97 116 97 107 97 32 50 48 50 54 46 10 75 111 109 112 114 101 115 105 106 97 32 105 32 122 97 115 116 105 116 97 32 112 111 100 97 116 97 107 97 32 50 48 50 54 46 10 75 111 109 112 114 101 115 105 106 97 32 105 32 122 97 115 116 105 116 97 32 112 111 100 97 116 97 107 97 32 50 48 50 54 46 10 75 111 109 ]: Kod 3605
BAJT [116 105 116 97 32 112 111 100 97 116 97 107 97 32 50 48 50 54 46 10 75 111 109 112 114 101 115 105 106 97 32 105 32 122 97 115 116 105 116 97 32 112 111 100 97 116 97 107 97 32 50 48 50 54 46 10 75 111 109 112 114 101 115 105 106 97 32 105 32 122 97 115 116 105 116 97 32 112 111 100 97 116 97 107 97 32 50 48 50 54 46 10 75 111 109 112 ]: Kod 3658
BAJT [116 105 116 97 32 112 111 100 97 116 97 107 97 32 50 48 50 54 46 10 75 111 109 112 114 101 115 105 106 97 32 105 32 122 97 115 116 105 116 97 32 112 111 100 97 116 97 107 97 32 50 48 50 54 46 10 75 111 109 112 114 101 115 105 106 97 32 105 32 122 97 115 116 105 116 97 32 112 111 100 97 116 97 107 97 32 50 48 50 54 46 10 75 111 109 112 114 ]: Kod 3693
BAJT [116 105 116 97 32 112 111 100 97 116 97 107 97 32 50 48 50 54 46 10 75 111 109 112 114 101 115 105 106 97 32 105 32 122 97 115 116 105 116 97 32 112 111 100 97 116 97 107 97 32 50 48 50 54 46 10 75 111 109 112 114 101 115 105 106 97 32 105 32 122 97 115 116 105 116 97 32 112 111 100 97 116 97 107 97 32 50 48 50 54 46 10 75 111 109 112 114 101 ]: Kod 3737
BAJT [116 105 116 97 32 112 111 100 97 116 97 107 97 32 50 48 50 54 46 10 75 111 109 112 114 101 115 105 106 97 32 105 32 122 97 115 116 105 116 97 32 112 111 100 97 116 97 107 97 32 50 48 50 54 46 10 75 111 109 112 114 101 115 105 106 97 32 105 32 122 97 115 116 105 116 97 32 112 111 100 97 116 97 107 97 32 50 48 50 54 46 10 75 111 109 112 114 101 115 ]: Kod 3772
BAJT [116 105 116 97 32 112 111 100 97 116 97 107 97 32 50 48 50 54 46 10 75 111 109 112 114 101 115 105 106 97 32 105 32 122 97 115 116 105 116 97 32 112 111 100 97 116 97 107 97 32 50 48 50 54 46 10 75 111 109 112 114 101 115 105 106 97 32 105 32 122 97 115 116 105 116 97 32 112 111 100 97 116 97 107 97 32 50 48 50 54 46 10 75 111 109 112 114 101 115 105 ]: Kod 3816
BAJT [116 105 116 97 32 112 111 100 97 116 97 107 97 32 50 48 50 54 46 10 75 111 109 112 114 101 115 105 106 97 32 105 32 122 97 115 116 105 116 97 32 112 111 100 97 116 97 107 97 32 50 48 50 54 46 10 75 111 109 112 114 101 115 105 106 97 32 105 32 122 97 115 116 105 116 97 32 112 111 100 97 116 97 107 97 32 50 48 50 54 46 10 75 111 109 112 114 101 115 105 106 ]: Kod 3851
BAJT [116 105 116 97 32 112 111 100 97 116 97 107 97 32 50 48 50 54 46 10 75 111 109 112 114 101 115 105 106 97 32 105 32 122 97 115 116 105 116 97 32 112 111 100 97 116 97 107 97 32 50 48 50 54 46 10 75 111 109 112 114 101 115 105 106 97 32 105 32 122 97 115 116 105 116 97 32 112 111 100 97 116 97 107 97 32 50 48 50 54 46 10 75 111 109 112 114 101 115 105 106 97 ]: Kod 3861
BAJT [116 105 116 97 32 112 111 100 97 116 97 107 97 32 50 48 50 54 46 10 75 111 109 112 114 101 115 105 106 97 32 105 32 122 97 115 116 105 116 97 32 112 111 100 97 116 97 107 97 32 50 48 50 54 46 10 75 111 109 112 114 101 115 105 106 97 32 105 32 122 97 115 116 105 116 97 32 112 111 100 97 116 97 107 97 32 50 48 50 54 46 10 75 111 109 112 114 101 115 105 106 97 32 ]: Kod 3929
BAJT [116 105 116 97 32 112 111 100 97 116 97 107 97 32 50 48 50 54 46 10 75 111 109 112 114 101 115 105 106 97 32 105 32 122 97 115 116 105 116 97 32 112 111 100 97 116 97 107 97 32 50 48 50 54 46 10 75 111 109 112 114 101 115 105 106 97 32 105 32 122 97 115 116 105 116 97 32 112 111 100 97 116 97 107 97 32 50 48 50 54 46 10 75 111 109 112 114 101 115 105 106 97 32 105 ]: Kod 3936
BAJT [116 105 116 97 32 112 111 100 97 116 97 107 97 32 50 48 50 54 46 10 75 111 109 112 114 101 115 105 106 97 32 105 32 122 97 115 116 105 116 97 32 112 111 100 97 116 97 107 97 32 50 48 50 54 46 10 75 111 109 112 114 101 115 105 106 97 32 105 32 122 97 115 116 105 116 97 32 112 111 100 97 116 97 107 97 32 50 48 50 54 46 10 75 111 109 112 114 101 115 105 106 97 32 105 32 ]: Kod 3993
BAJT [116 105 116 97 32 112 111 100 97 116 97 107 97 32 50 48 50 54 46 10 75 111 109 112 114 101 115 105 106 97 32 105 32 122 97 115 116 105 116 97 32 112 111 100 97 116 97 107 97 32 50 48 50 54 46 10 75 111 109 112 114 101 115 105 106 97 32 105 32 122 97 115 116 105 116 97 32 112 111 100 97 116 97 107 97 32 50 48 50 54 46 10 75 111 109 112 114 101 115 105 106 97 32 105 32 122 ]: Kod 4028
BAJT [116 105 116 97 32 112 111 100 97 116 97 107 97 32 50 48 50 54 46 10 75 111 109 112 114 101 115 105 106 97 32 105 32 122 97 115 116 105 116 97 32 112 111 100 97 116 97 107 97 32 50 48 50 54 46 10 75 111 109 112 114 101 115 105 106 97 32 105 32 122 97 115 116 105 116 97 32 112 111 100 97 116 97 107 97 32 50 48 50 54 46 10 75 111 109 112 114 101 115 105 106 97 32 105 32 122 97 ]: Kod 4061
BAJT [116 105 116 97 32 112 111 100 97 116 97 107 97 32 50 48 50 54 46 10 75 111 109 112 114 101 115 105 106 97 32 105 32 122 97 115 116 105 116 97 32 112 111 100 97 116 97 107 97 32 50 48 50 54 46 10 75 111 109 112 114 101 115 105 106 97 32 105 32 122 97 115 116 105 116 97 32 112 111 100 97 116 97 107 97 32 50 48 50 54 46 10 75 111 109 112 114 101 115 105 106 97 32 105 32 122 97 115 ]: Kod 4086
BAJT [117 ]: Kod 117
BAJT [118 ]: Kod 118
BAJT [119 ]: Kod 119
BAJT [120 ]: Kod 120
BAJT [121 ]: Kod 121
BAJT [122 ]: Kod 122
BAJT [122 97 ]: Kod 269
BAJT [122 97 115 ]: Kod 313
BAJT [122 97 115 116 ]: Kod 341
BAJT [122 97 115 116 105 ]: Kod 382
BAJT [122 97 115 116 105 116 ]: Kod 435
BAJT [122 97 115 116 105 116 97 ]: Kod 441
BAJT [122 97 115 116 105 116 97 32 ]: Kod 481
BAJT [122 97 115 116 105 116 97 32 112 ]: Kod 538
BAJT [122 97 115 116 105 116 97 32 112 111 ]: Kod 566
BAJT [122 97 115 116 105 116 97 32 112 111 100 ]: Kod 600
BAJT [122 97 115 116 105 116 97 32 112 111 100 97 ]: Kod 637
BAJT [122 97 115 116 105 116 97 32 112 111 100 97 116 ]: Kod 653
BAJT [122 97 115 116 105 116 97 32 112 111 100 97 116 97 ]: Kod 659
BAJT [122 97 115 116 105 116 97 32 112 111 100 97 116 97 107 ]: Kod 727
BAJT [122 97 115 116 105 116 97 32 112 111 100 97 116 97 107 97 ]: Kod 777
BAJT [122 97 115 116 105 116 97 32 112 111 100 97 116 97 107 97 32 ]: Kod 814
BAJT [122 97 115 116 105 116 97 32 112 111 100 97 116 97 107 97 32 50 ]: Kod 834
BAJT [122 97 115 116 105 116 97 32 112 111 100 97 116 97 107 97 32 50 48 ]: Kod 905
BAJT [122 97 115 116 105 116 97 32 112 111 100 97 116 97 107 97 32 50 48 50 ]: Kod 907
BAJT [122 97 115 116 105 116 97 32 112 111 100 97 116 97 107 97 32 50 48 50 54 ]: Kod 952
BAJT [122 97 115 116 105 116 97 32 112 111 100 97 116 97 107 97 32 50 48 50 54 46 ]: Kod 1001
BAJT [122 97 115 116 105 116 97 32 112 111 100 97 116 97 107 97 32 50 48 50 54 46 10 ]: Kod 1039
BAJT [122 97 115 116 105 116 97 32 112 111 100 97 116 97 107 97 32 50 48 50 54 46 10 75 ]: Kod 1055
BAJT [122 97 115 116 105 116 97 32 112 111 100 97 116 97 107 97 32 50 48 50 54 46 10 75 111 ]: Kod 1089
BAJT [122 97 115 116 105 116 97 32 112 111 100 97 116 97 107 97 32 50 48 50 54 46 10 75 111 109 ]: Kod 1142
BAJT [122 97 115 116 105 116 97 32 112 111 100 97 116 97 107 97 32 50 48 50 54 46 10 75 111 109 112 ]: Kod 1166
BAJT [122 97 115 116 105 116 97 32 112 111 100 97 116 97 107 97 32 50 48 50 54 46 10 75 111 109 112 114 ]: Kod 1204
BAJT [122 97 115 116 105 116 97 32 112 111 100 97 116 97 107 97 32 50 48 50 54 46 10 75 111 109 112 114 101 ]: Kod 1208
BAJT [122 97 115 116 105 116 97 32 112 111 100 97 116 97 107 97 32 50 48 50 54 46 10 75 111 109 112 114 101 115 ]: Kod 1280
BAJT [122 97 115 116 105 116 97 32 112 111 100 97 116 97 107 97 32 50 48 50 54 46 10 75 111 109 112 114 101 115 105 ]: Kod 1307
BAJT [122 97 115 116 105 116 97 32 112 111 100 97 116 97 107 97 32 50 48 50 54 46 10 75 111 109 112 114 101 115 105 106 ]: Kod 1368
BAJT [122 97 115 116 105 116 97 32 112 111 100 97 116 97 107 97 32 50 48 50 54 46 10 75 111 109 112 114 101 115 105 106 97 ]: Kod 1384
BAJT [122 97 115 116 105 116 97 32 112 111 100 97 116 97 107 97 32 50 48 50 54 46 10 75 111 109 112 114 101 115 105 106 97 32 ]: Kod 1437
BAJT [122 97 115 116 105 116 97 32 112 111 100 97 116 97 107 97 32 50 48 50 54 46 10 75 111 109 112 114 101 115 105 106 97 32 105 ]: Kod 1453
BAJT [122 97 115 116 105 116 97 32 112 111 100 97 116 97 107 97 32 50 48 50 54 46 10 75 111 109 112 114 101 115 105 106 97 32 105 32 ]: Kod 1497
BAJT [122 97 115 116 105 116 97 32 112 111 100 97 116 97 107 97 32 50 48 50 54 46 10 75 111 109 112 114 101 115 105 106 97 32 105 32 122 ]: Kod 1536
BAJT [122 97 115 116 105 116 97 32 112 111 100 97 116 97 107 97 32 50 48 50 54 46 10 75 111 109 112 114 101 115 105 106 97 32 105 32 122 97 ]: Kod 1537
BAJT [122 97 115 116 105 116 97 32 112 111 100 97 116 97 107 97 32 50 48 50 54 46 10 75 111 109 112 114 101 115 105 106 97 32 105 32 122 97 115 ]: Kod 1607
BAJT [122 97 115 116 105 116 97 32 112 111 100 97 116 97 107 97 32 50 48 50 54 46 10 75 111 109 112 114 101 115 105 106 97 32 105 32 122 97 115 116 ]: Kod 1637
BAJT [122 97 115 116 105 116 97 32 112 111 100 97 116 97 107 97 32 50 48 50 54 46 10 75 111 109 112 114 101 115 105 106 97 32 105 32 122 97 115 116 105 ]: Kod 1678
BAJT [122 97 115 116 105 116 97 32 112 111 100 97 116 97 107 97 32 50 48 50 54 46 10 75 111 109 112 114 101 115 105 106 97 32 105 32 122 97 115 116 105 116 ]: Kod 1731
BAJT [122 97 115 116 105 116 97 32 112 111 100 97 116 97 107 97 32 50 48 50 54 46 10 75 111 109 112 114 101 115 105 106 97 32 105 32 122 97 115 116 105 116 97 ]: Kod 1737
BAJT [122 97 115 116 105 116 97 32 112 111 100 97 116 97 107 97 32 50 48 50 54 46 10 75 111 109 112 114 101 115 105 106 97 32 105 32 122 97 115 116 105 116 97 32 ]: Kod 1777
BAJT [122 97 115 116 105 116 97 32 112 111 100 97 116 97 107 97 32 50 48 50 54 46 10 75 111 109 112 114 101 115 105 106 97 32 105 32 122 97 115 116 105 116 97 32 112 ]: Kod 1834
BAJT [122 97 115 116 105 116 97 32 112 111 100 97 116 97 107 97 32 50 48 50 54 46 10 75 111 109 112 114 101 115 105 106 97 32 105 32 122 97 115 116 105 116 97 32 112 111 ]: Kod 1862
BAJT [122 97 115 116 105 116 97 32 112 111 100 97 116 97 107 97 32 50 48 50 54 46 10 75 111 109 112 114 101 115 105 106 97 32 105 32 122 97 115 116 105 116 97 32 112 111 100 ]: Kod 1896
BAJT [122 97 115 116 105 116 97 32 112 111 100 97 116 97 107 97 32 50 48 50 54 46 10 75 111 109 112 114 101 115 105 106 97 32 105 32 122 97 115 116 105 116 97 32 112 111 100 97 ]: Kod 1933
BAJT [122 97 115 116 105 116 97 32 112 111 100 97 116 97 107 97 32 50 48 50 54 46 10 75 111 109 112 114 101 115 105 106 97 32 105 32 122 97 115 116 105 116 97 32 112 111 100 97 116 ]: Kod 1949
BAJT [122 97 115 116 105 116 97 32 112 111 100 97 116 97 107 97 32 50 48 50 54 46 10 75 111 109 112 114 101 115 105 106 97 32 105 32 122 97 115 116 105 116 97 32 112 111 100 97 116 97 ]: Kod 1955
BAJT [122 97 115 116 105 116 97 32 112 111 100 97 116 97 107 97 32 50 48 50 54 46 10 75 111 109 112 114 101 115 105 106 97 32 105 32 122 97 115 116 105 116 97 32 112 111 100 97 116 97 107 ]: Kod 2023
BAJT [122 97 115 116 105 116 97 32 112 111 100 97 116 97 107 97 32 50 48 50 54 46 10 75 111 109 112 114 101 115 105 106 97 32 105 32 122 97 115 116 105 116 97 32 112 111 100 97 116 97 107 97 ]: Kod 2073
BAJT [122 97 115 116 105 116 97 32 112 111 100 97 116 97 107 97 32 50 48 50 54 46 10 75 111 109 112 114 101 115 105 106 97 32 105 32 122 97 115 116 105 116 97 32 112 111 100 97 116 97 107 97 32 ]: Kod 2110
BAJT [122 97 115 116 105 116 97 32 112 111 100 97 116 97 107 97 32 50 48 50 54 46 10 75 111 109 112 114 101 115 105 106 97 32 105 32 122 97 115 116 105 116 97 32 112 111 100 97 116 97 107 97 32 50 ]: Kod 2130
BAJT [122 97 115 116 105 116 97 32 112 111 100 97 116 97 107 97 32 50 48 50 54 46 10 75 111 109 112 114 101 115 105 106 97 32 105 32 122 97 115 116 105 116 97 32 112 111 100 97 116 97 107 97 32 50 48 ]: Kod 2201
BAJT [122 97 115 116 105 116 97 32 112 111 100 97 116 97 107 97 32 50 48 50 54 46 10 75 111 109 112 114 101 115 105 106 97 32 105 32 122 97 115 116 105 116 97 32 112 111 100 97 116 97 107 97 32 50 48 50 ]: Kod 2203
BAJT [122 97 115 116 105 116 97 32 112 111 100 97 116 97 107 97 32 50 48 50 54 46 10 75 111 109 112 114 101 115 105 106 97 32 105 32 122 97 115 116 105 116 97 32 112 111 100 97 116 97 107 97 32 50 48 50 54 ]: Kod 2248
BAJT [122 97 115 116 105 116 97 32 112 111 100 97 116 97 107 97 32 50 48 50 54 46 10 75 111 109 112 114 101 115 105 106 97 32 105 32 122 97 115 116 105 116 97 32 112 111 100 97 116 97 107 97 32 50 48 50 54 46 ]: Kod 2297
BAJT [122 97 115 116 105 116 97 32 112 111 100 97 116 97 107 97 32 50 48 50 54 46 10 75 111 109 112 114 101 115 105 106 97 32 105 32 122 97 115 116 105 116 97 32 112 111 100 97 116 97 107 97 32 50 48 50 54 46 10 ]: Kod 2335
BAJT [122 97 115 116 105 116 97 32 112 111 100 97 116 97 107 97 32 50 48 50 54 46 10 75 111 109 112 114 101 115 105 106 97 32 105 32 122 97 115 116 105 116 97 32 112 111 100 97 116 97 107 97 32 50 48 50 54 46 10 75 ]: Kod 2351
BAJT [122 97 115 116 105 116 97 32 112 111 100 97 116 97 107 97 32 50 48 50 54 46 10 75 111 109 112 114 101 115 105 106 97 32 105 32 122 97 115 116 105 116 97 32 112 111 100 97 116 97 107 97 32 50 48 50 54 46 10 75 111 ]: Kod 2385
BAJT [122 97 115 116 105 116 97 32 112 111 100 97 116 97 107 97 32 50 48 50 54 46 10 75 111 109 112 114 101 115 105 106 97 32 105 32 122 97 115 116 105 116 97 32 112 111 100 97 116 97 107 97 32 50 48 50 54 46 10 75 111 109 ]: Kod 2438
BAJT [122 97 115 116 105 116 97 32 112 111 100 97 116 97 107 97 32 50 48 50 54 46 10 75 111 109 112 114 101 115 105 106 97 32 105 32 122 97 115 116 105 116 97 32 112 111 100 97 116 97 107 97 32 50 48 50 54 46 10 75 111 109 112 ]: Kod 2462
BAJT [122 97 115 116 105 116 97 32 112 111 100 97 116 97 107 97 32 50 48 50 54 46 10 75 111 109 112 114 101 115 105 106 97 32 105 32 122 97 115 116 105 116 97 32 112 111 100 97 116 97 107 97 32 50 48 50 54 46 10 75 111 109 112 114 ]: Kod 2500
BAJT [122 97 115 116 105 116 97 32 112 111 100 97 116 97 107 97 32 50 48 50 54 46 10 75 111 109 112 114 101 115 105 106 97 32 105 32 122 97 115 116 105 116 97 32 112 111 100 97 116 97 107 97 32 50 48 50 54 46 10 75 111 109 112 114 101 ]: Kod 2504
BAJT [122 97 115 116 105 116 97 32 112 111 100 97 116 97 107 97 32 50 48 50 54 46 10 75 111 109 112 114 101 115 105 106 97 32 105 32 122 97 115 116 105 116 97 32 112 111 100 97 116 97 107 97 32 50 48 50 54 46 10 75 111 109 112 114 101 115 ]: Kod 2576
BAJT [122 97 115 116 105 116 97 32 112 111 100 97 116 97 107 97 32 50 48 50 54 46 10 75 111 109 112 114 101 115 105 106 97 32 105 32 122 97 115 116 105 116 97 32 112 111 100 97 116 97 107 97 32 50 48 50 54 46 10 75 111 109 112 114 101 115 105 ]: Kod 2603
BAJT [122 97 115 116 105 116 97 32 112 111 100 97 116 97 107 97 32 50 48 50 54 46 10 75 111 109 112 114 101 115 105 106 97 32 105 32 122 97 115 116 105 116 97 32 112 111 100 97 116 97 107 97 32 50 48 50 54 46 10 75 111 109 112 114 101 115 105 106 ]: Kod 2664
BAJT [122 97 115 116 105 116 97 32 112 111 100 97 116 97 107 97 32 50 48 50 54 46 10 75 111 109 112 114 101 115 105 106 97 32 105 32 122 97 115 116 105 116 97 32 112 111 100 97 116 97 107 97 32 50 48 50 54 46 10 75 111 109 112 114 101 115 105 106 97 ]: Kod 2680
BAJT [122 97 115 116 105 116 97 32 112 111 100 97 116 97 107 97 32 50 48 50 54 46 10 75 111 109 112 114 101 115 105 106 97 32 105 32 122 97 115 116 105 116 97 32 112 111 100 97 116 97 107 97 32 50 48 50 54 46 10 75 111 109 112 114 101 115 105 106 97 32 ]: Kod 2733
BAJT [122 97 115 116 105 116 97 32 112 111 100 97 116 97 107 97 32 50 48 50 54 46 10 75 111 109 112 114 101 115 105 106 97 32 105 32 122 97 115 116 105 116 97 32 112 111 100 97 116 97 107 97 32 50 48 50 54 46 10 75 111 109 112 114 101 115 105 106 97 32 105 ]: Kod 2749
BAJT [122 97 115 116 105 116 97 32 112 111 100 97 116 97 107 97 32 50 48 50 54 46 10 75 111 109 112 114 101 115 105 106 97 32 105 32 122 97 115 116 105 116 97 32 112 111 100 97 116 97 107 97 32 50 48 50 54 46 10 75 111 109 112 114 101 115 105 106 97 32 105 32 ]: Kod 2793
BAJT [122 97 115 116 105 116 97 32 112 111 100 97 116 97 107 97 32 50 48 50 54 46 10 75 111 109 112 114 101 115 105 106 97 32 105 32 122 97 115 116 105 116 97 32 112 111 100 97 116 97 107 97 32 50 48 50 54 46 10 75 111 109 112 114 101 115 105 106 97 32 105 32 122 ]: Kod 2832
BAJT [122 97 115 116 105 116 97 32 112 111 100 97 116 97 107 97 32 50 48 50 54 46 10 75 111 109 112 114 101 115 105 106 97 32 105 32 122 97 115 116 105 116 97 32 112 111 100 97 116 97 107 97 32 50 48 50 54 46 10 75 111 109 112 114 101 115 105 106 97 32 105 32 122 97 ]: Kod 2833
BAJT [122 97 115 116 105 116 97 32 112 111 100 97 116 97 107 97 32 50 48 50 54 46 10 75 111 109 112 114 101 115 105 106 97 32 105 32 122 97 115 116 105 116 97 32 112 111 100 97 116 97 107 97 32 50 48 50 54 46 10 75 111 109 112 114 101 115 105 106 97 32 105 32 122 97 115 ]: Kod 2903
BAJT [122 97 115 116 105 116 97 32 112 111 100 97 116 97 107 97 32 50 48 50 54 46 10 75 111 109 112 114 101 115 105 106 97 32 105 32 122 97 115 116 105 116 97 32 112 111 100 97 116 97 107 97 32 50 48 50 54 46 10 75 111 109 112 114 101 115 105 106 97 32 105 32 122 97 115 116 ]: Kod 2933
BAJT [122 97 115 116 105 116 97 32 112 111 100 97 116 97 107 97 32 50 48 50 54 46 10 75 111 109 112 114 101 115 105 106 97 32 105 32 122 97 115 116 105 116 97 32 112 111 100 97 116 97 107 97 32 50 48 50 54 46 10 75 111 109 112 114 101 115 105 106 97 32 105 32 122 97 115 116 105 ]: Kod 2974
BAJT [122 97 115 116 105 116 97 32 112 111 100 97 116 97 107 97 32 50 48 50 54 46 10 75 111 109 112 114 101 115 105 106 97 32 105 32 122 97 115 116 105 116 97 32 112 111 100 97 116 97 107 97 32 50 48 50 54 46 10 75 111 109 112 114 101 115 105 106 97 32 105 32 122 97 115 116 105 116 ]: Kod 3027
BAJT [122 97 115 116 105 116 97 32 112 111 100 97 116 97 107 97 32 50 48 50 54 46 10 75 111 109 112 114 101 115 105 106 97 32 105 32 122 97 115 116 105 116 97 32 112 111 100 97 116 97 107 97 32 50 48 50 54 46 10 75 111 109 112 114 101 115 105 106 97 32 105 32 122 97 115 116 105 116 97 ]: Kod 3033
BAJT [122 97 115 116 105 116 97 32 112 111 100 97 116 97 107 97 32 50 48 50 54 46 10 75 111 109 112 114 101 115 105 106 97 32 105 32 122 97 115 116 105 116 97 32 112 111 100 97 116 97 107 97 32 50 48 50 54 46 10 75 111 109 112 114 101 115 105 106 97 32 105 32 122 97 115 116 105 116 97 32 ]: Kod 3073
BAJT [122 97 115 116 105 116 97 32 112 111 100 97 116 97 107 97 32 50 48 50 54 46 10 75 111 109 112 114 101 115 105 106 97 32 105 32 122 97 115 116 105 116 97 32 112 111 100 97 116 97 107 97 32 50 48 50 54 46 10 75 111 109 112 114 101 115 105 106 97 32 105 32 122 97 115 116 105 116 97 32 112 ]: Kod 3130
BAJT [122 97 115 116 105 116 97 32 112 111 100 97 116 97 107 97 32 50 48 50 54 46 10 75 111 109 112 114 101 115 105 106 97 32 105 32 122 97 115 116 105 116 97 32 112 111 100 97 116 97 107 97 32 50 48 50 54 46 10 75 111 109 112 114 101 115 105 106 97 32 105 32 122 97 115 116 105 116 97 32 112 111 ]: Kod 3158
BAJT [122 97 115 116 105 116 97 32 112 111 100 97 116 97 107 97 32 50 48 50 54 46 10 75 111 109 112 114 101 115 105 106 97 32 105 32 122 97 115 116 105 116 97 32 112 111 100 97 116 97 107 97 32 50 48 50 54 46 10 75 111 109 112 114 101 115 105 106 97 32 105 32 122 97 115 116 105 116 97 32 112 111 100 ]: Kod 3192
BAJT [122 97 115 116 105 116 97 32 112 111 100 97 116 97 107 97 32 50 48 50 54 46 10 75 111 109 112 114 101 115 105 106 97 32 105 32 122 97 115 116 105 116 97 32 112 111 100 97 116 97 107 97 32 50 48 50 54 46 10 75 111 109 112 114 101 115 105 106 97 32 105 32 122 97 115 116 105 116 97 32 112 111 100 97 ]: Kod 3229
BAJT [122 97 115 116 105 116 97 32 112 111 100 97 116 97 107 97 32 50 48 50 54 46 10 75 111 109 112 114 101 115 105 106 97 32 105 32 122 97 115 116 105 116 97 32 112 111 100 97 116 97 107 97 32 50 48 50 54 46 10 75 111 109 112 114 101 115 105 106 97 32 105 32 122 97 115 116 105 116 97 32 112 111 100 97 116 ]: Kod 3245
BAJT [122 97 115 116 105 116 97 32 112 111 100 97 116 97 107 97 32 50 48 50 54 46 10 75 111 109 112 114 101 115 105 106 97 32 105 32 122 97 115 116 105 116 97 32 112 111 100 97 116 97 107 97 32 50 48 50 54 46 10 75 111 109 112 114 101 115 105 106 97 32 105 32 122 97 115 116 105 116 97 32 112 111 100 97 116 97 ]: Kod 3251
BAJT [122 97 115 116 105 116 97 32 112 111 100 97 116 97 107 97 32 50 48 50 54 46 10 75 111 109 112 114 101 115 105 106 97 32 105 32 122 97 115 116 105 116 97 32 112 111 100 97 116 97 107 97 32 50 48 50 54 46 10 75 111 109 112 114 101 115 105 106 97 32 105 32 122 97 115 116 105 116 97 32 112 111 100 97 116 97 107 ]: Kod 3319
BAJT [122 97 115 116 105 116 97 32 112 111 100 97 116 97 107 97 32 50 48 50 54 46 10 75 111 109 112 114 101 115 105 106 97 32 105 32 122 97 115 116 105 116 97 32 112 111 100 97 116 97 107 97 32 50 48 50 54 46 10 75 111 109 112 114 101 115 105 106 97 32 105 32 122 97 115 116 105 116 97 32 112 111 100 97 116 97 107 97 ]: Kod 3369
BAJT [122 97 115 116 105 116 97 32 112 111 100 97 116 97 107 97 32 50 48 50 54 46 10 75 111 109 112 114 101 115 105 106 97 32 105 32 122 97 115 116 105 116 97 32 112 111 100 97 116 97 107 97 32 50 48 50 54 46 10 75 111 109 112 114 101 115 105 106 97 32 105 32 122 97 115 116 105 116 97 32 112 111 100 97 116 97 107 97 32 ]: Kod 3406
BAJT [122 97 115 116 105 116 97 32 112 111 100 97 116 97 107 97 32 50 48 50 54 46 10 75 111 109 112 114 101 115 105 106 97 32 105 32 122 97 115 116 105 116 97 32 112 111 100 97 116 97 107 97 32 50 48 50 54 46 10 75 111 109 112 114 101 115 105 106 97 32 105 32 122 97 115 116 105 116 97 32 112 111 100 97 116 97 107 97 32 50 ]: Kod 3426
BAJT [122 97 115 116 105 116 97 32 112 111 100 97 116 97 107 97 32 50 48 50 54 46 10 75 111 109 112 114 101 115 105 106 97 32 105 32 122 97 115 116 105 116 97 32 112 111 100 97 116 97 107 97 32 50 48 50 54 46 10 75 111 109 112 114 101 115 105 106 97 32 105 32 122 97 115 116 105 116 97 32 112 111 100 97 116 97 107 97 32 50 48 ]: Kod 3497
BAJT [122 97 115 116 105 116 97 32 112 111 100 97 116 97 107 97 32 50 48 50 54 46 10 75 111 109 112 114 101 115 105 106 97 32 105 32 122 97 115 116 105 116 97 32 112 111 100 97 116 97 107 97 32 50 48 50 54 46 10 75 111 109 112 114 101 115 105 106 97 32 105 32 122 97 115 116 105 116 97 32 112 111 100 97 116 97 107 97 32 50 48 50 ]: Kod 3499
BAJT [122 97 115 116 105 116 97 32 112 111 100 97 116 97 107 97 32 50 48 50 54 46 10 75 111 109 112 114 101 115 105 106 97 32 105 32 122 97 115 116 105 116 97 32 112 111 100 97 116 97 107 97 32 50 48 50 54 46 10 75 111 109 112 114 101 115 105 106 97 32 105 32 122 97 115 116 105 116 97 32 112 111 100 97 116 97 107 97 32 50 48 50 54 ]: Kod 3544
BAJT [122 97 115 116 105 116 97 32 112 111 100 97 116 97 107 97 32 50 48 50 54 46 10 75 111 109 112 114 101 115 105 106 97 32 105 32 122 97 115 116 105 116 97 32 112 111 100 97 116 97 107 97 32 50 48 50 54 46 10 75 111 109 112 114 101 115 105 106 97 32 105 32 122 97 115 116 105 116 97 32 112 111 100 97 116 97 107 97 32 50 48 50 54 46 ]: Kod 3593
BAJT [122 97 115 116 105 116 97 32 112 111 100 97 116 97 107 97 32 50 48 50 54 46 10 75 111 109 112 114 101 115 105 106 97 32 105 32 122 97 115 116 105 116 97 32 112 111 100 97 116 97 107 97 32 50 48 50 54 46 10 75 111 109 112 114 101 115 105 106 97 32 105 32 122 97 115 116 105 116 97 32 112 111 100 97 116 97 107 97 32 50 48 50 54 46 10 ]: Kod 3631
BAJT [122 97 115 116 105 116 97 32 112 111 100 97 116 97 107 97 32 50 48 50 54 46 10 75 111 109 112 114 101 115 105 106 97 32 105 32 122 97 115 116 105 116 97 32 112 111 100 97 116 97 107 97 32 50 48 50 54 46 10 75 111 109 112 114 101 115 105 106 97 32 105 32 122 97 115 116 105 116 97 32 112 111 100 97 116 97 107 97 32 50 48 50 54 46 10 75 ]: Kod 3647
BAJT [122 97 115 116 105 116 97 32 112 111 100 97 116 97 107 97 32 50 48 50 54 46 10 75 111 109 112 114 101 115 105 106 97 32 105 32 122 97 115 116 105 116 97 32 112 111 100 97 116 97 107 97 32 50 48 50 54 46 10 75 111 109 112 114 101 115 105 106 97 32 105 32 122 97 115 116 105 116 97 32 112 111 100 97 116 97 107 97 32 50 48 50 54 46 10 75 111 ]: Kod 3681
BAJT [122 97 115 116 105 116 97 32 112 111 100 97 116 97 107 97 32 50 48 50 54 46 10 75 111 109 112 114 101 115 105 106 97 32 105 32 122 97 115 116 105 116 97 32 112 111 100 97 116 97 107 97 32 50 48 50 54 46 10 75 111 109 112 114 101 115 105 106 97 32 105 32 122 97 115 116 105 116 97 32 112 111 100 97 116 97 107 97 32 50 48 50 54 46 10 75 111 109 ]: Kod 3734
BAJT [122 97 115 116 105 116 97 32 112 111 100 97 116 97 107 97 32 50 48 50 54 46 10 75 111 109 112 114 101 115 105 106 97 32 105 32 122 97 115 116 105 116 97 32 112 111 100 97 116 97 107 97 32 50 48 50 54 46 10 75 111 109 112 114 101 115 105 106 97 32 105 32 122 97 115 116 105 116 97 32 112 111 100 97 116 97 107 97 32 50 48 50 54 46 10 75 111 109 112 ]: Kod 3758
BAJT [122 97 115 116 105 116 97 32 112 111 100 97 116 97 107 97 32 50 48 50 54 46 10 75 111 109 112 114 101 115 105 106 97 32 105 32 122 97 115 116 105 116 97 32 112 111 100 97 116 97 107 97 32 50 48 50 54 46 10 75 111 109 112 114 101 115 105 106 97 32 105 32 122 97 115 116 105 116 97 32 112 111 100 97 116 97 107 97 32 50 48 50 54 46 10 75 111 109 112 114 ]: Kod 3796
BAJT [122 97 115 116 105 116 97 32 112 111 100 97 116 97 107 97 32 50 48 50 54 46 10 75 111 109 112 114 101 115 105 106 97 32 105 32 122 97 115 116 105 116 97 32 112 111 100 97 116 97 107 97 32 50 48 50 54 46 10 75 111 109 112 114 101 115 105 106 97 32 105 32 122 97 115 116 105 116 97 32 112 111 100 97 116 97 107 97 32 50 48 50 54 46 10 75 111 109 112 114 101 ]: Kod 3800
BAJT [122 97 115 116 105 116 97 32 112 111 100 97 116 97 107 97 32 50 48 50 54 46 10 75 111 109 112 114 101 115 105 106 97 32 105 32 122 97 115 116 105 116 97 32 112 111 100 97 116 97 107 97 32 50 48 50 54 46 10 75 111 109 112 114 101 115 105 106 97 32 105 32 122 97 115 116 105 116 97 32 112 111 100 97 116 97 107 97 32 50 48 50 54 46 10 75 111 109 112 114 101 115 ]: Kod 3872
BAJT [122 97 115 116 105 116 97 32 112 111 100 97 116 97 107 97 32 50 48 50 54 46 10 75 111 109 112 114 101 115 105 106 97 32 105 32 122 97 115 116 105 116 97 32 112 111 100 97 116 97 107 97 32 50 48 50 54 46 10 75 111 109 112 114 101 115 105 106 97 32 105 32 122 97 115 116 105 116 97 32 112 111 100 97 116 97 107 97 32 50 48 50 54 46 10 75 111 109 112 114 101 115 105 ]: Kod 3899
BAJT [122 97 115 116 105 116 97 32 112 111 100 97 116 97 107 97 32 50 48 50 54 46 10 75 111 109 112 114 101 115 105 106 97 32 105 32 122 97 115 116 105 116 97 32 112 111 100 97 116 97 107 97 32 50 48 50 54 46 10 75 111 109 112 114 101 115 105 106 97 32 105 32 122 97 115 116 105 116 97 32 112 111 100 97 116 97 107 97 32 50 48 50 54 46 10 75 111 109 112 114 101 115 105 106 ]: Kod 3960
BAJT [122 97 115 116 105 116 97 32 112 111 100 97 116 97 107 97 32 50 48 50 54 46 10 75 111 109 112 114 101 115 105 106 97 32 105 32 122 97 115 116 105 116 97 32 112 111 100 97 116 97 107 97 32 50 48 50 54 46 10 75 111 109 112 114 101 115 105 106 97 32 105 32 122 97 115 116 105 116 97 32 112 111 100 97 116 97 107 97 32 50 48 50 54 46 10 75 111 109 112 114 101 115 105 106 97 ]: Kod 3976
BAJT [122 97 115 116 105 116 97 32 112 111 100 97 116 97 107 97 32 50 48 50 54 46 10 75 111 109 112 114 101 115 105 106 97 32 105 32 122 97 115 116 105 116 97 32 112 111 100 97 116 97 107 97 32 50 48 50 54 46 10 75 111 109 112 114 101 115 105 106 97 32 105 32 122 97 115 116 105 116 97 32 112 111 100 97 116 97 107 97 32 50 48 50 54 46 10 75 111 109 112 114 101 115 105 106 97 32 ]: Kod 4029
BAJT [122 97 115 116 105 116 97 32 112 111 100 97 116 97 107 97 32 50 48 50 54 46 10 75 111 109 112 114 101 115 105 106 97 32 105 32 122 97 115 116 105 116 97 32 112 111 100 97 116 97 107 97 32 50 48 50 54 46 10 75 111 109 112 114 101 115 105 106 97 32 105 32 122 97 115 116 105 116 97 32 112 111 100 97 116 97 107 97 32 50 48 50 54 46 10 75 111 109 112 114 101 115 105 106 97 32 105 ]: Kod 4045
BAJT [122 97 115 116 105 116 97 32 112 111 100 97 116 97 107 97 32 50 48 50 54 46 10 75 111 109 112 114 101 115 105 106 97 32 105 32 122 97 115 116 105 116 97 32 112 111 100 97 116 97 107 97 32 50 48 50 54 46 10 75 111 109 112 114 101 115 105 106 97 32 105 32 122 97 115 116 105 116 97 32 112 111 100 97 116 97 107 97 32 50 48 50 54 46 10 75 111 109 112 114 101 115 105 106 97 32 105 32 ]: Kod 4089
BAJT [123 ]: Kod 123
BAJT [124 ]: Kod 124
BAJT [125 ]: Kod 125
BAJT [126 ]: Kod 126
BAJT [127 ]: Kod 127
BAJT [128 ]: Kod 128
BAJT [129 ]: Kod 129
BAJT [130 ]: Kod 130
BAJT [131 ]: Kod 131
BAJT [132 ]: Kod 132
BAJT [133 ]: Kod 133
BAJT [134 ]: Kod 134
BAJT [135 ]: Kod 135
BAJT [136 ]: Kod 136
BAJT [137 ]: Kod 137
BAJT [138 ]: Kod 138
BAJT [139 ]: Kod 139
BAJT [140 ]: Kod 140
BAJT [141 ]: Kod 141
BAJT [142 ]: Kod 142
BAJT [143 ]: Kod 143
BAJT [144 ]: Kod 144
BAJT [145 ]: Kod 145
BAJT [146 ]: Kod 146
BAJT [147 ]: Kod 147
BAJT [148 ]: Kod 148
BAJT [149 ]: Kod 149
BAJT [150 ]: Kod 150
BAJT [151 ]: Kod 151
BAJT [152 ]: Kod 152
BAJT [153 ]: Kod 153
BAJT [154 ]: Kod 154
BAJT [155 ]: Kod 155
BAJT [156 ]: Kod 156
BAJT [157 ]: Kod 157
BAJT [158 ]: Kod 158
BAJT [159 ]: Kod 159
BAJT [160 ]: Kod 160
BAJT [161 ]: Kod 161
BAJT [162 ]: Kod 162
BAJT [163 ]: Kod 163
BAJT [164 ]: Kod 164
BAJT [165 ]: Kod 165
BAJT [166 ]: Kod 166
BAJT [167 ]: Kod 167
BAJT [168 ]: Kod 168
BAJT [169 ]: Kod 169
BAJT [170 ]: Kod 170
BAJT [171 ]: Kod 171
BAJT [172 ]: Kod 172
BAJT [173 ]: Kod 173
BAJT [174 ]: Kod 174
BAJT [175 ]: Kod 175
BAJT [176 ]: Kod 176
BAJT [177 ]: Kod 177
BAJT [178 ]: Kod 178
BAJT [179 ]: Kod 179
BAJT [180 ]: Kod 180
BAJT [181 ]: Kod 181
BAJT [182 ]: Kod 182
BAJT [183 ]: Kod 183
BAJT [184 ]: Kod 184
BAJT [185 ]: Kod 185
BAJT [186 ]: Kod 186
BAJT [187 ]: Kod 187
BAJT [188 ]: Kod 188
BAJT [189 ]: Kod 189
BAJT [190 ]: Kod 190
BAJT [191 ]: Kod 191
BAJT [192 ]: Kod 192
BAJT [193 ]: Kod 193
BAJT [194 ]: Kod 194
BAJT [195 ]: Kod 195
BAJT [196 ]: Kod 196
BAJT [197 ]: Kod 197
BAJT [198 ]: Kod 198
BAJT [199 ]: Kod 199
BAJT [200 ]: Kod 200
BAJT [201 ]: Kod 201
BAJT [202 ]: Kod 202
BAJT [203 ]: Kod 203
BAJT [204 ]: Kod 204
BAJT [205 ]: Kod 205
BAJT [206 ]: Kod 206
BAJT [207 ]: Kod 207
BAJT [208 ]: Kod 208
BAJT [209 ]: Kod 209
BAJT [210 ]: Kod 210
BAJT [211 ]: Kod 211
BAJT [212 ]: Kod 212
BAJT [213 ]: Kod 213
BAJT [214 ]: Kod 214
BAJT [215 ]: Kod 215
BAJT [216 ]: Kod 216
BAJT [217 ]: Kod 217
BAJT [218 ]: Kod 218
BAJT [219 ]: Kod 219
BAJT [220 ]: Kod 220
BAJT [221 ]: Kod 221
BAJT [222 ]: Kod 222
BAJT [223 ]: Kod 223
BAJT [224 ]: Kod 224
BAJT [225 ]: Kod 225
BAJT [226 ]: Kod 226
BAJT [227 ]: Kod 227
BAJT [228 ]: Kod 228
BAJT [229 ]: Kod 229
BAJT [230 ]: Kod 230
BAJT [231 ]: Kod 231
BAJT [232 ]: Kod 232
BAJT [233 ]: Kod 233
BAJT [234 ]: Kod 234
BAJT [235 ]: Kod 235
BAJT [236 ]: Kod 236
BAJT [237 ]: Kod 237
BAJT [238 ]: Kod 238
BAJT [239 ]: Kod 239
BAJT [240 ]: Kod 240
BAJT [241 ]: Kod 241
BAJT [242 ]: Kod 242
BAJT [243 ]: Kod 243
BAJT [244 ]: Kod 244
BAJT [245 ]: Kod 245
BAJT [246 ]: Kod 246
BAJT [247 ]: Kod 247
BAJT [248 ]: Kod 248
BAJT [249 ]: Kod 249
BAJT [250 ]: Kod 250
BAJT [251 ]: Kod 251
BAJT [252 ]: Kod 252
BAJT [253 ]: Kod 253
BAJT [254 ]: Kod 254
BAJT [255 ]: Kod 255
